seed,n_train,model,eval_set,mae_D,rmse_D,rmse_below_tail_D,r2,bias_D,n_eval,fit_seconds,details,features,cv_mae_D,track
0,100,mean,dev,1.1644375776,1.5356360244750706,1.4231499988579615,-0.018821867300355732,-0.20872309999999966,5000,0.0,"{""mean_D"": 2.4943820000000003}",—,,B
0,100,mean,dev_unseen,1.3278774338991155,1.7682561458177124,1.6553089444432312,-0.17027930927529877,-0.6744990662204157,4183,0.0,"{""mean_D"": 2.4943820000000003}",—,,B
0,100,ridge,dev,0.63719300352416,1.0118721370801895,0.8523247576878418,0.557642954127019,-0.1682791877281243,5000,6.6,"{""params"": {""regressor__model__alpha"": 31.622776601683793}, ""tuning"": ""5-fold CV"", ""tuning_mae_D"": 0.653558140616467}",all_legal,0.653558140616467,B
0,100,ridge,dev_unseen,0.8943873294345339,1.245367372873517,1.1246443319920882,0.41951080364887194,-0.3575780758287674,4183,6.6,"{""params"": {""regressor__model__alpha"": 31.622776601683793}, ""tuning"": ""5-fold CV"", ""tuning_mae_D"": 0.653558140616467}",all_legal,0.653558140616467,B
0,100,rbf_krr,dev,0.6330524533624492,1.0093191058572089,0.8480703608062723,0.5598723398138667,-0.15780861059691526,5000,7.8,"{""params"": {""regressor__model__alpha"": 0.01, ""regressor__model__gamma"": 0.00016820625851959463}, ""tuning"": ""5-fold CV"", ""tuning_mae_D"": 0.649671566586587}",all_legal,0.649671566586587,B
0,100,rbf_krr,dev_unseen,0.8892602222877751,1.2497919444522034,1.1278696428639796,0.41537872403692755,-0.3461264695680619,4183,7.8,"{""params"": {""regressor__model__alpha"": 0.01, ""regressor__model__gamma"": 0.00016820625851959463}, ""tuning"": ""5-fold CV"", ""tuning_mae_D"": 0.649671566586587}",all_legal,0.649671566586587,B
0,100,rf,dev,0.6957960643943032,1.064070933063098,0.9215590801607316,0.510826598921462,-0.25442351116342704,5000,18.0,"{""params"": {""regressor__model__max_features"": 0.5, ""regressor__model__min_samples_leaf"": 1}, ""tuning"": ""5-fold CV"", ""tuning_mae_D"": 0.6725302602859518}",all_legal,0.6725302602859518,B
0,100,rf,dev_unseen,0.9516895206846612,1.3099896237635302,1.1934278588331309,0.3577044905993919,-0.4755958961876546,4183,18.0,"{""params"": {""regressor__model__max_features"": 0.5, ""regressor__model__min_samples_leaf"": 1}, ""tuning"": ""5-fold CV"", ""tuning_mae_D"": 0.6725302602859518}",all_legal,0.6725302602859518,B
0,100,xgb,dev,0.6667747206072713,1.0392675117391605,0.8895125599846273,0.5333660027589758,-0.25601016318211556,5000,17.8,"{""params"": {""regressor__model__learning_rate"": 0.03, ""regressor__model__max_depth"": 3, ""regressor__model__min_child_weight"": 5}, ""tuning"": ""5-fold CV"", ""tuning_mae_D"": 0.6347318783407211}",all_legal,0.6347318783407211,B
0,100,xgb,dev_unseen,0.9581103713496804,1.2988308300808238,1.1825710129634655,0.3686003279841812,-0.5022313485992546,4183,17.8,"{""params"": {""regressor__model__learning_rate"": 0.03, ""regressor__model__max_depth"": 3, ""regressor__model__min_child_weight"": 5}, ""tuning"": ""5-fold CV"", ""tuning_mae_D"": 0.6347318783407211}",all_legal,0.6347318783407211,B
0,100,ridge,dev,0.6914899872050627,1.0684031641683005,0.9097733704898351,0.5068352742622599,-0.21364347808486545,5000,8.2,"{""params"": {""regressor__model__alpha"": 31.622776601683793}, ""tuning"": ""5-fold CV"", ""tuning_mae_D"": 0.7065884204195363}",pls10,0.7065884204195363,B
0,100,ridge,dev_unseen,0.8917328657685313,1.2697780977794815,1.1438424370845328,0.3965311774668643,-0.3625787152051225,4183,8.2,"{""params"": {""regressor__model__alpha"": 31.622776601683793}, ""tuning"": ""5-fold CV"", ""tuning_mae_D"": 0.7065884204195363}",pls10,0.7065884204195363,B
0,100,rbf_krr,dev,0.6806270850800956,1.0565021512574397,0.8983587850774372,0.5177608714266088,-0.16861243740075144,5000,8.9,"{""params"": {""regressor__model__alpha"": 0.1, ""regressor__model__gamma"": 0.003162277660168379}, ""tuning"": ""5-fold CV"", ""tuning_mae_D"": 0.7068518613104026}",pls10,0.7068518613104026,B
0,100,rbf_krr,dev_unseen,0.8765730424639407,1.2519391623162155,1.129446027490589,0.41336816923783803,-0.2817494359127437,4183,8.9,"{""params"": {""regressor__model__alpha"": 0.1, ""regressor__model__gamma"": 0.003162277660168379}, ""tuning"": ""5-fold CV"", ""tuning_mae_D"": 0.7068518613104026}",pls10,0.7068518613104026,B
0,100,rf,dev,0.7546775330286123,1.1514713069557747,1.0023690313560727,0.42716715002214145,-0.26704301565317345,5000,16.8,"{""params"": {""regressor__model__max_features"": 0.5, ""regressor__model__min_samples_leaf"": 1}, ""tuning"": ""5-fold CV"", ""tuning_mae_D"": 0.756311756406987}",pls10,0.756311756406987,B
0,100,rf,dev_unseen,1.0868997391725161,1.4987706049659422,1.3801577960909521,0.1592449049273582,-0.6928011502114639,4183,16.8,"{""params"": {""regressor__model__max_features"": 0.5, ""regressor__model__min_samples_leaf"": 1}, ""tuning"": ""5-fold CV"", ""tuning_mae_D"": 0.756311756406987}",pls10,0.756311756406987,B
0,100,xgb,dev,0.7234178439200115,1.1224075283666288,0.9680932095658574,0.45571944818636534,-0.24575491089234353,5000,9.6,"{""params"": {""regressor__model__learning_rate"": 0.1, ""regressor__model__max_depth"": 5, ""regressor__model__min_child_weight"": 1}, ""tuning"": ""5-fold CV"", ""tuning_mae_D"": 0.7557044159598351}",pls10,0.7557044159598351,B
0,100,xgb,dev_unseen,1.0130041371585137,1.401463656531518,1.2813836228980326,0.26487218730154183,-0.501812551175354,4183,9.6,"{""params"": {""regressor__model__learning_rate"": 0.1, ""regressor__model__max_depth"": 5, ""regressor__model__min_child_weight"": 1}, ""tuning"": ""5-fold CV"", ""tuning_mae_D"": 0.7557044159598351}",pls10,0.7557044159598351,B
0,100,ridge,dev,1.0977504502067201,1.485018429387593,1.3709522553523068,0.047235951449205116,-0.3989811320839099,5000,0.5,"{""params"": {""regressor__model__alpha"": 100.0}, ""tuning"": ""5-fold CV"", ""tuning_mae_D"": 1.0401792131925574}",composition,1.0401792131925574,B
0,100,ridge,dev_unseen,1.2748489462416197,1.6884872715133354,1.5775038008624442,-0.06707453647039952,-0.6566663262572785,4183,0.5,"{""params"": {""regressor__model__alpha"": 100.0}, ""tuning"": ""5-fold CV"", ""tuning_mae_D"": 1.0401792131925574}",composition,1.0401792131925574,B
0,100,rbf_krr,dev,1.036914852906014,1.429621834876862,1.3059486197303944,0.11699325778071656,-0.34602130107618395,5000,1.5,"{""params"": {""regressor__model__alpha"": 1.0, ""regressor__model__gamma"": 0.06324555320336758}, ""tuning"": ""5-fold CV"", ""tuning_mae_D"": 1.0020841911440421}",composition,1.0020841911440421,B
0,100,rbf_krr,dev_unseen,1.224941547816744,1.640602308694266,1.5239291204555494,-0.007408964220422032,-0.487034489624302,4183,1.5,"{""params"": {""regressor__model__alpha"": 1.0, ""regressor__model__gamma"": 0.06324555320336758}, ""tuning"": ""5-fold CV"", ""tuning_mae_D"": 1.0020841911440421}",composition,1.0020841911440421,B
0,100,rf,dev,1.0432088445364691,1.4365793563698106,1.3169247388930732,0.10837770984309703,-0.32554222504081665,5000,6.1,"{""params"": {""regressor__model__max_features"": 0.5, ""regressor__model__min_samples_leaf"": 3}, ""tuning"": ""5-fold CV"", ""tuning_mae_D"": 1.0196173105986837}",composition,1.0196173105986837,B
0,100,rf,dev_unseen,1.2222146450351066,1.6214488552514965,1.5072020769272925,0.01597601741259491,-0.4262177323299866,4183,6.1,"{""params"": {""regressor__model__max_features"": 0.5, ""regressor__model__min_samples_leaf"": 3}, ""tuning"": ""5-fold CV"", ""tuning_mae_D"": 1.0196173105986837}",composition,1.0196173105986837,B
0,100,xgb,dev,1.0848622376424217,1.4868458563332472,1.3736714390835432,0.04488961292287974,-0.261749953246212,5000,1.7,"{""params"": {""regressor__model__learning_rate"": 0.03, ""regressor__model__max_depth"": 3, ""regressor__model__min_child_weight"": 5}, ""tuning"": ""5-fold CV"", ""tuning_mae_D"": 1.1320016741380692}",composition,1.1320016741380692,B
0,100,xgb,dev_unseen,1.3274314724010912,1.739053266235327,1.6376712805074252,-0.13194400341703938,-0.11225063368591887,4183,1.7,"{""params"": {""regressor__model__learning_rate"": 0.03, ""regressor__model__max_depth"": 3, ""regressor__model__min_child_weight"": 5}, ""tuning"": ""5-fold CV"", ""tuning_mae_D"": 1.1320016741380692}",composition,1.1320016741380692,B
0,100,rbf_krr,dev,0.6784476823491431,1.060339821603043,0.920372837284107,0.5142511085273023,-0.11846846096625412,5000,10.7,"{""params"": {""regressor__model__alpha"": 0.01, ""regressor__model__gamma"": 0.0025}, ""tuning"": ""5-fold CV"", ""tuning_mae_D"": 0.6650822277512356}",pls4,0.6650822277512356,B
0,100,rbf_krr,dev_unseen,0.972440271682433,1.3405279759713784,1.2323792328787626,0.32740917603426234,-0.40582488011397017,4183,10.7,"{""params"": {""regressor__model__alpha"": 0.01, ""regressor__model__gamma"": 0.0025}, ""tuning"": ""5-fold CV"", ""tuning_mae_D"": 0.6650822277512356}",pls4,0.6650822277512356,B
0,100,rbf_krr,dev,0.6404411492599902,1.0184463450310717,0.8629528993296814,0.5518762286195016,-0.13423721742089775,5000,8.9,"{""params"": {""regressor__model__alpha"": 0.001, ""regressor__model__gamma"": 0.00016666666666666666}, ""tuning"": ""5-fold CV"", ""tuning_mae_D"": 0.6372075751597037}",pls6,0.6372075751597037,B
0,100,rbf_krr,dev_unseen,0.8806865781752714,1.2478915273766833,1.1257183415076113,0.4171553070211559,-0.3558347292739567,4183,8.9,"{""params"": {""regressor__model__alpha"": 0.001, ""regressor__model__gamma"": 0.00016666666666666666}, ""tuning"": ""5-fold CV"", ""tuning_mae_D"": 0.6372075751597037}",pls6,0.6372075751597037,B
0,100,rbf_krr,dev,0.6493771017795078,1.0216949399633928,0.8586253654062859,0.5490128585474401,-0.15546901016473638,5000,8.8,"{""params"": {""regressor__model__alpha"": 0.1, ""regressor__model__gamma"": 0.003952847075210474}, ""tuning"": ""5-fold CV"", ""tuning_mae_D"": 0.7016789678362088}",pls8,0.7016789678362088,B
0,100,rbf_krr,dev_unseen,0.8847696873435756,1.250186115870344,1.1223451051128477,0.41500989890920126,-0.3686357162480977,4183,8.8,"{""params"": {""regressor__model__alpha"": 0.1, ""regressor__model__gamma"": 0.003952847075210474}, ""tuning"": ""5-fold CV"", ""tuning_mae_D"": 0.7016789678362088}",pls8,0.7016789678362088,B
0,100,rbf_krr,dev,0.7082989060143056,1.091917936713988,0.9356629439597459,0.484887991231737,-0.15939311324208966,5000,8.5,"{""params"": {""regressor__model__alpha"": 0.1, ""regressor__model__gamma"": 0.002635231383473649}, ""tuning"": ""5-fold CV"", ""tuning_mae_D"": 0.7078856087313454}",pls12,0.7078856087313454,B
0,100,rbf_krr,dev_unseen,0.9088572356216942,1.278467200377202,1.1636070547661301,0.388243834140367,-0.2184943782636096,4183,8.5,"{""params"": {""regressor__model__alpha"": 0.1, ""regressor__model__gamma"": 0.002635231383473649}, ""tuning"": ""5-fold CV"", ""tuning_mae_D"": 0.7078856087313454}",pls12,0.7078856087313454,B
0,100,rbf_krr,dev,0.7719720810587469,1.1632974697609502,1.0182885713005247,0.4153401895989969,-0.09490703318908178,5000,8.5,"{""params"": {""regressor__model__alpha"": 0.0001, ""regressor__model__gamma"": 0.00625}, ""tuning"": ""5-fold CV"", ""tuning_mae_D"": 0.7412336383805719}",pls16,0.7412336383805719,B
0,100,rbf_krr,dev_unseen,1.0372782225823203,1.4230433052446638,1.316943510248184,0.24205898800548276,-0.06422550123286547,4183,8.5,"{""params"": {""regressor__model__alpha"": 0.0001, ""regressor__model__gamma"": 0.00625}, ""tuning"": ""5-fold CV"", ""tuning_mae_D"": 0.7412336383805719}",pls16,0.7412336383805719,B
0,300,mean,dev,1.1663387031999999,1.526707589654024,1.4152608800999327,-0.00700911964458073,-0.12737110000000026,5000,0.0,"{""mean_D"": 2.5757339999999997}",—,,B
0,300,mean,dev_unseen,1.3084881726033948,1.73885141661264,1.6256924077085444,-0.13168125216657622,-0.5931470662204162,4183,0.0,"{""mean_D"": 2.5757339999999997}",—,,B
0,300,ridge,dev,0.5649926550821974,0.8699223367425379,0.7833143278049395,0.6730490234110404,-0.044164040823265444,5000,9.5,"{""params"": {""regressor__model__alpha"": 10.0}, ""tuning"": ""5-fold CV"", ""tuning_mae_D"": 0.4817501372012587}",all_legal,0.4817501372012587,B
0,300,ridge,dev_unseen,0.8161731241937984,1.1569110069948938,1.0845681846704591,0.4990445793103958,-0.20655270022338895,4183,9.5,"{""params"": {""regressor__model__alpha"": 10.0}, ""tuning"": ""5-fold CV"", ""tuning_mae_D"": 0.4817501372012587}",all_legal,0.4817501372012587,B
0,300,rbf_krr,dev,0.5374000705258306,0.8494713969283222,0.7491294652479249,0.6882408601544646,-0.05632145295191241,5000,10.5,"{""params"": {""regressor__model__alpha"": 0.01, ""regressor__model__gamma"": 0.0005319148936170213}, ""tuning"": ""5-fold CV"", ""tuning_mae_D"": 0.4242833790354441}",all_legal,0.4242833790354441,B
0,300,rbf_krr,dev_unseen,0.7934071516731556,1.127003758280885,1.042704604999414,0.524610152186193,-0.1778011568247038,4183,10.5,"{""params"": {""regressor__model__alpha"": 0.01, ""regressor__model__gamma"": 0.0005319148936170213}, ""tuning"": ""5-fold CV"", ""tuning_mae_D"": 0.4242833790354441}",all_legal,0.4242833790354441,B
0,300,rf,dev,0.6049605314780266,0.9414131218599359,0.8159893006456401,0.6171028187254977,-0.15079543675015292,5000,34.2,"{""params"": {""regressor__model__max_features"": 0.5, ""regressor__model__min_samples_leaf"": 1}, ""tuning"": ""5-fold CV"", ""tuning_mae_D"": 0.5736153727229675}",all_legal,0.5736153727229675,B
0,300,rf,dev_unseen,0.8303218137947285,1.160002849219445,1.0677752212979978,0.49636339675499375,-0.2572843448610849,4183,34.2,"{""params"": {""regressor__model__max_features"": 0.5, ""regressor__model__min_samples_leaf"": 1}, ""tuning"": ""5-fold CV"", ""tuning_mae_D"": 0.5736153727229675}",all_legal,0.5736153727229675,B
0,300,xgb,dev,0.5635899291968394,0.9009350200189028,0.7750005504407346,0.6493219268167367,-0.11524152998635769,5000,47.4,"{""params"": {""regressor__model__learning_rate"": 0.03, ""regressor__model__max_depth"": 3, ""regressor__model__min_child_weight"": 1}, ""tuning"": ""5-fold CV"", ""tuning_mae_D"": 0.5413209970102312}",all_legal,0.5413209970102312,B
0,300,xgb,dev_unseen,0.8369315078075441,1.1721250021049956,1.0854093533695064,0.4857822853518792,-0.16371771660843962,4183,47.4,"{""params"": {""regressor__model__learning_rate"": 0.03, ""regressor__model__max_depth"": 3, ""regressor__model__min_child_weight"": 1}, ""tuning"": ""5-fold CV"", ""tuning_mae_D"": 0.5413209970102312}",all_legal,0.5413209970102312,B
0,300,ridge,dev,0.5714552962228809,0.8611549927264982,0.7834476317404253,0.6796060386218119,-0.05320584978054478,5000,9.2,"{""params"": {""regressor__model__alpha"": 10.0}, ""tuning"": ""5-fold CV"", ""tuning_mae_D"": 0.5047816611791376}",pls10,0.5047816611791376,B
0,300,ridge,dev_unseen,0.804122524606577,1.126785300413021,1.0582418302494985,0.5247944330041057,-0.16559238560786751,4183,9.2,"{""params"": {""regressor__model__alpha"": 10.0}, ""tuning"": ""5-fold CV"", ""tuning_mae_D"": 0.5047816611791376}",pls10,0.5047816611791376,B
0,300,rbf_krr,dev,0.5722946282831538,0.8702937027091305,0.7778946695557566,0.6727698159994803,-0.03789797136172185,5000,9.7,"{""params"": {""regressor__model__alpha"": 0.1, ""regressor__model__gamma"": 0.01}, ""tuning"": ""5-fold CV"", ""tuning_mae_D"": 0.4929680485231399}",pls10,0.4929680485231399,B
0,300,rbf_krr,dev_unseen,0.8054848575713986,1.1325915798218584,1.0573821295997459,0.5198843844616949,-0.13254407833807336,4183,9.7,"{""params"": {""regressor__model__alpha"": 0.1, ""regressor__model__gamma"": 0.01}, ""tuning"": ""5-fold CV"", ""tuning_mae_D"": 0.4929680485231399}",pls10,0.4929680485231399,B
0,300,rf,dev,0.6310141941094627,0.9695643920142493,0.8577849175675365,0.5938607251284059,-0.13698066585793695,5000,18.6,"{""params"": {""regressor__model__max_features"": 1.0, ""regressor__model__min_samples_leaf"": 1}, ""tuning"": ""5-fold CV"", ""tuning_mae_D"": 0.5674665923259377}",pls10,0.5674665923259377,B
0,300,rf,dev_unseen,0.9335322307008563,1.2975702771938775,1.1987068197499209,0.36982531653975637,-0.3761446160936673,4183,18.6,"{""params"": {""regressor__model__max_features"": 1.0, ""regressor__model__min_samples_leaf"": 1}, ""tuning"": ""5-fold CV"", ""tuning_mae_D"": 0.5674665923259377}",pls10,0.5674665923259377,B
0,300,xgb,dev,0.6049098231880069,0.9125032725188177,0.8225328407216786,0.6402585045178598,-0.06364539486328363,5000,14.2,"{""params"": {""regressor__model__learning_rate"": 0.03, ""regressor__model__max_depth"": 3, ""regressor__model__min_child_weight"": 5}, ""tuning"": ""5-fold CV"", ""tuning_mae_D"": 0.514697251659234}",pls10,0.514697251659234,B
0,300,xgb,dev_unseen,0.8593653411808581,1.1956033120027572,1.1180478954054076,0.46497584083780363,-0.1956654138974872,4183,14.2,"{""params"": {""regressor__model__learning_rate"": 0.03, ""regressor__model__max_depth"": 3, ""regressor__model__min_child_weight"": 5}, ""tuning"": ""5-fold CV"", ""tuning_mae_D"": 0.514697251659234}",pls10,0.514697251659234,B
0,300,ridge,dev,1.051786661381675,1.4136902068789177,1.2997651130445556,0.13656395761028362,-0.2921806926555325,5000,0.4,"{""params"": {""regressor__model__alpha"": 0.0001}, ""tuning"": ""5-fold CV"", ""tuning_mae_D"": 1.0394902354670796}",composition,1.0394902354670796,B
0,300,ridge,dev_unseen,1.221071844200661,1.6061512481230722,1.49802911754841,0.03445603576655587,-0.46356440962749096,4183,0.4,"{""params"": {""regressor__model__alpha"": 0.0001}, ""tuning"": ""5-fold CV"", ""tuning_mae_D"": 1.0394902354670796}",composition,1.0394902354670796,B
0,300,rbf_krr,dev,1.0322749847441952,1.413555664088051,1.2935616976503734,0.13672829851938606,-0.2649414806900679,5000,1.2,"{""params"": {""regressor__model__alpha"": 1.0, ""regressor__model__gamma"": 0.2}, ""tuning"": ""5-fold CV"", ""tuning_mae_D"": 0.9755955424193168}",composition,0.9755955424193168,B
0,300,rbf_krr,dev_unseen,1.2042168724290254,1.6012979997691303,1.4865580772305271,0.04028231752684941,-0.30297569018610165,4183,1.2,"{""params"": {""regressor__model__alpha"": 1.0, ""regressor__model__gamma"": 0.2}, ""tuning"": ""5-fold CV"", ""tuning_mae_D"": 0.9755955424193168}",composition,0.9755955424193168,B
0,300,rf,dev,1.0483298929080875,1.4360484913770273,1.3167793124840523,0.10903655768545029,-0.27711592666077733,5000,6.7,"{""params"": {""regressor__model__max_features"": 0.5, ""regressor__model__min_samples_leaf"": 3}, ""tuning"": ""5-fold CV"", ""tuning_mae_D"": 0.9879589829116275}",composition,0.9879589829116275,B
0,300,rf,dev_unseen,1.2117077161119076,1.611540690223742,1.496643531298372,0.027965396880763937,-0.32450077729641913,4183,6.7,"{""params"": {""regressor__model__max_features"": 0.5, ""regressor__model__min_samples_leaf"": 3}, ""tuning"": ""5-fold CV"", ""tuning_mae_D"": 0.9879589829116275}",composition,0.9879589829116275,B
0,300,xgb,dev,1.0808705004087353,1.4924424568172197,1.378583420832511,0.03768586490421011,-0.2451580595077038,5000,2.0,"{""params"": {""regressor__model__learning_rate"": 0.03, ""regressor__model__max_depth"": 5, ""regressor__model__min_child_weight"": 5}, ""tuning"": ""5-fold CV"", ""tuning_mae_D"": 1.0190163870019915}",composition,1.0190163870019915,B
0,300,xgb,dev_unseen,1.2723398620182322,1.6458611807389665,1.53987572748656,-0.0138777175425282,-0.28977064692902843,4183,2.0,"{""params"": {""regressor__model__learning_rate"": 0.03, ""regressor__model__max_depth"": 5, ""regressor__model__min_child_weight"": 5}, ""tuning"": ""5-fold CV"", ""tuning_mae_D"": 1.0190163870019915}",composition,1.0190163870019915,B
0,300,rbf_krr,dev,0.6018134097649184,0.9262981214700795,0.8303045514515665,0.6292994408952539,-0.04295662614175251,5000,11.5,"{""params"": {""regressor__model__alpha"": 0.1, ""regressor__model__gamma"": 0.025}, ""tuning"": ""5-fold CV"", ""tuning_mae_D"": 0.5447860202064556}",pls4,0.5447860202064556,B
0,300,rbf_krr,dev_unseen,0.8706261679898453,1.1990219272361635,1.1245081769700223,0.4619118535900283,-0.012242984530350384,4183,11.5,"{""params"": {""regressor__model__alpha"": 0.1, ""regressor__model__gamma"": 0.025}, ""tuning"": ""5-fold CV"", ""tuning_mae_D"": 0.5447860202064556}",pls4,0.5447860202064556,B
0,300,rbf_krr,dev,0.5782215330113815,0.8943951922739446,0.7938624274249267,0.6543945467415029,-0.06192591818962691,5000,10.9,"{""params"": {""regressor__model__alpha"": 0.1, ""regressor__model__gamma"": 0.016666666666666666}, ""tuning"": ""5-fold CV"", ""tuning_mae_D"": 0.4939611155964465}",pls6,0.4939611155964465,B
0,300,rbf_krr,dev_unseen,0.8286546571684901,1.1596672530395442,1.0826889189279592,0.4966547651273321,-0.17153184906774968,4183,10.9,"{""params"": {""regressor__model__alpha"": 0.1, ""regressor__model__gamma"": 0.016666666666666666}, ""tuning"": ""5-fold CV"", ""tuning_mae_D"": 0.4939611155964465}",pls6,0.4939611155964465,B
0,300,rbf_krr,dev,0.5743727030278789,0.8839732989559271,0.7872593511935149,0.6624019196200962,-0.04464763261732925,5000,9.3,"{""params"": {""regressor__model__alpha"": 0.01, ""regressor__model__gamma"": 0.0125}, ""tuning"": ""5-fold CV"", ""tuning_mae_D"": 0.48701439481232617}",pls8,0.48701439481232617,B
0,300,rbf_krr,dev_unseen,0.8211303323702352,1.1531145608087061,1.081589386883742,0.5023269921993082,-0.11341528986325297,4183,9.3,"{""params"": {""regressor__model__alpha"": 0.01, ""regressor__model__gamma"": 0.0125}, ""tuning"": ""5-fold CV"", ""tuning_mae_D"": 0.48701439481232617}",pls8,0.48701439481232617,B
0,300,rbf_krr,dev,0.5814157318619256,0.8899749202463318,0.7918668101012662,0.6578022016839821,-0.05775431323912387,5000,13.0,"{""params"": {""regressor__model__alpha"": 0.1, ""regressor__model__gamma"": 0.008333333333333333}, ""tuning"": ""5-fold CV"", ""tuning_mae_D"": 0.49453844982996437}",pls12,0.49453844982996437,B
0,300,rbf_krr,dev_unseen,0.8153345598992594,1.1424797244433715,1.0650477817593762,0.5114644444640661,-0.1639371058611998,4183,13.0,"{""params"": {""regressor__model__alpha"": 0.1, ""regressor__model__gamma"": 0.008333333333333333}, ""tuning"": ""5-fold CV"", ""tuning_mae_D"": 0.49453844982996437}",pls12,0.49453844982996437,B
0,300,rbf_krr,dev,0.5882766973109362,0.8904683914015773,0.7943291145025605,0.6574226144509641,-0.05596395660792145,5000,10.7,"{""params"": {""regressor__model__alpha"": 0.1, ""regressor__model__gamma"": 0.00625}, ""tuning"": ""5-fold CV"", ""tuning_mae_D"": 0.47790982290315154}",pls16,0.47790982290315154,B
0,300,rbf_krr,dev_unseen,0.8402275563596733,1.1766244494659546,1.1001529043859595,0.48182684316359325,-0.20379823304564293,4183,10.7,"{""params"": {""regressor__model__alpha"": 0.1, ""regressor__model__gamma"": 0.00625}, ""tuning"": ""5-fold CV"", ""tuning_mae_D"": 0.47790982290315154}",pls16,0.47790982290315154,B
0,1000,mean,dev,1.17147437136,1.5221342899174435,1.4120425337089602,-0.0009851019061677402,-0.04775070000000019,5000,0.0,"{""mean_D"": 2.6553544}",—,,B
0,1000,mean,dev_unseen,1.293209747645231,1.7133273020089748,1.6001840285433415,-0.09870182323318177,-0.5135266662204163,4183,0.0,"{""mean_D"": 2.6553544}",—,,B
0,1000,ridge,dev,0.5066551802968071,0.8204800811454024,0.7593203589514508,0.709157573922269,0.004396326182745776,5000,11.2,"{""params"": {""regressor__model__alpha"": 31.622776601683793}, ""tuning"": ""5-fold CV"", ""tuning_mae_D"": 0.48542653359338817}",all_legal,0.48542653359338817,B
0,1000,ridge,dev_unseen,0.7445183670187808,1.0537977757515378,0.9884975088139414,0.5843634517789804,-0.17763457520198464,4183,11.2,"{""params"": {""regressor__model__alpha"": 31.622776601683793}, ""tuning"": ""5-fold CV"", ""tuning_mae_D"": 0.48542653359338817}",all_legal,0.48542653359338817,B
0,1000,rbf_krr,dev,0.47229614163872613,0.7547752783906106,0.6898536111054998,0.753874274972863,-0.021492883115361572,5000,16.2,"{""params"": {""regressor__model__alpha"": 0.01, ""regressor__model__gamma"": 0.0016820625851959464}, ""tuning"": ""5-fold CV"", ""tuning_mae_D"": 0.4543676720800217}",all_legal,0.4543676720800217,B
0,1000,rbf_krr,dev_unseen,0.7914334500323302,1.1177585390845666,1.0377709467235312,0.5323777502725543,-0.18925023205791305,4183,16.2,"{""params"": {""regressor__model__alpha"": 0.01, ""regressor__model__gamma"": 0.0016820625851959464}, ""tuning"": ""5-fold CV"", ""tuning_mae_D"": 0.4543676720800217}",all_legal,0.4543676720800217,B
0,1000,rf,dev,0.4985238325275557,0.7868461417623656,0.7129284713979158,0.7325138414811214,-0.048166711063255624,5000,103.9,"{""params"": {""regressor__model__max_features"": 1.0, ""regressor__model__min_samples_leaf"": 1}, ""tuning"": ""5-fold CV"", ""tuning_mae_D"": 0.5009451283598713}",all_legal,0.5009451283598713,B
0,1000,rf,dev_unseen,0.7361602018271378,1.0372633423353128,0.9704130387064287,0.5973040757766916,-0.23115512910842093,4183,103.9,"{""params"": {""regressor__model__max_features"": 1.0, ""regressor__model__min_samples_leaf"": 1}, ""tuning"": ""5-fold CV"", ""tuning_mae_D"": 0.5009451283598713}",all_legal,0.5009451283598713,B
0,1000,xgb,dev,0.46059627576233386,0.7448609073718183,0.6741615310171113,0.7602977901249219,-0.029762410432195668,5000,85.2,"{""params"": {""regressor__model__learning_rate"": 0.03, ""regressor__model__max_depth"": 5, ""regressor__model__min_child_weight"": 1}, ""tuning"": ""5-fold CV"", ""tuning_mae_D"": 0.46557838927717227}",all_legal,0.46557838927717227,B
0,1000,xgb,dev_unseen,0.7240323068643626,1.0256249922481053,0.9597476842184512,0.6062900736425291,-0.20165732126432032,4183,85.2,"{""params"": {""regressor__model__learning_rate"": 0.03, ""regressor__model__max_depth"": 5, ""regressor__model__min_child_weight"": 1}, ""tuning"": ""5-fold CV"", ""tuning_mae_D"": 0.46557838927717227}",all_legal,0.46557838927717227,B
0,1000,ridge,dev,0.5233501911798412,0.8256971695482673,0.7529577275551899,0.7054471249277627,0.00011737783178098198,5000,12.3,"{""params"": {""regressor__model__alpha"": 10.0}, ""tuning"": ""5-fold CV"", ""tuning_mae_D"": 0.5044867285482563}",pls10,0.5044867285482563,B
0,1000,ridge,dev_unseen,0.7469767919729081,1.0527016794939223,0.9877268323265472,0.5852276417468134,-0.17529775007961437,4183,12.3,"{""params"": {""regressor__model__alpha"": 10.0}, ""tuning"": ""5-fold CV"", ""tuning_mae_D"": 0.5044867285482563}",pls10,0.5044867285482563,B
0,1000,rbf_krr,dev,0.5031972141639652,0.781301756097319,0.7137204538763862,0.7362701575372821,-0.011643032386981085,5000,19.3,"{""params"": {""regressor__model__alpha"": 0.1, ""regressor__model__gamma"": 0.01}, ""tuning"": ""5-fold CV"", ""tuning_mae_D"": 0.49401332989431673}",pls10,0.49401332989431673,B
0,1000,rbf_krr,dev_unseen,0.7416709203459898,1.0482497091763903,0.9847754961415,0.5887284428592467,-0.12445753663051165,4183,19.3,"{""params"": {""regressor__model__alpha"": 0.1, ""regressor__model__gamma"": 0.01}, ""tuning"": ""5-fold CV"", ""tuning_mae_D"": 0.49401332989431673}",pls10,0.49401332989431673,B
0,1000,rf,dev,0.5405145147267736,0.8407471620787298,0.7652576799785992,0.6946116295989291,-0.06561966777699567,5000,26.8,"{""params"": {""regressor__model__max_features"": 0.5, ""regressor__model__min_samples_leaf"": 1}, ""tuning"": ""5-fold CV"", ""tuning_mae_D"": 0.5396831362085306}",pls10,0.5396831362085306,B
0,1000,rf,dev_unseen,0.8389473264521567,1.1823704345452373,1.0886335048994347,0.47675354172708384,-0.37407965315028946,4183,26.8,"{""params"": {""regressor__model__max_features"": 0.5, ""regressor__model__min_samples_leaf"": 1}, ""tuning"": ""5-fold CV"", ""tuning_mae_D"": 0.5396831362085306}",pls10,0.5396831362085306,B
0,1000,xgb,dev,0.5282001949646951,0.8187176515034955,0.7496035844866963,0.7104057182506553,-0.0459948032558918,5000,19.0,"{""params"": {""regressor__model__learning_rate"": 0.03, ""regressor__model__max_depth"": 3, ""regressor__model__min_child_weight"": 1}, ""tuning"": ""5-fold CV"", ""tuning_mae_D"": 0.5193695003087044}",pls10,0.5193695003087044,B
0,1000,xgb,dev_unseen,0.7918957982586469,1.117376383459812,1.0535101819753923,0.5326974506688342,-0.2873848631728246,4183,19.0,"{""params"": {""regressor__model__learning_rate"": 0.03, ""regressor__model__max_depth"": 3, ""regressor__model__min_child_weight"": 1}, ""tuning"": ""5-fold CV"", ""tuning_mae_D"": 0.5193695003087044}",pls10,0.5193695003087044,B
0,1000,ridge,dev,1.0280282049621798,1.3845868205238936,1.2729435241817777,0.1717488240076891,-0.22793598365814832,5000,0.4,"{""params"": {""regressor__model__alpha"": 0.0001}, ""tuning"": ""5-fold CV"", ""tuning_mae_D"": 1.0213404398454469}",composition,1.0213404398454469,B
0,1000,ridge,dev_unseen,1.205389645385164,1.592804764659567,1.4844672612527146,0.05043594452815181,-0.40443547171099287,4183,0.4,"{""params"": {""regressor__model__alpha"": 0.0001}, ""tuning"": ""5-fold CV"", ""tuning_mae_D"": 1.0213404398454469}",composition,1.0213404398454469,B
0,1000,rbf_krr,dev,0.9861832118797597,1.3688346660355553,1.2472536664125353,0.19048730290852922,-0.21980732713119233,5000,3.5,"{""params"": {""regressor__model__alpha"": 1.0, ""regressor__model__gamma"": 0.06324555320336758}, ""tuning"": ""5-fold CV"", ""tuning_mae_D"": 0.9692886681087106}",composition,0.9692886681087106,B
0,1000,rbf_krr,dev_unseen,1.1791430900014896,1.5879296191172447,1.4696491504787963,0.05623976758593907,-0.33891159095854495,4183,3.5,"{""params"": {""regressor__model__alpha"": 1.0, ""regressor__model__gamma"": 0.06324555320336758}, ""tuning"": ""5-fold CV"", ""tuning_mae_D"": 0.9692886681087106}",composition,0.9692886681087106,B
0,1000,rf,dev,1.0044453255542638,1.3857530326429868,1.2641241216710846,0.17035299482358224,-0.22050674416130142,5000,9.4,"{""params"": {""regressor__model__max_features"": 0.5, ""regressor__model__min_samples_leaf"": 5}, ""tuning"": ""5-fold CV"", ""tuning_mae_D"": 0.9801537971962857}",composition,0.9801537971962857,B
0,1000,rf,dev_unseen,1.189850001908014,1.5873793320255576,1.4701163662569472,0.05689376267544144,-0.38903879980387357,4183,9.4,"{""params"": {""regressor__model__max_features"": 0.5, ""regressor__model__min_samples_leaf"": 5}, ""tuning"": ""5-fold CV"", ""tuning_mae_D"": 0.9801537971962857}",composition,0.9801537971962857,B
0,1000,xgb,dev,1.0023094246041608,1.3893232764704304,1.2673313570530749,0.1660724950217226,-0.20066978339413405,5000,2.0,"{""params"": {""regressor__model__learning_rate"": 0.03, ""regressor__model__max_depth"": 3, ""regressor__model__min_child_weight"": 5}, ""tuning"": ""5-fold CV"", ""tuning_mae_D"": 0.9800561772692432}",composition,0.9800561772692432,B
0,1000,xgb,dev_unseen,1.2293320631458349,1.6445083866169792,1.5287441834390183,-0.012211715377078658,-0.49293786529932704,4183,2.0,"{""params"": {""regressor__model__learning_rate"": 0.03, ""regressor__model__max_depth"": 3, ""regressor__model__min_child_weight"": 5}, ""tuning"": ""5-fold CV"", ""tuning_mae_D"": 0.9800561772692432}",composition,0.9800561772692432,B
0,1000,rbf_krr,dev,0.5599938979118418,0.8531077479884609,0.7850598796330911,0.685566038761519,-0.03047777494791809,5000,14.5,"{""params"": {""regressor__model__alpha"": 1e-05, ""regressor__model__gamma"": 0.0007905694150420948}, ""tuning"": ""5-fold CV"", ""tuning_mae_D"": 0.5594748769243051}",pls4,0.5594748769243051,B
0,1000,rbf_krr,dev_unseen,0.8405268000614657,1.1440619561952177,1.0657725386204235,0.5101103517781331,-0.09270269847422023,4183,14.5,"{""params"": {""regressor__model__alpha"": 1e-05, ""regressor__model__gamma"": 0.0007905694150420948}, ""tuning"": ""5-fold CV"", ""tuning_mae_D"": 0.5594748769243051}",pls4,0.5594748769243051,B
0,1000,rbf_krr,dev,0.5291947900421926,0.8111074003569497,0.740336736279907,0.7157644454992353,-0.032799190511749864,5000,16.5,"{""params"": {""regressor__model__alpha"": 0.1, ""regressor__model__gamma"": 0.05270462766947299}, ""tuning"": ""5-fold CV"", ""tuning_mae_D"": 0.522496498131074}",pls6,0.522496498131074,B
0,1000,rbf_krr,dev_unseen,0.7887467800445217,1.0991059966976382,1.0268940778183633,0.5478543790488084,-0.2456912634920487,4183,16.5,"{""params"": {""regressor__model__alpha"": 0.1, ""regressor__model__gamma"": 0.05270462766947299}, ""tuning"": ""5-fold CV"", ""tuning_mae_D"": 0.522496498131074}",pls6,0.522496498131074,B
0,1000,rbf_krr,dev,0.5095932310495697,0.7920736290047493,0.7215778913549468,0.7289478958369867,-0.0055693708488954085,5000,16.0,"{""params"": {""regressor__model__alpha"": 0.001, ""regressor__model__gamma"": 0.00125}, ""tuning"": ""5-fold CV"", ""tuning_mae_D"": 0.495716716081014}",pls8,0.495716716081014,B
0,1000,rbf_krr,dev_unseen,0.7473580438382541,1.0615259507877965,0.9922838550844191,0.5782448390638614,-0.1835585150595689,4183,16.0,"{""params"": {""regressor__model__alpha"": 0.001, ""regressor__model__gamma"": 0.00125}, ""tuning"": ""5-fold CV"", ""tuning_mae_D"": 0.495716716081014}",pls8,0.495716716081014,B
0,1000,rbf_krr,dev,0.5008075401686536,0.7868576879457972,0.7167501194049655,0.7325059912376045,-0.014140468093857902,5000,20.0,"{""params"": {""regressor__model__alpha"": 0.1, ""regressor__model__gamma"": 0.008333333333333333}, ""tuning"": ""5-fold CV"", ""tuning_mae_D"": 0.4926514836254466}",pls12,0.4926514836254466,B
0,1000,rbf_krr,dev_unseen,0.755578562009382,1.072599663880146,1.0050599225944723,0.5693995420623544,-0.13873189686541265,4183,20.0,"{""params"": {""regressor__model__alpha"": 0.1, ""regressor__model__gamma"": 0.008333333333333333}, ""tuning"": ""5-fold CV"", ""tuning_mae_D"": 0.4926514836254466}",pls12,0.4926514836254466,B
0,1000,rbf_krr,dev,0.4942946417938515,0.7714846370499255,0.7089741618992288,0.7428560926670646,-0.011549749728568589,5000,15.1,"{""params"": {""regressor__model__alpha"": 0.1, ""regressor__model__gamma"": 0.00625}, ""tuning"": ""5-fold CV"", ""tuning_mae_D"": 0.4817882519880712}",pls16,0.4817882519880712,B
0,1000,rbf_krr,dev_unseen,0.7497141604112887,1.059849537559408,1.0000210162397494,0.5795758995767124,-0.1428092709743883,4183,15.1,"{""params"": {""regressor__model__alpha"": 0.1, ""regressor__model__gamma"": 0.00625}, ""tuning"": ""5-fold CV"", ""tuning_mae_D"": 0.4817882519880712}",pls16,0.4817882519880712,B
1,100,mean,dev,1.2656437336,1.579363615635361,1.4832604793070685,-0.07767034448096655,0.4240008999999999,5000,0.0,"{""mean_D"": 3.127106}",—,,B
1,100,mean,dev_unseen,1.2658202404972507,1.63509203503889,1.5274649044224986,-0.0006531808871521605,-0.04177506622041602,4183,0.0,"{""mean_D"": 3.127106}",—,,B
1,100,ridge,dev,0.7307411119391757,1.0745695602541632,0.9702245602710229,0.5011261468530419,0.02776669191731793,5000,8.1,"{""params"": {""regressor__model__alpha"": 31.622776601683793}, ""tuning"": ""5-fold CV"", ""tuning_mae_D"": 0.8989066473565335}",all_legal,0.8989066473565335,B
1,100,ridge,dev_unseen,0.9581142780403018,1.3292370747425404,1.244577999628053,0.33869155871104484,0.34568418004329843,4183,8.1,"{""params"": {""regressor__model__alpha"": 31.622776601683793}, ""tuning"": ""5-fold CV"", ""tuning_mae_D"": 0.8989066473565335}",all_legal,0.8989066473565335,B
1,100,rbf_krr,dev,0.7176428230360549,1.0536684604240032,0.9410680285401032,0.5203442717527476,0.022856089261393285,5000,8.3,"{""params"": {""regressor__model__alpha"": 0.1, ""regressor__model__gamma"": 0.0016820625851959464}, ""tuning"": ""5-fold CV"", ""tuning_mae_D"": 0.8712771694715106}",all_legal,0.8712771694715106,B
1,100,rbf_krr,dev_unseen,1.0147012887979066,1.3706507231194305,1.2823752917580091,0.2968422409715902,0.38393789531673583,4183,8.3,"{""params"": {""regressor__model__alpha"": 0.1, ""regressor__model__gamma"": 0.0016820625851959464}, ""tuning"": ""5-fold CV"", ""tuning_mae_D"": 0.8712771694715106}",all_legal,0.8712771694715106,B
1,100,rf,dev,0.6663618680135456,0.9911165262041653,0.8696020599965033,0.5756041680586153,-0.018526103441867114,5000,19.4,"{""params"": {""regressor__model__max_features"": 1.0, ""regressor__model__min_samples_leaf"": 1}, ""tuning"": ""5-fold CV"", ""tuning_mae_D"": 0.9471470731832186}",all_legal,0.9471470731832186,B
1,100,rf,dev_unseen,0.8850548289869501,1.2133088037763575,1.111918667293351,0.4490123405614088,0.06573239797586379,4183,19.4,"{""params"": {""regressor__model__max_features"": 1.0, ""regressor__model__min_samples_leaf"": 1}, ""tuning"": ""5-fold CV"", ""tuning_mae_D"": 0.9471470731832186}",all_legal,0.9471470731832186,B
1,100,xgb,dev,0.6577435406712151,0.9851532220590371,0.8669085058392628,0.5806957748525964,-0.05443075892934798,5000,16.5,"{""params"": {""regressor__model__learning_rate"": 0.03, ""regressor__model__max_depth"": 3, ""regressor__model__min_child_weight"": 1}, ""tuning"": ""5-fold CV"", ""tuning_mae_D"": 0.8939183847002978}",all_legal,0.8939183847002978,B
1,100,xgb,dev_unseen,0.9330408373037422,1.2834783042206803,1.1944338454637526,0.3834387337624595,0.22691126990993712,4183,16.5,"{""params"": {""regressor__model__learning_rate"": 0.03, ""regressor__model__max_depth"": 3, ""regressor__model__min_child_weight"": 1}, ""tuning"": ""5-fold CV"", ""tuning_mae_D"": 0.8939183847002978}",all_legal,0.8939183847002978,B
1,100,ridge,dev,0.8036834055518675,1.1512294332673705,1.0442508556124186,0.4274077789313423,0.06081657352332438,5000,7.3,"{""params"": {""regressor__model__alpha"": 31.622776601683793}, ""tuning"": ""5-fold CV"", ""tuning_mae_D"": 0.9301898104457353}",pls10,0.9301898104457353,B
1,100,ridge,dev_unseen,0.9908162034623693,1.3596115193906528,1.2676114816623276,0.308123076978172,0.276080016831926,4183,7.3,"{""params"": {""regressor__model__alpha"": 31.622776601683793}, ""tuning"": ""5-fold CV"", ""tuning_mae_D"": 0.9301898104457353}",pls10,0.9301898104457353,B
1,100,rbf_krr,dev,0.8152849259462182,1.1689538113348361,1.065954092284491,0.40964074361004243,0.09594427698970269,5000,10.1,"{""params"": {""regressor__model__alpha"": 0.1, ""regressor__model__gamma"": 0.03162277660168379}, ""tuning"": ""5-fold CV"", ""tuning_mae_D"": 0.8862437806218878}",pls10,0.8862437806218878,B
1,100,rbf_krr,dev_unseen,1.0650930078112195,1.4626612640135146,1.3896631396487962,0.19926890419728438,0.45568363231606507,4183,10.1,"{""params"": {""regressor__model__alpha"": 0.1, ""regressor__model__gamma"": 0.03162277660168379}, ""tuning"": ""5-fold CV"", ""tuning_mae_D"": 0.8862437806218878}",pls10,0.8862437806218878,B
1,100,rf,dev,0.8036830279668288,1.1348870932815744,1.0257414828633094,0.4435489217037677,0.025934002229769795,5000,17.3,"{""params"": {""regressor__model__max_features"": 1.0, ""regressor__model__min_samples_leaf"": 1}, ""tuning"": ""5-fold CV"", ""tuning_mae_D"": 0.9857887685332336}",pls10,0.9857887685332336,B
1,100,rf,dev_unseen,1.0735170528516087,1.4329494688251119,1.3458458872140948,0.2314698215845119,0.362614700539617,4183,17.3,"{""params"": {""regressor__model__max_features"": 1.0, ""regressor__model__min_samples_leaf"": 1}, ""tuning"": ""5-fold CV"", ""tuning_mae_D"": 0.9857887685332336}",pls10,0.9857887685332336,B
1,100,xgb,dev,0.7975567460993861,1.1436662650486416,1.0347948960496949,0.43490652049480993,0.020022995334768295,5000,10.1,"{""params"": {""regressor__model__learning_rate"": 0.03, ""regressor__model__max_depth"": 7, ""regressor__model__min_child_weight"": 5}, ""tuning"": ""5-fold CV"", ""tuning_mae_D"": 0.9144723835554118}",pls10,0.9144723835554118,B
1,100,xgb,dev_unseen,1.081607025325649,1.4587112979118138,1.3769837226628372,0.2035878672500493,0.4093169673308783,4183,10.1,"{""params"": {""regressor__model__learning_rate"": 0.03, ""regressor__model__max_depth"": 7, ""regressor__model__min_child_weight"": 5}, ""tuning"": ""5-fold CV"", ""tuning_mae_D"": 0.9144723835554118}",pls10,0.9144723835554118,B
1,100,ridge,dev,1.0717685890567137,1.39518109331935,1.290400254727265,0.1590254772444315,0.07338944490672415,5000,0.3,"{""params"": {""regressor__model__alpha"": 100.0}, ""tuning"": ""5-fold CV"", ""tuning_mae_D"": 1.1889215725250453}",composition,1.1889215725250453,B
1,100,ridge,dev_unseen,1.1879696437017035,1.5451976754706562,1.442362401311227,0.10635039741180707,-0.034973401840821955,4183,0.3,"{""params"": {""regressor__model__alpha"": 100.0}, ""tuning"": ""5-fold CV"", ""tuning_mae_D"": 1.1889215725250453}",composition,1.1889215725250453,B
1,100,rbf_krr,dev,1.03535733494463,1.3781036338156583,1.2805578208646426,0.17948706820138038,0.06115468865634506,5000,0.9,"{""params"": {""regressor__model__alpha"": 0.01, ""regressor__model__gamma"": 0.006324555320336758}, ""tuning"": ""5-fold CV"", ""tuning_mae_D"": 1.170625714612462}",composition,1.170625714612462,B
1,100,rbf_krr,dev_unseen,1.203628046033883,1.5618185757729302,1.473526796050356,0.0870219378254915,0.29141003278048316,4183,0.9,"{""params"": {""regressor__model__alpha"": 0.01, ""regressor__model__gamma"": 0.006324555320336758}, ""tuning"": ""5-fold CV"", ""tuning_mae_D"": 1.170625714612462}",composition,1.170625714612462,B
1,100,rf,dev,1.0816540358277729,1.4159236070836894,1.314081962768778,0.13383362602560633,0.050353334888010394,5000,11.2,"{""params"": {""regressor__model__max_features"": 0.5, ""regressor__model__min_samples_leaf"": 5}, ""tuning"": ""5-fold CV"", ""tuning_mae_D"": 1.1788387775270224}",composition,1.1788387775270224,B
1,100,rf,dev_unseen,1.3450063395399408,1.7179493735190117,1.6449762419493323,-0.10463779152972519,0.6413322251808267,4183,11.2,"{""params"": {""regressor__model__max_features"": 0.5, ""regressor__model__min_samples_leaf"": 5}, ""tuning"": ""5-fold CV"", ""tuning_mae_D"": 1.1788387775270224}",composition,1.1788387775270224,B
1,100,xgb,dev,1.1478593042432117,1.5123507457779415,1.4188930576495302,0.011841242090040005,0.06735572608103751,5000,1.3,"{""params"": {""regressor__model__learning_rate"": 0.03, ""regressor__model__max_depth"": 3, ""regressor__model__min_child_weight"": 5}, ""tuning"": ""5-fold CV"", ""tuning_mae_D"": 1.2456533702135082}",composition,1.2456533702135082,B
1,100,xgb,dev_unseen,1.8043009058474355,2.2438017089136886,2.197420823807251,-0.8843784250342743,1.1214569718739702,4183,1.3,"{""params"": {""regressor__model__learning_rate"": 0.03, ""regressor__model__max_depth"": 3, ""regressor__model__min_child_weight"": 5}, ""tuning"": ""5-fold CV"", ""tuning_mae_D"": 1.2456533702135082}",composition,1.2456533702135082,B
1,100,rbf_krr,dev,0.7290070490185757,1.0556852804647086,0.9440558805216736,0.5185063025072401,0.03941948286633365,5000,7.4,"{""params"": {""regressor__model__alpha"": 1.0, ""regressor__model__gamma"": 0.07905694150420949}, ""tuning"": ""5-fold CV"", ""tuning_mae_D"": 0.8543917605561692}",pls4,0.8543917605561692,B
1,100,rbf_krr,dev_unseen,0.9789740161064587,1.3281356289130333,1.2369792861564233,0.3397870647773882,0.17764589302574407,4183,7.4,"{""params"": {""regressor__model__alpha"": 1.0, ""regressor__model__gamma"": 0.07905694150420949}, ""tuning"": ""5-fold CV"", ""tuning_mae_D"": 0.8543917605561692}",pls4,0.8543917605561692,B
1,100,rbf_krr,dev,0.7409689892076853,1.0637057419680065,0.9563647335152483,0.5111623117191488,0.035497518174382736,5000,8.6,"{""params"": {""regressor__model__alpha"": 1.0, ""regressor__model__gamma"": 0.05270462766947299}, ""tuning"": ""5-fold CV"", ""tuning_mae_D"": 0.8821832491750314}",pls6,0.8821832491750314,B
1,100,rbf_krr,dev_unseen,1.0013180419298195,1.3564536009895622,1.2717405324934938,0.31133333734088253,0.35890585746453507,4183,8.6,"{""params"": {""regressor__model__alpha"": 1.0, ""regressor__model__gamma"": 0.05270462766947299}, ""tuning"": ""5-fold CV"", ""tuning_mae_D"": 0.8821832491750314}",pls6,0.8821832491750314,B
1,100,rbf_krr,dev,0.7701884329229884,1.1066912401296778,0.9936330213275187,0.470855094530521,0.05175529889958821,5000,8.1,"{""params"": {""regressor__model__alpha"": 1.0, ""regressor__model__gamma"": 0.03952847075210474}, ""tuning"": ""5-fold CV"", ""tuning_mae_D"": 0.8903955852907984}",pls8,0.8903955852907984,B
1,100,rbf_krr,dev_unseen,0.9880855774172922,1.3469306546990698,1.2588499594762343,0.32096892683351497,0.3492470860873701,4183,8.1,"{""params"": {""regressor__model__alpha"": 1.0, ""regressor__model__gamma"": 0.03952847075210474}, ""tuning"": ""5-fold CV"", ""tuning_mae_D"": 0.8903955852907984}",pls8,0.8903955852907984,B
1,100,rbf_krr,dev,0.787414354989086,1.1311123956548705,1.0127676702315016,0.44724434038622785,0.10166634930769271,5000,8.4,"{""params"": {""regressor__model__alpha"": 1.0, ""regressor__model__gamma"": 0.026352313834736494}, ""tuning"": ""5-fold CV"", ""tuning_mae_D"": 0.9634010477624954}",pls12,0.9634010477624954,B
1,100,rbf_krr,dev_unseen,0.9900468104350634,1.3543001458844195,1.2591978477610732,0.31351820463236735,0.31066570010292793,4183,8.4,"{""params"": {""regressor__model__alpha"": 1.0, ""regressor__model__gamma"": 0.026352313834736494}, ""tuning"": ""5-fold CV"", ""tuning_mae_D"": 0.9634010477624954}",pls12,0.9634010477624954,B
1,100,rbf_krr,dev,0.8302016592149128,1.1657538426007636,1.0507274323345068,0.4128684938084619,0.1477022119125944,5000,9.0,"{""params"": {""regressor__model__alpha"": 1.0, ""regressor__model__gamma"": 0.01976423537605237}, ""tuning"": ""5-fold CV"", ""tuning_mae_D"": 1.0141415239534743}",pls16,1.0141415239534743,B
1,100,rbf_krr,dev_unseen,1.0234275317296948,1.398961124966702,1.2957136213953617,0.26749521363383677,0.19312059381581928,4183,9.0,"{""params"": {""regressor__model__alpha"": 1.0, ""regressor__model__gamma"": 0.01976423537605237}, ""tuning"": ""5-fold CV"", ""tuning_mae_D"": 1.0141415239534743}",pls16,1.0141415239534743,B
1,300,mean,dev,1.2131859256,1.5382502504603077,1.4352387886414772,-0.022293650501710394,0.22715889999999972,5000,0.0,"{""mean_D"": 2.9302639999999998}",—,,B
1,300,mean,dev_unseen,1.26507452163519,1.6518834435823662,1.5407583621499454,-0.02131091897389492,-0.23861706622041623,4183,0.0,"{""mean_D"": 2.9302639999999998}",—,,B
1,300,ridge,dev,0.5849124866922059,0.9645985075402914,0.850754828177307,0.5980103738576059,0.008832588587165022,5000,9.1,"{""params"": {""regressor__model__alpha"": 31.622776601683793}, ""tuning"": ""5-fold CV"", ""tuning_mae_D"": 0.6364555657968223}",all_legal,0.6364555657968223,B
1,300,ridge,dev_unseen,0.839079805843597,1.1917250837711078,1.1041164752202484,0.46844117166091337,0.2051680940059614,4183,9.1,"{""params"": {""regressor__model__alpha"": 31.622776601683793}, ""tuning"": ""5-fold CV"", ""tuning_mae_D"": 0.6364555657968223}",all_legal,0.6364555657968223,B
1,300,rbf_krr,dev,0.5623814826047321,0.9003138544615975,0.7885013864693562,0.6498053224953404,0.023158572209739554,5000,10.0,"{""params"": {""regressor__model__alpha"": 0.01, ""regressor__model__gamma"": 0.0005319148936170213}, ""tuning"": ""5-fold CV"", ""tuning_mae_D"": 0.6094068769367198}",all_legal,0.6094068769367198,B
1,300,rbf_krr,dev_unseen,0.865280345697984,1.1990784790846685,1.1211177428356893,0.4618610945567543,0.23625393749797888,4183,10.0,"{""params"": {""regressor__model__alpha"": 0.01, ""regressor__model__gamma"": 0.0005319148936170213}, ""tuning"": ""5-fold CV"", ""tuning_mae_D"": 0.6094068769367198}",all_legal,0.6094068769367198,B
1,300,rf,dev,0.5969900581596385,0.927225314450024,0.8027421702224979,0.6285569521228095,-0.012229642016015287,5000,34.3,"{""params"": {""regressor__model__max_features"": 0.5, ""regressor__model__min_samples_leaf"": 1}, ""tuning"": ""5-fold CV"", ""tuning_mae_D"": 0.649803965289786}",all_legal,0.649803965289786,B
1,300,rf,dev_unseen,0.8373715427927682,1.167226465088121,1.0741271747336472,0.4900713347110085,0.09430898042837106,4183,34.3,"{""params"": {""regressor__model__max_features"": 0.5, ""regressor__model__min_samples_leaf"": 1}, ""tuning"": ""5-fold CV"", ""tuning_mae_D"": 0.649803965289786}",all_legal,0.649803965289786,B
1,300,xgb,dev,0.5905903836786509,0.931417836917372,0.8207003636751719,0.6251903399542413,-0.00478471567938328,5000,51.8,"{""params"": {""regressor__model__learning_rate"": 0.03, ""regressor__model__max_depth"": 7, ""regressor__model__min_child_weight"": 1}, ""tuning"": ""5-fold CV"", ""tuning_mae_D"": 0.6378026685009003}",all_legal,0.6378026685009003,B
1,300,xgb,dev_unseen,0.9065402461444251,1.2665779585538663,1.199169427320785,0.39956911099983505,0.22145945791986724,4183,51.8,"{""params"": {""regressor__model__learning_rate"": 0.03, ""regressor__model__max_depth"": 7, ""regressor__model__min_child_weight"": 1}, ""tuning"": ""5-fold CV"", ""tuning_mae_D"": 0.6378026685009003}",all_legal,0.6378026685009003,B
1,300,ridge,dev,0.6136503783354883,0.9747216770476725,0.8530170015762373,0.5895285802357441,-0.0003318882790616158,5000,9.0,"{""params"": {""regressor__model__alpha"": 31.622776601683793}, ""tuning"": ""5-fold CV"", ""tuning_mae_D"": 0.673351659765808}",pls10,0.673351659765808,B
1,300,ridge,dev_unseen,0.8363813317412896,1.182865404966067,1.0872973499041712,0.4763153614033744,0.18985700662454633,4183,9.0,"{""params"": {""regressor__model__alpha"": 31.622776601683793}, ""tuning"": ""5-fold CV"", ""tuning_mae_D"": 0.673351659765808}",pls10,0.673351659765808,B
1,300,rbf_krr,dev,0.5959348799454974,0.9415078084131046,0.8195867050442335,0.617025791888436,0.0009620395042932927,5000,9.7,"{""params"": {""regressor__model__alpha"": 0.1, ""regressor__model__gamma"": 0.01}, ""tuning"": ""5-fold CV"", ""tuning_mae_D"": 0.6611131305338965}",pls10,0.6611131305338965,B
1,300,rbf_krr,dev_unseen,0.8713604437108585,1.2071912578966972,1.1197058541934088,0.4545545317998593,0.22851633909535846,4183,9.7,"{""params"": {""regressor__model__alpha"": 0.1, ""regressor__model__gamma"": 0.01}, ""tuning"": ""5-fold CV"", ""tuning_mae_D"": 0.6611131305338965}",pls10,0.6611131305338965,B
1,300,rf,dev,0.6451028400822559,0.9925239639753819,0.8602202910631698,0.5743979832874154,-0.018711834808079537,5000,18.0,"{""params"": {""regressor__model__max_features"": 0.5, ""regressor__model__min_samples_leaf"": 1}, ""tuning"": ""5-fold CV"", ""tuning_mae_D"": 0.7277215844332042}",pls10,0.7277215844332042,B
1,300,rf,dev_unseen,0.8986181295114867,1.2526673653253593,1.1444625771117567,0.4126855301510364,-0.019580500826011298,4183,18.0,"{""params"": {""regressor__model__max_features"": 0.5, ""regressor__model__min_samples_leaf"": 1}, ""tuning"": ""5-fold CV"", ""tuning_mae_D"": 0.7277215844332042}",pls10,0.7277215844332042,B
1,300,xgb,dev,0.6295515454543782,0.9752326622999793,0.8527638182292939,0.5890980987456004,-0.0012378159285545366,5000,13.5,"{""params"": {""regressor__model__learning_rate"": 0.03, ""regressor__model__max_depth"": 3, ""regressor__model__min_child_weight"": 5}, ""tuning"": ""5-fold CV"", ""tuning_mae_D"": 0.7055558706235885}",pls10,0.7055558706235885,B
1,300,xgb,dev_unseen,0.8751890676426597,1.2274282436135597,1.1312203663594398,0.4361138872862812,0.08660228293916128,4183,13.5,"{""params"": {""regressor__model__learning_rate"": 0.03, ""regressor__model__max_depth"": 3, ""regressor__model__min_child_weight"": 5}, ""tuning"": ""5-fold CV"", ""tuning_mae_D"": 0.7055558706235885}",pls10,0.7055558706235885,B
1,300,ridge,dev,1.0500864651820323,1.3902211157336426,1.285808978707397,0.16499430853957997,-0.03639282929214277,5000,0.4,"{""params"": {""regressor__model__alpha"": 100.0}, ""tuning"": ""5-fold CV"", ""tuning_mae_D"": 1.0688563813582086}",composition,1.0688563813582086,B
1,300,ridge,dev_unseen,1.1867984817597599,1.543025004996728,1.4425098204495475,0.10886171503841169,-0.024630655312342598,4183,0.4,"{""params"": {""regressor__model__alpha"": 100.0}, ""tuning"": ""5-fold CV"", ""tuning_mae_D"": 1.0688563813582086}",composition,1.0688563813582086,B
1,300,rbf_krr,dev,1.020178692851343,1.3726986162026649,1.2686729422908083,0.1859106633116795,-0.05863618965574069,5000,1.3,"{""params"": {""regressor__model__alpha"": 1.0, ""regressor__model__gamma"": 0.06324555320336758}, ""tuning"": ""5-fold CV"", ""tuning_mae_D"": 1.034611308958753}",composition,1.034611308958753,B
1,300,rbf_krr,dev_unseen,1.1983515670713505,1.5521507988217966,1.4577928192199996,0.09828976386444221,0.2600071657406238,4183,1.3,"{""params"": {""regressor__model__alpha"": 1.0, ""regressor__model__gamma"": 0.06324555320336758}, ""tuning"": ""5-fold CV"", ""tuning_mae_D"": 1.034611308958753}",composition,1.034611308958753,B
1,300,rf,dev,1.0538969104418345,1.3947203859348944,1.2912132218417118,0.15958078752662874,-0.042672201175021636,5000,6.6,"{""params"": {""regressor__model__max_features"": 0.5, ""regressor__model__min_samples_leaf"": 5}, ""tuning"": ""5-fold CV"", ""tuning_mae_D"": 1.0576915693523792}",composition,1.0576915693523792,B
1,300,rf,dev_unseen,1.201554707425285,1.5537924365104083,1.4605174646135242,0.09638136125122576,0.243880655356968,4183,6.6,"{""params"": {""regressor__model__max_features"": 0.5, ""regressor__model__min_samples_leaf"": 5}, ""tuning"": ""5-fold CV"", ""tuning_mae_D"": 1.0576915693523792}",composition,1.0576915693523792,B
1,300,xgb,dev,1.0724665093140124,1.4535628037771,1.3609104154395275,0.08717132050971776,-0.034153800135946266,5000,2.0,"{""params"": {""regressor__model__learning_rate"": 0.03, ""regressor__model__max_depth"": 3, ""regressor__model__min_child_weight"": 5}, ""tuning"": ""5-fold CV"", ""tuning_mae_D"": 1.1053293184388477}",composition,1.1053293184388477,B
1,300,xgb,dev_unseen,1.332196107048137,1.7148667287976818,1.6412198427091342,-0.10067708022817912,0.32088228568898525,4183,2.0,"{""params"": {""regressor__model__learning_rate"": 0.03, ""regressor__model__max_depth"": 3, ""regressor__model__min_child_weight"": 5}, ""tuning"": ""5-fold CV"", ""tuning_mae_D"": 1.1053293184388477}",composition,1.1053293184388477,B
1,300,rbf_krr,dev,0.6140984692727058,0.9851858195764295,0.8589302078974357,0.5806680258637098,0.026652110223250827,5000,11.4,"{""params"": {""regressor__model__alpha"": 1e-06, ""regressor__model__gamma"": 0.0007905694150420948}, ""tuning"": ""5-fold CV"", ""tuning_mae_D"": 0.6518560323008783}",pls4,0.6518560323008783,B
1,300,rbf_krr,dev_unseen,0.8748198460200463,1.2324764312702194,1.1383572102153787,0.43146602830612657,-0.01732423915551539,4183,11.4,"{""params"": {""regressor__model__alpha"": 1e-06, ""regressor__model__gamma"": 0.0007905694150420948}, ""tuning"": ""5-fold CV"", ""tuning_mae_D"": 0.6518560323008783}",pls4,0.6518560323008783,B
1,300,rbf_krr,dev,0.5935779364451601,0.9574972180723106,0.8280541303757945,0.6039074115461202,0.02294324826379874,5000,9.9,"{""params"": {""regressor__model__alpha"": 0.1, ""regressor__model__gamma"": 0.05270462766947299}, ""tuning"": ""5-fold CV"", ""tuning_mae_D"": 0.6222216045748731}",pls6,0.6222216045748731,B
1,300,rbf_krr,dev_unseen,0.8789199932151305,1.250848628842201,1.1563895653175373,0.4143897252942238,0.19793985791402793,4183,9.9,"{""params"": {""regressor__model__alpha"": 0.1, ""regressor__model__gamma"": 0.05270462766947299}, ""tuning"": ""5-fold CV"", ""tuning_mae_D"": 0.6222216045748731}",pls6,0.6222216045748731,B
1,300,rbf_krr,dev,0.5845020742034298,0.9515724293116632,0.8259106949480591,0.6087941187479067,0.02914619863475054,5000,9.4,"{""params"": {""regressor__model__alpha"": 0.1, ""regressor__model__gamma"": 0.0125}, ""tuning"": ""5-fold CV"", ""tuning_mae_D"": 0.6256565245521583}",pls8,0.6256565245521583,B
1,300,rbf_krr,dev_unseen,0.8514064436175479,1.2106054522745657,1.1192207135404406,0.45146489663465106,0.26752098196212676,4183,9.4,"{""params"": {""regressor__model__alpha"": 0.1, ""regressor__model__gamma"": 0.0125}, ""tuning"": ""5-fold CV"", ""tuning_mae_D"": 0.6256565245521583}",pls8,0.6256565245521583,B
1,300,rbf_krr,dev,0.6081567980427782,0.9577965406949166,0.8418410112933957,0.6036597283120909,0.000997571596465741,5000,14.0,"{""params"": {""regressor__model__alpha"": 0.1, ""regressor__model__gamma"": 0.008333333333333333}, ""tuning"": ""5-fold CV"", ""tuning_mae_D"": 0.6653106461562063}",pls12,0.6653106461562063,B
1,300,rbf_krr,dev_unseen,0.8874274843187191,1.2406484840315533,1.1578953419720364,0.42390159516060166,0.22094093717860291,4183,14.0,"{""params"": {""regressor__model__alpha"": 0.1, ""regressor__model__gamma"": 0.008333333333333333}, ""tuning"": ""5-fold CV"", ""tuning_mae_D"": 0.6653106461562063}",pls12,0.6653106461562063,B
1,300,rbf_krr,dev,0.6049757470298989,0.9335492507228348,0.8334677585737744,0.62347298281122,0.022024705081939704,5000,8.3,"{""params"": {""regressor__model__alpha"": 0.1, ""regressor__model__gamma"": 0.00625}, ""tuning"": ""5-fold CV"", ""tuning_mae_D"": 0.6831351729935132}",pls16,0.6831351729935132,B
1,300,rbf_krr,dev_unseen,0.8912971655412322,1.231738206221993,1.1608852967188477,0.43214690188861193,0.14349792674500425,4183,8.3,"{""params"": {""regressor__model__alpha"": 0.1, ""regressor__model__gamma"": 0.00625}, ""tuning"": ""5-fold CV"", ""tuning_mae_D"": 0.6831351729935132}",pls16,0.6831351729935132,B
1,1000,mean,dev,1.1949336872799998,1.527369617948452,1.4216019873060621,-0.007882650474796193,0.13507509999999961,5000,0.0,"{""mean_D"": 2.8381801999999996}",—,,B
1,1000,mean,dev_unseen,1.2703127544346164,1.6676761885356617,1.5555134984374743,-0.04093264785678197,-0.3307008662204164,4183,0.0,"{""mean_D"": 2.8381801999999996}",—,,B
1,1000,ridge,dev,0.48138245882672936,0.7327159774152898,0.676674881947894,0.7680507364495852,-0.007587490070497811,5000,12.3,"{""params"": {""regressor__model__alpha"": 31.622776601683793}, ""tuning"": ""5-fold CV"", ""tuning_mae_D"": 0.5214922258520905}",all_legal,0.5214922258520905,B
1,1000,ridge,dev_unseen,0.7243091412540658,1.0093042712549172,0.9456781509009871,0.6187205517209935,0.12784606910072885,4183,12.3,"{""params"": {""regressor__model__alpha"": 31.622776601683793}, ""tuning"": ""5-fold CV"", ""tuning_mae_D"": 0.5214922258520905}",all_legal,0.5214922258520905,B
1,1000,rbf_krr,dev,0.45494307493609687,0.7155530950889661,0.6590767326107815,0.7787896700174203,-0.0030160239044126555,5000,14.3,"{""params"": {""regressor__model__alpha"": 0.01, ""regressor__model__gamma"": 0.0005319148936170213}, ""tuning"": ""5-fold CV"", ""tuning_mae_D"": 0.47784749399362675}",all_legal,0.47784749399362675,B
1,1000,rbf_krr,dev_unseen,0.724225500007868,1.0242253153376555,0.9566607031158005,0.6073639372386772,0.07959623217243414,4183,14.3,"{""params"": {""regressor__model__alpha"": 0.01, ""regressor__model__gamma"": 0.0005319148936170213}, ""tuning"": ""5-fold CV"", ""tuning_mae_D"": 0.47784749399362675}",all_legal,0.47784749399362675,B
1,1000,rf,dev,0.49873416940543147,0.7938482039995561,0.6991601100793678,0.727731995972418,-0.017020460861150413,5000,96.9,"{""params"": {""regressor__model__max_features"": 1.0, ""regressor__model__min_samples_leaf"": 1}, ""tuning"": ""5-fold CV"", ""tuning_mae_D"": 0.5499391031563826}",all_legal,0.5499391031563826,B
1,1000,rf,dev_unseen,0.7451674767263238,1.0724561372385801,0.9766511734718478,0.569514773317221,-0.08150768708809826,4183,96.9,"{""params"": {""regressor__model__max_features"": 1.0, ""regressor__model__min_samples_leaf"": 1}, ""tuning"": ""5-fold CV"", ""tuning_mae_D"": 0.5499391031563826}",all_legal,0.5499391031563826,B
1,1000,xgb,dev,0.4575554287067889,0.7402201066501048,0.6601210758877444,0.7632753790491358,-0.017577576184368136,5000,85.2,"{""params"": {""regressor__model__learning_rate"": 0.03, ""regressor__model__max_depth"": 5, ""regressor__model__min_child_weight"": 1}, ""tuning"": ""5-fold CV"", ""tuning_mae_D"": 0.5079439420096631}",all_legal,0.5079439420096631,B
1,1000,xgb,dev_unseen,0.7067073334070618,1.0092441845893794,0.9388451721822081,0.6187659476028807,-0.04086011256532979,4183,85.2,"{""params"": {""regressor__model__learning_rate"": 0.03, ""regressor__model__max_depth"": 5, ""regressor__model__min_child_weight"": 1}, ""tuning"": ""5-fold CV"", ""tuning_mae_D"": 0.5079439420096631}",all_legal,0.5079439420096631,B
1,1000,ridge,dev,0.5087853090985757,0.7651522230553476,0.7087251948458683,0.747060087959858,-8.611367176151887e-05,5000,12.9,"{""params"": {""regressor__model__alpha"": 0.0001}, ""tuning"": ""5-fold CV"", ""tuning_mae_D"": 0.5457000640890722}",pls10,0.5457000640890722,B
1,1000,ridge,dev_unseen,0.745366410859817,1.034341082209679,0.9744374064622143,0.5995698930137654,0.2029471959048636,4183,12.9,"{""params"": {""regressor__model__alpha"": 0.0001}, ""tuning"": ""5-fold CV"", ""tuning_mae_D"": 0.5457000640890722}",pls10,0.5457000640890722,B
1,1000,rbf_krr,dev,0.49080921941639283,0.7639980196740559,0.7025139694314199,0.7478226131139272,-0.0059506844691748694,5000,17.0,"{""params"": {""regressor__model__alpha"": 0.01, ""regressor__model__gamma"": 0.01}, ""tuning"": ""5-fold CV"", ""tuning_mae_D"": 0.5222513562705576}",pls10,0.5222513562705576,B
1,1000,rbf_krr,dev_unseen,0.7385122008669929,1.0300082989542216,0.9673901584563229,0.6029176146565947,0.13732555955014325,4183,17.0,"{""params"": {""regressor__model__alpha"": 0.01, ""regressor__model__gamma"": 0.01}, ""tuning"": ""5-fold CV"", ""tuning_mae_D"": 0.5222513562705576}",pls10,0.5222513562705576,B
1,1000,rf,dev,0.5368212534221936,0.8324589910585768,0.7481812711766089,0.7006030505160186,-0.03727463298658782,5000,42.1,"{""params"": {""regressor__model__max_features"": 0.5, ""regressor__model__min_samples_leaf"": 1}, ""tuning"": ""5-fold CV"", ""tuning_mae_D"": 0.5667111196412349}",pls10,0.5667111196412349,B
1,1000,rf,dev_unseen,0.7962118172870292,1.1240961778924152,1.0246597587550026,0.5270599242670554,-0.04031561537372634,4183,42.1,"{""params"": {""regressor__model__max_features"": 0.5, ""regressor__model__min_samples_leaf"": 1}, ""tuning"": ""5-fold CV"", ""tuning_mae_D"": 0.5667111196412349}",pls10,0.5667111196412349,B
1,1000,xgb,dev,0.5217815830818391,0.8022775634596249,0.73904173368044,0.7219192230501502,-0.010264755211865907,5000,19.0,"{""params"": {""regressor__model__learning_rate"": 0.03, ""regressor__model__max_depth"": 3, ""regressor__model__min_child_weight"": 1}, ""tuning"": ""5-fold CV"", ""tuning_mae_D"": 0.5483160951889031}",pls10,0.5483160951889031,B
1,1000,xgb,dev_unseen,0.7545623531664497,1.0602283742810603,0.985683477863447,0.5792752898247081,0.0395399254206804,4183,19.0,"{""params"": {""regressor__model__learning_rate"": 0.03, ""regressor__model__max_depth"": 3, ""regressor__model__min_child_weight"": 1}, ""tuning"": ""5-fold CV"", ""tuning_mae_D"": 0.5483160951889031}",pls10,0.5483160951889031,B
1,1000,ridge,dev,1.0279466883444992,1.3699266657425966,1.265480022945952,0.18919519619264136,-0.07024712220781364,5000,0.4,"{""params"": {""regressor__model__alpha"": 100.0}, ""tuning"": ""5-fold CV"", ""tuning_mae_D"": 1.0335137185003496}",composition,1.0335137185003496,B
1,1000,ridge,dev_unseen,1.1859961826094316,1.5459058039585507,1.4455956629392468,0.10553113168942119,-0.053192708078037707,4183,0.4,"{""params"": {""regressor__model__alpha"": 100.0}, ""tuning"": ""5-fold CV"", ""tuning_mae_D"": 1.0335137185003496}",composition,1.0335137185003496,B
1,1000,rbf_krr,dev,0.990813980223397,1.344811286884097,1.2370947114930364,0.21865225099416175,-0.06098361675965894,5000,4.3,"{""params"": {""regressor__model__alpha"": 0.1, ""regressor__model__gamma"": 0.006324555320336758}, ""tuning"": ""5-fold CV"", ""tuning_mae_D"": 0.9972279564842526}",composition,0.9972279564842526,B
1,1000,rbf_krr,dev_unseen,1.165845659147557,1.5242907736905584,1.42306788314954,0.1303693937891558,0.08367998107945362,4183,4.3,"{""params"": {""regressor__model__alpha"": 0.1, ""regressor__model__gamma"": 0.006324555320336758}, ""tuning"": ""5-fold CV"", ""tuning_mae_D"": 0.9972279564842526}",composition,0.9972279564842526,B
1,1000,rf,dev,1.0152386734423127,1.3626801501950054,1.2590063451454172,0.19775035449529088,-0.06122437497222912,5000,8.7,"{""params"": {""regressor__model__max_features"": 0.5, ""regressor__model__min_samples_leaf"": 5}, ""tuning"": ""5-fold CV"", ""tuning_mae_D"": 1.0143938569744495}",composition,1.0143938569744495,B
1,1000,rf,dev_unseen,1.163522739598148,1.5307997584018562,1.4252237709965476,0.12292659102863723,-0.13480743869444328,4183,8.7,"{""params"": {""regressor__model__max_features"": 0.5, ""regressor__model__min_samples_leaf"": 5}, ""tuning"": ""5-fold CV"", ""tuning_mae_D"": 1.0143938569744495}",composition,1.0143938569744495,B
1,1000,xgb,dev,1.0208987812774566,1.3766191592521408,1.276154761946656,0.18125380696238957,-0.04424874596009253,5000,2.4,"{""params"": {""regressor__model__learning_rate"": 0.03, ""regressor__model__max_depth"": 3, ""regressor__model__min_child_weight"": 5}, ""tuning"": ""5-fold CV"", ""tuning_mae_D"": 1.0312773443501952}",composition,1.0312773443501952,B
1,1000,xgb,dev_unseen,1.1708676334019628,1.5463833382117655,1.4430601136145909,0.10497843890024361,-0.12356491394046387,4183,2.4,"{""params"": {""regressor__model__learning_rate"": 0.03, ""regressor__model__max_depth"": 3, ""regressor__model__min_child_weight"": 5}, ""tuning"": ""5-fold CV"", ""tuning_mae_D"": 1.0312773443501952}",composition,1.0312773443501952,B
1,1000,rbf_krr,dev,0.5657536341759182,0.870491202304025,0.7852351110645881,0.6726212795646755,0.014975899153388587,5000,16.1,"{""params"": {""regressor__model__alpha"": 0.1, ""regressor__model__gamma"": 0.07905694150420949}, ""tuning"": ""5-fold CV"", ""tuning_mae_D"": 0.6081093406950304}",pls4,0.6081093406950304,B
1,1000,rbf_krr,dev_unseen,0.8142108782834343,1.1559162194945207,1.0606100155325229,0.4999057171737644,-0.12703454471261683,4183,16.1,"{""params"": {""regressor__model__alpha"": 0.1, ""regressor__model__gamma"": 0.07905694150420949}, ""tuning"": ""5-fold CV"", ""tuning_mae_D"": 0.6081093406950304}",pls4,0.6081093406950304,B
1,1000,rbf_krr,dev,0.5127692533425973,0.7862889777444204,0.7160538319209895,0.7328925200809489,0.006176367204176448,5000,27.7,"{""params"": {""regressor__model__alpha"": 0.1, ""regressor__model__gamma"": 0.05270462766947299}, ""tuning"": ""5-fold CV"", ""tuning_mae_D"": 0.5434487496578553}",pls6,0.5434487496578553,B
1,1000,rbf_krr,dev_unseen,0.7619890440440763,1.0863330082505618,1.00443430281662,0.5583023121614381,0.13269457296532386,4183,27.7,"{""params"": {""regressor__model__alpha"": 0.1, ""regressor__model__gamma"": 0.05270462766947299}, ""tuning"": ""5-fold CV"", ""tuning_mae_D"": 0.5434487496578553}",pls6,0.5434487496578553,B
1,1000,rbf_krr,dev,0.5030194492514203,0.7776119831629009,0.7065666871556994,0.7387552548512932,0.001211794467492556,5000,21.7,"{""params"": {""regressor__model__alpha"": 0.1, ""regressor__model__gamma"": 0.03952847075210474}, ""tuning"": ""5-fold CV"", ""tuning_mae_D"": 0.5210719255497507}",pls8,0.5210719255497507,B
1,1000,rbf_krr,dev_unseen,0.7457834721193453,1.0617788056502828,0.9853897882135417,0.5780438914671044,0.11408594715353168,4183,21.7,"{""params"": {""regressor__model__alpha"": 0.1, ""regressor__model__gamma"": 0.03952847075210474}, ""tuning"": ""5-fold CV"", ""tuning_mae_D"": 0.5210719255497507}",pls8,0.5210719255497507,B
1,1000,rbf_krr,dev,0.48572246669603736,0.7592192799032409,0.6860129150891946,0.7509674412712509,-0.020099255840032883,5000,18.0,"{""params"": {""regressor__model__alpha"": 0.1, ""regressor__model__gamma"": 0.026352313834736494}, ""tuning"": ""5-fold CV"", ""tuning_mae_D"": 0.5173971075195972}",pls12,0.5173971075195972,B
1,1000,rbf_krr,dev_unseen,0.7436756382367945,1.043449513036621,0.9704182130703893,0.5924864481964109,0.10625509821334395,4183,18.0,"{""params"": {""regressor__model__alpha"": 0.1, ""regressor__model__gamma"": 0.026352313834736494}, ""tuning"": ""5-fold CV"", ""tuning_mae_D"": 0.5173971075195972}",pls12,0.5173971075195972,B
1,1000,rbf_krr,dev,0.4754256982160308,0.7267717906289051,0.670659994979552,0.771798865900645,-0.007086442392673593,5000,17.7,"{""params"": {""regressor__model__alpha"": 0.1, ""regressor__model__gamma"": 0.00625}, ""tuning"": ""5-fold CV"", ""tuning_mae_D"": 0.5167375375538872}",pls16,0.5167375375538872,B
1,1000,rbf_krr,dev_unseen,0.7292041791480276,1.0166748336227684,0.9560654906698632,0.6131315433300519,0.10093637827373468,4183,17.7,"{""params"": {""regressor__model__alpha"": 0.1, ""regressor__model__gamma"": 0.00625}, ""tuning"": ""5-fold CV"", ""tuning_mae_D"": 0.5167375375538872}",pls16,0.5167375375538872,B
2,100,mean,dev,1.16512164,1.5302348487353175,1.4182725879339113,-0.011667621747172507,-0.16433509999999957,5000,0.0,"{""mean_D"": 2.5387700000000004}",—,,B
2,100,mean,dev_unseen,1.3169506454697586,1.7518050013238708,1.63871509144388,-0.14860498838435987,-0.6301110662204157,4183,0.0,"{""mean_D"": 2.5387700000000004}",—,,B
2,100,ridge,dev,0.6631030381541004,1.0318787925634252,0.8906391812823061,0.53997752728369,-0.13614369429673023,5000,9.6,"{""params"": {""regressor__model__alpha"": 31.622776601683793}, ""tuning"": ""5-fold CV"", ""tuning_mae_D"": 0.661983441686607}",all_legal,0.661983441686607,B
2,100,ridge,dev_unseen,0.9066585093911778,1.2765882103635,1.1584183587525847,0.3900407343908877,-0.1811125778484062,4183,9.6,"{""params"": {""regressor__model__alpha"": 31.622776601683793}, ""tuning"": ""5-fold CV"", ""tuning_mae_D"": 0.661983441686607}",all_legal,0.661983441686607,B
2,100,rbf_krr,dev,0.68381163916801,1.0661281143911678,0.9170404811748778,0.508933320720919,-0.17550785380383724,5000,10.5,"{""params"": {""regressor__model__alpha"": 0.1, ""regressor__model__gamma"": 0.0016820625851959464}, ""tuning"": ""5-fold CV"", ""tuning_mae_D"": 0.6183497361639131}",all_legal,0.6183497361639131,B
2,100,rbf_krr,dev_unseen,0.9686273701991435,1.351999191679997,1.2251120513004692,0.31584888640953135,-0.32193866554998135,4183,10.5,"{""params"": {""regressor__model__alpha"": 0.1, ""regressor__model__gamma"": 0.0016820625851959464}, ""tuning"": ""5-fold CV"", ""tuning_mae_D"": 0.6183497361639131}",all_legal,0.6183497361639131,B
2,100,rf,dev,0.710470392780759,1.088165954161968,0.9445880800787084,0.4884219029036324,-0.22886786187783864,5000,23.8,"{""params"": {""regressor__model__max_features"": 0.5, ""regressor__model__min_samples_leaf"": 1}, ""tuning"": ""5-fold CV"", ""tuning_mae_D"": 0.6650252184026172}",all_legal,0.6650252184026172,B
2,100,rf,dev_unseen,0.9789664579504604,1.378800092665828,1.2506270226278695,0.2884559651627,-0.47551338217174677,4183,23.8,"{""params"": {""regressor__model__max_features"": 0.5, ""regressor__model__min_samples_leaf"": 1}, ""tuning"": ""5-fold CV"", ""tuning_mae_D"": 0.6650252184026172}",all_legal,0.6650252184026172,B
2,100,xgb,dev,0.6837136871782732,1.0614931400147345,0.9150209766848192,0.5131938478219349,-0.2085610608966112,5000,16.9,"{""params"": {""regressor__model__learning_rate"": 0.03, ""regressor__model__max_depth"": 5, ""regressor__model__min_child_weight"": 5}, ""tuning"": ""5-fold CV"", ""tuning_mae_D"": 0.6394093410472871}",all_legal,0.6394093410472871,B
2,100,xgb,dev_unseen,0.9470322840534384,1.3399309941099111,1.209793032922968,0.3280080969417781,-0.39557092281157913,4183,16.9,"{""params"": {""regressor__model__learning_rate"": 0.03, ""regressor__model__max_depth"": 5, ""regressor__model__min_child_weight"": 5}, ""tuning"": ""5-fold CV"", ""tuning_mae_D"": 0.6394093410472871}",all_legal,0.6394093410472871,B
2,100,ridge,dev,0.7310913491913824,1.1214576707741135,0.9813113787682524,0.45664027283499675,-0.19151318453137597,5000,9.9,"{""params"": {""regressor__model__alpha"": 31.622776601683793}, ""tuning"": ""5-fold CV"", ""tuning_mae_D"": 0.718156019958773}",pls10,0.718156019958773,B
2,100,ridge,dev_unseen,0.9766207364920788,1.3763814729958925,1.2543489478365917,0.2909500830603091,-0.28705511220106006,4183,9.9,"{""params"": {""regressor__model__alpha"": 31.622776601683793}, ""tuning"": ""5-fold CV"", ""tuning_mae_D"": 0.718156019958773}",pls10,0.718156019958773,B
2,100,rbf_krr,dev,0.7185061692505035,1.1063909426678218,0.9624437409865388,0.4711422194442454,-0.22004191172981705,5000,9.4,"{""params"": {""regressor__model__alpha"": 1.0, ""regressor__model__gamma"": 0.03162277660168379}, ""tuning"": ""5-fold CV"", ""tuning_mae_D"": 0.6724415319695336}",pls10,0.6724415319695336,B
2,100,rbf_krr,dev_unseen,0.9861503363459831,1.3869445790166088,1.2632092000579995,0.2800250453543929,-0.31846356463041525,4183,9.4,"{""params"": {""regressor__model__alpha"": 1.0, ""regressor__model__gamma"": 0.03162277660168379}, ""tuning"": ""5-fold CV"", ""tuning_mae_D"": 0.6724415319695336}",pls10,0.6724415319695336,B
2,100,rf,dev,0.7311360497706739,1.1269827879489658,0.9818615430149802,0.45127311263095515,-0.24368550312788015,5000,15.4,"{""params"": {""regressor__model__max_features"": ""sqrt"", ""regressor__model__min_samples_leaf"": 1}, ""tuning"": ""5-fold CV"", ""tuning_mae_D"": 0.707233672922493}",pls10,0.707233672922493,B
2,100,rf,dev_unseen,1.0340363635879137,1.4532318952916174,1.3247647119070805,0.20955980518805517,-0.5006840648950489,4183,15.4,"{""params"": {""regressor__model__max_features"": ""sqrt"", ""regressor__model__min_samples_leaf"": 1}, ""tuning"": ""5-fold CV"", ""tuning_mae_D"": 0.707233672922493}",pls10,0.707233672922493,B
2,100,xgb,dev,0.7383791536483288,1.13093425995302,0.9887299569799356,0.4474184305371748,-0.23366382519612316,5000,13.5,"{""params"": {""regressor__model__learning_rate"": 0.1, ""regressor__model__max_depth"": 7, ""regressor__model__min_child_weight"": 1}, ""tuning"": ""5-fold CV"", ""tuning_mae_D"": 0.7399880819730761}",pls10,0.7399880819730761,B
2,100,xgb,dev_unseen,1.047034902813524,1.456892698669856,1.3308612384942327,0.20557242945828103,-0.4313224352616144,4183,13.5,"{""params"": {""regressor__model__learning_rate"": 0.1, ""regressor__model__max_depth"": 7, ""regressor__model__min_child_weight"": 1}, ""tuning"": ""5-fold CV"", ""tuning_mae_D"": 0.7399880819730761}",pls10,0.7399880819730761,B
2,100,ridge,dev,1.0433660036540797,1.420714784910725,1.309145209345461,0.12796187082453858,-0.32550482088680666,5000,0.5,"{""params"": {""regressor__model__alpha"": 31.622776601683793}, ""tuning"": ""5-fold CV"", ""tuning_mae_D"": 0.9986409060260629}",composition,0.9986409060260629,B
2,100,ridge,dev_unseen,1.2361811177335176,1.6391905223362684,1.5303213680858607,-0.00567590035381782,-0.5125739746744252,4183,0.5,"{""params"": {""regressor__model__alpha"": 31.622776601683793}, ""tuning"": ""5-fold CV"", ""tuning_mae_D"": 0.9986409060260629}",composition,0.9986409060260629,B
2,100,rbf_krr,dev,1.0017179417635549,1.401821721786396,1.2768699384531654,0.1510008704583068,-0.24654176832020674,5000,0.8,"{""params"": {""regressor__model__alpha"": 1e-05, ""regressor__model__gamma"": 0.0006324555320336759}, ""tuning"": ""5-fold CV"", ""tuning_mae_D"": 0.8996710461206436}",composition,0.8996710461206436,B
2,100,rbf_krr,dev_unseen,1.250632270401231,1.6768029831245486,1.5612246961447183,-0.05235737788247796,-0.6246083450909491,4183,0.8,"{""params"": {""regressor__model__alpha"": 1e-05, ""regressor__model__gamma"": 0.0006324555320336759}, ""tuning"": ""5-fold CV"", ""tuning_mae_D"": 0.8996710461206436}",composition,0.8996710461206436,B
2,100,rf,dev,1.0335495022593886,1.418934291226061,1.301059475638892,0.13014624375154638,-0.32540706334096753,5000,7.9,"{""params"": {""regressor__model__max_features"": 0.5, ""regressor__model__min_samples_leaf"": 5}, ""tuning"": ""5-fold CV"", ""tuning_mae_D"": 0.9219817210475654}",composition,0.9219817210475654,B
2,100,rf,dev_unseen,1.236612639598498,1.6491781987184733,1.535006694709845,-0.01796851153156309,-0.5790199362281107,4183,7.9,"{""params"": {""regressor__model__max_features"": 0.5, ""regressor__model__min_samples_leaf"": 5}, ""tuning"": ""5-fold CV"", ""tuning_mae_D"": 0.9219817210475654}",composition,0.9219817210475654,B
2,100,xgb,dev,1.0656893049942016,1.4509194798154312,1.3358941708080967,0.0904882848231362,-0.2437897196889877,5000,2.0,"{""params"": {""regressor__model__learning_rate"": 0.03, ""regressor__model__max_depth"": 3, ""regressor__model__min_child_weight"": 5}, ""tuning"": ""5-fold CV"", ""tuning_mae_D"": 1.0506424669101244}",composition,1.0506424669101244,B
2,100,xgb,dev_unseen,1.2286422726992983,1.6471049957468513,1.5342137993249252,-0.015410717832150755,-0.4703182923955095,4183,2.0,"{""params"": {""regressor__model__learning_rate"": 0.03, ""regressor__model__max_depth"": 3, ""regressor__model__min_child_weight"": 5}, ""tuning"": ""5-fold CV"", ""tuning_mae_D"": 1.0506424669101244}",composition,1.0506424669101244,B
2,100,rbf_krr,dev,0.674967957385102,1.0469484929261028,0.9090436512483818,0.5264429498824132,-0.17494781858113542,5000,13.3,"{""params"": {""regressor__model__alpha"": 1.0, ""regressor__model__gamma"": 0.07905694150420949}, ""tuning"": ""5-fold CV"", ""tuning_mae_D"": 0.6064882298319465}",pls4,0.6064882298319465,B
2,100,rbf_krr,dev_unseen,0.9509367112903572,1.325449279995824,1.206835282332565,0.342455118581947,-0.3285053410034835,4183,13.3,"{""params"": {""regressor__model__alpha"": 1.0, ""regressor__model__gamma"": 0.07905694150420949}, ""tuning"": ""5-fold CV"", ""tuning_mae_D"": 0.6064882298319465}",pls4,0.6064882298319465,B
2,100,rbf_krr,dev,0.7016212765037522,1.082629293217646,0.9335889094550219,0.49361454590375364,-0.19340352101093827,5000,8.8,"{""params"": {""regressor__model__alpha"": 1.0, ""regressor__model__gamma"": 0.16666666666666666}, ""tuning"": ""5-fold CV"", ""tuning_mae_D"": 0.6496290641800946}",pls6,0.6496290641800946,B
2,100,rbf_krr,dev_unseen,0.97080967391973,1.3633466245864152,1.2322769876740987,0.3043164267151024,-0.30871054991086866,4183,8.8,"{""params"": {""regressor__model__alpha"": 1.0, ""regressor__model__gamma"": 0.16666666666666666}, ""tuning"": ""5-fold CV"", ""tuning_mae_D"": 0.6496290641800946}",pls6,0.6496290641800946,B
2,100,rbf_krr,dev,0.7251010196065389,1.1166546552045915,0.9716971235222162,0.4612845437751778,-0.22382946059311717,5000,11.0,"{""params"": {""regressor__model__alpha"": 1.0, ""regressor__model__gamma"": 0.125}, ""tuning"": ""5-fold CV"", ""tuning_mae_D"": 0.6351418305554337}",pls8,0.6351418305554337,B
2,100,rbf_krr,dev_unseen,1.0275427086185025,1.4216621256109876,1.2983876034295605,0.24352956118827296,-0.32285083694655836,4183,11.0,"{""params"": {""regressor__model__alpha"": 1.0, ""regressor__model__gamma"": 0.125}, ""tuning"": ""5-fold CV"", ""tuning_mae_D"": 0.6351418305554337}",pls8,0.6351418305554337,B
2,100,rbf_krr,dev,0.7368866545428356,1.1258260771519752,0.9836900039145463,0.4523989374286649,-0.22314956147377152,5000,8.7,"{""params"": {""regressor__model__alpha"": 1.0, ""regressor__model__gamma"": 0.026352313834736494}, ""tuning"": ""5-fold CV"", ""tuning_mae_D"": 0.6692591361426007}",pls12,0.6692591361426007,B
2,100,rbf_krr,dev_unseen,0.980087709427602,1.3722985937588794,1.2486901307381668,0.2951504758263641,-0.25382783181521834,4183,8.7,"{""params"": {""regressor__model__alpha"": 1.0, ""regressor__model__gamma"": 0.026352313834736494}, ""tuning"": ""5-fold CV"", ""tuning_mae_D"": 0.6692591361426007}",pls12,0.6692591361426007,B
2,100,rbf_krr,dev,0.7645430377927738,1.1567730350981904,1.0098843415676426,0.4218800088251282,-0.22099632642678801,5000,13.2,"{""params"": {""regressor__model__alpha"": 1.0, ""regressor__model__gamma"": 0.01976423537605237}, ""tuning"": ""5-fold CV"", ""tuning_mae_D"": 0.6910620014528108}",pls16,0.6910620014528108,B
2,100,rbf_krr,dev_unseen,0.9931376406401144,1.3790593314689361,1.253354395614911,0.2881883742830853,-0.24090546521638292,4183,13.2,"{""params"": {""regressor__model__alpha"": 1.0, ""regressor__model__gamma"": 0.01976423537605237}, ""tuning"": ""5-fold CV"", ""tuning_mae_D"": 0.6910620014528108}",pls16,0.6910620014528108,B
2,300,mean,dev,1.176391032,1.5213882605729545,1.4123338467995887,-4.135558984152965e-06,0.0030938999999998032,5000,0.0,"{""mean_D"": 2.706199}",—,,B
2,300,mean,dev_unseen,1.2853358104231412,1.6987805924520953,1.585772677702516,-0.08012434771967247,-0.46268206622041613,4183,0.0,"{""mean_D"": 2.706199}",—,,B
2,300,ridge,dev,0.5656681213634095,0.8896028994880464,0.8029500951840923,0.658088227894462,-0.039221857840534634,5000,13.1,"{""params"": {""regressor__model__alpha"": 31.622776601683793}, ""tuning"": ""5-fold CV"", ""tuning_mae_D"": 0.6045800021473968}",all_legal,0.6045800021473968,B
2,300,ridge,dev_unseen,0.7915938796040505,1.1234424821755324,1.0207071409494968,0.5276098220699836,-0.14245453705221525,4183,13.1,"{""params"": {""regressor__model__alpha"": 31.622776601683793}, ""tuning"": ""5-fold CV"", ""tuning_mae_D"": 0.6045800021473968}",all_legal,0.6045800021473968,B
2,300,rbf_krr,dev,0.5615929696357781,0.9031193713808922,0.7976309927609307,0.6476194006347912,-0.05236493887035922,5000,12.5,"{""params"": {""regressor__model__alpha"": 0.01, ""regressor__model__gamma"": 0.0016820625851959464}, ""tuning"": ""5-fold CV"", ""tuning_mae_D"": 0.5671638565302245}",all_legal,0.5671638565302245,B
2,300,rbf_krr,dev_unseen,0.8380853243589161,1.2232619324316905,1.096009628960345,0.43993543501857435,-0.2509018025966454,4183,12.5,"{""params"": {""regressor__model__alpha"": 0.01, ""regressor__model__gamma"": 0.0016820625851959464}, ""tuning"": ""5-fold CV"", ""tuning_mae_D"": 0.5671638565302245}",all_legal,0.5671638565302245,B
2,300,rf,dev,0.6081053986465593,0.9607995820470716,0.8290506781867488,0.601170489582715,-0.12737518017329189,5000,35.6,"{""params"": {""regressor__model__max_features"": 0.5, ""regressor__model__min_samples_leaf"": 1}, ""tuning"": ""5-fold CV"", ""tuning_mae_D"": 0.6088912687954705}",all_legal,0.6088912687954705,B
2,300,rf,dev_unseen,0.8461187448840766,1.2015688626197683,1.0810728170116897,0.4596234362136955,-0.29888063076560545,4183,35.6,"{""params"": {""regressor__model__max_features"": 0.5, ""regressor__model__min_samples_leaf"": 1}, ""tuning"": ""5-fold CV"", ""tuning_mae_D"": 0.6088912687954705}",all_legal,0.6088912687954705,B
2,300,xgb,dev,0.5962754332159232,0.9403415159112816,0.8149537491514409,0.6179740225741269,-0.10843894065628051,5000,62.4,"{""params"": {""regressor__model__learning_rate"": 0.1, ""regressor__model__max_depth"": 3, ""regressor__model__min_child_weight"": 1}, ""tuning"": ""5-fold CV"", ""tuning_mae_D"": 0.5742600142318401}",all_legal,0.5742600142318401,B
2,300,xgb,dev_unseen,0.8495536233990153,1.2024098554833527,1.0856419825267043,0.45886673905466213,-0.2977464968172979,4183,62.4,"{""params"": {""regressor__model__learning_rate"": 0.1, ""regressor__model__max_depth"": 3, ""regressor__model__min_child_weight"": 1}, ""tuning"": ""5-fold CV"", ""tuning_mae_D"": 0.5742600142318401}",all_legal,0.5742600142318401,B
2,300,ridge,dev,0.5957235243513904,0.9406310984301591,0.8663805088252603,0.6177386930110766,-0.03669999361904995,5000,22.4,"{""params"": {""regressor__model__alpha"": 31.622776601683793}, ""tuning"": ""5-fold CV"", ""tuning_mae_D"": 0.6252878165544158}",pls10,0.6252878165544158,B
2,300,ridge,dev_unseen,0.8080153871455887,1.1470907859433388,1.0477032049409654,0.5075130161116057,-0.18848371997870295,4183,22.4,"{""params"": {""regressor__model__alpha"": 31.622776601683793}, ""tuning"": ""5-fold CV"", ""tuning_mae_D"": 0.6252878165544158}",pls10,0.6252878165544158,B
2,300,rbf_krr,dev,0.5769995140025193,0.9159047438032946,0.7911840372185496,0.6375715420502379,-0.08447612367039475,5000,19.0,"{""params"": {""regressor__model__alpha"": 1.0, ""regressor__model__gamma"": 0.03162277660168379}, ""tuning"": ""5-fold CV"", ""tuning_mae_D"": 0.6173578086732202}",pls10,0.6173578086732202,B
2,300,rbf_krr,dev_unseen,0.8329383523930451,1.1935478218165747,1.0848059982055052,0.46681389457941613,-0.2506372265838885,4183,19.0,"{""params"": {""regressor__model__alpha"": 1.0, ""regressor__model__gamma"": 0.03162277660168379}, ""tuning"": ""5-fold CV"", ""tuning_mae_D"": 0.6173578086732202}",pls10,0.6173578086732202,B
2,300,rf,dev,0.6482425114912511,0.9855914339121445,0.8768221309394798,0.5803226654853422,-0.13872513427906216,5000,22.2,"{""params"": {""regressor__model__max_features"": ""sqrt"", ""regressor__model__min_samples_leaf"": 1}, ""tuning"": ""5-fold CV"", ""tuning_mae_D"": 0.6162825747745874}",pls10,0.6162825747745874,B
2,300,rf,dev_unseen,0.9519454511947005,1.3202765352292158,1.2015041411262606,0.3475774191573884,-0.45498067570482204,4183,22.2,"{""params"": {""regressor__model__max_features"": ""sqrt"", ""regressor__model__min_samples_leaf"": 1}, ""tuning"": ""5-fold CV"", ""tuning_mae_D"": 0.6162825747745874}",pls10,0.6162825747745874,B
2,300,xgb,dev,0.6229794876458263,0.9367432191693872,0.8425597398594706,0.6208921384136529,-0.09382788326153756,5000,16.8,"{""params"": {""regressor__model__learning_rate"": 0.1, ""regressor__model__max_depth"": 7, ""regressor__model__min_child_weight"": 1}, ""tuning"": ""5-fold CV"", ""tuning_mae_D"": 0.6149774807828259}",pls10,0.6149774807828259,B
2,300,xgb,dev_unseen,0.9238008728824731,1.2676857342766192,1.1595639057418878,0.3985183527240319,-0.3286046739826641,4183,16.8,"{""params"": {""regressor__model__learning_rate"": 0.1, ""regressor__model__max_depth"": 7, ""regressor__model__min_child_weight"": 1}, ""tuning"": ""5-fold CV"", ""tuning_mae_D"": 0.6149774807828259}",pls10,0.6149774807828259,B
2,300,ridge,dev,1.034650363432835,1.3905848155514728,1.2809187212692474,0.16455735482159295,-0.20103257118300513,5000,0.3,"{""params"": {""regressor__model__alpha"": 100.0}, ""tuning"": ""5-fold CV"", ""tuning_mae_D"": 0.9813069236711258}",composition,0.9813069236711258,B
2,300,ridge,dev_unseen,1.193636011338498,1.5688596207941532,1.4626493384939376,0.07877154315533541,-0.2876703422225673,4183,0.3,"{""params"": {""regressor__model__alpha"": 100.0}, ""tuning"": ""5-fold CV"", ""tuning_mae_D"": 0.9813069236711258}",composition,0.9813069236711258,B
2,300,rbf_krr,dev,0.9947180468920813,1.3645510231347773,1.2451222431246698,0.19554596709388838,-0.1894595058233235,5000,0.9,"{""params"": {""regressor__model__alpha"": 1.0, ""regressor__model__gamma"": 0.06324555320336758}, ""tuning"": ""5-fold CV"", ""tuning_mae_D"": 0.959746202583522}",composition,0.959746202583522,B
2,300,rbf_krr,dev_unseen,1.1724672121994621,1.5561000963588487,1.4427870266290854,0.09369529729247583,-0.31287427620352226,4183,0.9,"{""params"": {""regressor__model__alpha"": 1.0, ""regressor__model__gamma"": 0.06324555320336758}, ""tuning"": ""5-fold CV"", ""tuning_mae_D"": 0.959746202583522}",composition,0.959746202583522,B
2,300,rf,dev,1.0203707918444136,1.3871118658553236,1.27017223314292,0.16872513675004386,-0.2064822805386224,5000,8.8,"{""params"": {""regressor__model__max_features"": 0.5, ""regressor__model__min_samples_leaf"": 5}, ""tuning"": ""5-fold CV"", ""tuning_mae_D"": 0.9567250867770853}",composition,0.9567250867770853,B
2,300,rf,dev_unseen,1.185835691467969,1.5742926134645523,1.4629081745738208,0.07238002967240331,-0.34831364040239565,4183,8.8,"{""params"": {""regressor__model__max_features"": 0.5, ""regressor__model__min_samples_leaf"": 5}, ""tuning"": ""5-fold CV"", ""tuning_mae_D"": 0.9567250867770853}",composition,0.9567250867770853,B
2,300,xgb,dev,1.0127209826494978,1.4041409624948729,1.2835082225516603,0.14818929728405872,-0.19555835512886047,5000,2.2,"{""params"": {""regressor__model__learning_rate"": 0.03, ""regressor__model__max_depth"": 3, ""regressor__model__min_child_weight"": 5}, ""tuning"": ""5-fold CV"", ""tuning_mae_D"": 0.9948387490685777}",composition,0.9948387490685777,B
2,300,xgb,dev_unseen,1.230238593119638,1.6367452013945902,1.5272654581222183,-0.0026776326036441755,-0.40256645718761935,4183,2.2,"{""params"": {""regressor__model__learning_rate"": 0.03, ""regressor__model__max_depth"": 3, ""regressor__model__min_child_weight"": 5}, ""tuning"": ""5-fold CV"", ""tuning_mae_D"": 0.9948387490685777}",composition,0.9948387490685777,B
2,300,rbf_krr,dev,0.6144819406335635,0.9593275146339023,0.833348143349801,0.6023916686457313,-0.052123435414548024,5000,12.6,"{""params"": {""regressor__model__alpha"": 1.0, ""regressor__model__gamma"": 0.07905694150420949}, ""tuning"": ""5-fold CV"", ""tuning_mae_D"": 0.6151969348504707}",pls4,0.6151969348504707,B
2,300,rbf_krr,dev_unseen,0.865093977587316,1.2114483921179886,1.0999903213314197,0.45070074499351,-0.02788543726678022,4183,12.6,"{""params"": {""regressor__model__alpha"": 1.0, ""regressor__model__gamma"": 0.07905694150420949}, ""tuning"": ""5-fold CV"", ""tuning_mae_D"": 0.6151969348504707}",pls4,0.6151969348504707,B
2,300,rbf_krr,dev,0.6013502013737794,0.9231963188880378,0.8044047125012258,0.631777940521515,-0.09170390025431839,5000,19.6,"{""params"": {""regressor__model__alpha"": 1.0, ""regressor__model__gamma"": 0.016666666666666666}, ""tuning"": ""5-fold CV"", ""tuning_mae_D"": 0.6177937719833079}",pls6,0.6177937719833079,B
2,300,rbf_krr,dev_unseen,0.8320740806301478,1.1721567594084383,1.0562875617076557,0.48575442076543407,-0.23160012576589592,4183,19.6,"{""params"": {""regressor__model__alpha"": 1.0, ""regressor__model__gamma"": 0.016666666666666666}, ""tuning"": ""5-fold CV"", ""tuning_mae_D"": 0.6177937719833079}",pls6,0.6177937719833079,B
2,300,rbf_krr,dev,0.6068992564500569,0.9734641111732578,0.833607917562336,0.5905870605590452,-0.1217561729938544,5000,20.2,"{""params"": {""regressor__model__alpha"": 1.0, ""regressor__model__gamma"": 0.125}, ""tuning"": ""5-fold CV"", ""tuning_mae_D"": 0.6096206290776941}",pls8,0.6096206290776941,B
2,300,rbf_krr,dev_unseen,0.8929151882623689,1.2641599577729605,1.140269670796893,0.4018594658980237,-0.328194669539295,4183,20.2,"{""params"": {""regressor__model__alpha"": 1.0, ""regressor__model__gamma"": 0.125}, ""tuning"": ""5-fold CV"", ""tuning_mae_D"": 0.6096206290776941}",pls8,0.6096206290776941,B
2,300,rbf_krr,dev,0.5840171283857577,0.9189626458179943,0.7908425786700441,0.6351474454543109,-0.0960388680749042,5000,10.5,"{""params"": {""regressor__model__alpha"": 1.0, ""regressor__model__gamma"": 0.026352313834736494}, ""tuning"": ""5-fold CV"", ""tuning_mae_D"": 0.6308158944679119}",pls12,0.6308158944679119,B
2,300,rbf_krr,dev_unseen,0.8519105249239408,1.2223619634307552,1.10823518175009,0.44075922478775986,-0.3048340612697679,4183,10.5,"{""params"": {""regressor__model__alpha"": 1.0, ""regressor__model__gamma"": 0.026352313834736494}, ""tuning"": ""5-fold CV"", ""tuning_mae_D"": 0.6308158944679119}",pls12,0.6308158944679119,B
2,300,rbf_krr,dev,0.5992465758684495,0.9452057666735064,0.8170070154739821,0.6140114698168004,-0.1017114841584604,5000,12.1,"{""params"": {""regressor__model__alpha"": 0.1, ""regressor__model__gamma"": 0.0625}, ""tuning"": ""5-fold CV"", ""tuning_mae_D"": 0.6230122141544018}",pls16,0.6230122141544018,B
2,300,rbf_krr,dev_unseen,0.8988891636036899,1.2940091344799982,1.1738517149152004,0.3732795610329881,-0.31897192996203627,4183,12.1,"{""params"": {""regressor__model__alpha"": 0.1, ""regressor__model__gamma"": 0.0625}, ""tuning"": ""5-fold CV"", ""tuning_mae_D"": 0.6230122141544018}",pls16,0.6230122141544018,B
2,1000,mean,dev,1.1752944478,1.5214023634203906,1.4121263480155763,-2.2675167169250443e-05,-0.00724460000000023,5000,0.0,"{""mean_D"": 2.6958604999999998}",—,,B
2,1000,mean,dev_unseen,1.2868360816399715,1.7016254767008459,1.5885818002127141,-0.0837450645241884,-0.4730205662204162,4183,0.0,"{""mean_D"": 2.6958604999999998}",—,,B
2,1000,ridge,dev,0.4898708302056208,0.7612071391607527,0.6950621192701061,0.7496616531472412,-0.02295682937952877,5000,10.9,"{""params"": {""regressor__model__alpha"": 31.622776601683793}, ""tuning"": ""5-fold CV"", ""tuning_mae_D"": 0.47783289408484014}",all_legal,0.47783289408484014,B
2,1000,ridge,dev_unseen,0.7325378423157234,1.034712392042039,0.9652167518428715,0.5992823470082373,-0.07892501379028656,4183,10.9,"{""params"": {""regressor__model__alpha"": 31.622776601683793}, ""tuning"": ""5-fold CV"", ""tuning_mae_D"": 0.47783289408484014}",all_legal,0.47783289408484014,B
2,1000,rbf_krr,dev,0.4615005758103813,0.7431584083829254,0.6686339661680322,0.7613922935018516,-0.03559990880494132,5000,20.7,"{""params"": {""regressor__model__alpha"": 0.01, ""regressor__model__gamma"": 0.0005319148936170213}, ""tuning"": ""5-fold CV"", ""tuning_mae_D"": 0.44865715266690287}",all_legal,0.44865715266690287,B
2,1000,rbf_krr,dev_unseen,0.724891570187504,1.0462517555792723,0.9639472498507747,0.5902947078480834,-0.15413150775230547,4183,20.7,"{""params"": {""regressor__model__alpha"": 0.01, ""regressor__model__gamma"": 0.0005319148936170213}, ""tuning"": ""5-fold CV"", ""tuning_mae_D"": 0.44865715266690287}",all_legal,0.44865715266690287,B
2,1000,rf,dev,0.501647995329749,0.7814195587393207,0.7108591217912088,0.7361906225454412,-0.0699102654973948,5000,111.4,"{""params"": {""regressor__model__max_features"": 0.5, ""regressor__model__min_samples_leaf"": 1}, ""tuning"": ""5-fold CV"", ""tuning_mae_D"": 0.49367106839026687}",all_legal,0.49367106839026687,B
2,1000,rf,dev_unseen,0.753292330566121,1.0623270098036275,0.9814278907376167,0.5776080609426945,-0.22692747117714018,4183,111.4,"{""params"": {""regressor__model__max_features"": 0.5, ""regressor__model__min_samples_leaf"": 1}, ""tuning"": ""5-fold CV"", ""tuning_mae_D"": 0.49367106839026687}",all_legal,0.49367106839026687,B
2,1000,xgb,dev,0.468482235231111,0.744803179843249,0.672388361314543,0.7603349430479023,-0.06277680767635108,5000,111.9,"{""params"": {""regressor__model__learning_rate"": 0.03, ""regressor__model__max_depth"": 5, ""regressor__model__min_child_weight"": 1}, ""tuning"": ""5-fold CV"", ""tuning_mae_D"": 0.4587776935462118}",all_legal,0.4587776935462118,B
2,1000,xgb,dev_unseen,0.7167455786187086,1.0105839330246436,0.9405722433006943,0.617753116927139,-0.1573685811608139,4183,111.9,"{""params"": {""regressor__model__learning_rate"": 0.03, ""regressor__model__max_depth"": 5, ""regressor__model__min_child_weight"": 1}, ""tuning"": ""5-fold CV"", ""tuning_mae_D"": 0.4587776935462118}",all_legal,0.4587776935462118,B
2,1000,ridge,dev,0.5096986443624997,0.789855533992261,0.7229995404054617,0.7304638597113269,-0.024035150849487093,5000,13.1,"{""params"": {""regressor__model__alpha"": 10.0}, ""tuning"": ""5-fold CV"", ""tuning_mae_D"": 0.4868245398621646}",pls10,0.4868245398621646,B
2,1000,ridge,dev_unseen,0.7398585974111341,1.0506420664307412,0.9755935953348029,0.5868490600324361,-0.04827513835113342,4183,13.1,"{""params"": {""regressor__model__alpha"": 10.0}, ""tuning"": ""5-fold CV"", ""tuning_mae_D"": 0.4868245398621646}",pls10,0.4868245398621646,B
2,1000,rbf_krr,dev,0.49593397069530165,0.7786149387645542,0.7039909207428137,0.7380809189112396,-0.026706526143408058,5000,24.1,"{""params"": {""regressor__model__alpha"": 0.1, ""regressor__model__gamma"": 0.01}, ""tuning"": ""5-fold CV"", ""tuning_mae_D"": 0.47889689204029484}",pls10,0.47889689204029484,B
2,1000,rbf_krr,dev_unseen,0.7256105870657188,1.0414098398161669,0.9595297522869999,0.5940780577249551,-0.08526300008370608,4183,24.1,"{""params"": {""regressor__model__alpha"": 0.1, ""regressor__model__gamma"": 0.01}, ""tuning"": ""5-fold CV"", ""tuning_mae_D"": 0.47889689204029484}",pls10,0.47889689204029484,B
2,1000,rf,dev,0.5583650876296237,0.867532519217387,0.7789545914857511,0.6748429304965696,-0.08218327120695997,5000,31.3,"{""params"": {""regressor__model__max_features"": 0.5, ""regressor__model__min_samples_leaf"": 1}, ""tuning"": ""5-fold CV"", ""tuning_mae_D"": 0.5168096470491361}",pls10,0.5168096470491361,B
2,1000,rf,dev_unseen,0.8415857123200938,1.1940018548840974,1.0901280606021495,0.46640816275411845,-0.31039680791485513,4183,31.3,"{""params"": {""regressor__model__max_features"": 0.5, ""regressor__model__min_samples_leaf"": 1}, ""tuning"": ""5-fold CV"", ""tuning_mae_D"": 0.5168096470491361}",pls10,0.5168096470491361,B
2,1000,xgb,dev,0.5296837956755542,0.8190609977672434,0.7428347550471365,0.7101627725569574,-0.05588633168349266,5000,23.4,"{""params"": {""regressor__model__learning_rate"": 0.03, ""regressor__model__max_depth"": 3, ""regressor__model__min_child_weight"": 5}, ""tuning"": ""5-fold CV"", ""tuning_mae_D"": 0.49776809245583975}",pls10,0.49776809245583975,B
2,1000,xgb,dev_unseen,0.7869358722811705,1.1163130336272051,1.0299613134701258,0.5335864432320079,-0.202115628773363,4183,23.4,"{""params"": {""regressor__model__learning_rate"": 0.03, ""regressor__model__max_depth"": 3, ""regressor__model__min_child_weight"": 5}, ""tuning"": ""5-fold CV"", ""tuning_mae_D"": 0.49776809245583975}",pls10,0.49776809245583975,B
2,1000,ridge,dev,1.0197251599514285,1.3742879852825947,1.2697424727770188,0.18402439714314667,-0.14967489305915468,5000,0.6,"{""params"": {""regressor__model__alpha"": 31.622776601683793}, ""tuning"": ""5-fold CV"", ""tuning_mae_D"": 0.9923368397244794}",composition,0.9923368397244794,B
2,1000,ridge,dev_unseen,1.1951331426401046,1.5686900202227874,1.4659588980675171,0.07897071002203082,-0.17904334485777734,4183,0.6,"{""params"": {""regressor__model__alpha"": 31.622776601683793}, ""tuning"": ""5-fold CV"", ""tuning_mae_D"": 0.9923368397244794}",composition,0.9923368397244794,B
2,1000,rbf_krr,dev,0.9814536738980223,1.3474190030060358,1.234049898345242,0.21561909886878428,-0.14816469435149787,5000,7.0,"{""params"": {""regressor__model__alpha"": 1.0, ""regressor__model__gamma"": 0.06324555320336758}, ""tuning"": ""5-fold CV"", ""tuning_mae_D"": 0.9711108050975577}",composition,0.9711108050975577,B
2,1000,rbf_krr,dev_unseen,1.1542068806860262,1.5313876640721944,1.4209688688465476,0.12225277926059552,-0.16269187173903651,4183,7.0,"{""params"": {""regressor__model__alpha"": 1.0, ""regressor__model__gamma"": 0.06324555320336758}, ""tuning"": ""5-fold CV"", ""tuning_mae_D"": 0.9711108050975577}",composition,0.9711108050975577,B
2,1000,rf,dev,0.9983582289637593,1.370952557703062,1.2596603220984008,0.18798037265011303,-0.15127152927559617,5000,13.3,"{""params"": {""regressor__model__max_features"": 0.5, ""regressor__model__min_samples_leaf"": 5}, ""tuning"": ""5-fold CV"", ""tuning_mae_D"": 0.977428141121441}",composition,0.977428141121441,B
2,1000,rf,dev_unseen,1.1834826833486571,1.5587382142518456,1.4524043805333609,0.09061970416753717,-0.1873323024637958,4183,13.3,"{""params"": {""regressor__model__max_features"": 0.5, ""regressor__model__min_samples_leaf"": 5}, ""tuning"": ""5-fold CV"", ""tuning_mae_D"": 0.977428141121441}",composition,0.977428141121441,B
2,1000,xgb,dev,0.9963647069030285,1.372465282143289,1.2631739189586975,0.18618740086052843,-0.13756791668543816,5000,2.1,"{""params"": {""regressor__model__learning_rate"": 0.03, ""regressor__model__max_depth"": 3, ""regressor__model__min_child_weight"": 5}, ""tuning"": ""5-fold CV"", ""tuning_mae_D"": 0.9775171236086603}",composition,0.9775171236086603,B
2,1000,xgb,dev_unseen,1.2342452839882727,1.6105555109072656,1.515636216133773,0.029153496789583455,-0.01756867369213602,4183,2.1,"{""params"": {""regressor__model__learning_rate"": 0.03, ""regressor__model__max_depth"": 3, ""regressor__model__min_child_weight"": 5}, ""tuning"": ""5-fold CV"", ""tuning_mae_D"": 0.9775171236086603}",composition,0.9775171236086603,B
2,1000,rbf_krr,dev,0.5821236983511748,0.8717270177572872,0.8004547022947394,0.6716910763259978,-0.021766844949661218,5000,23.6,"{""params"": {""regressor__model__alpha"": 1e-05, ""regressor__model__gamma"": 0.00025}, ""tuning"": ""5-fold CV"", ""tuning_mae_D"": 0.5557408467315736}",pls4,0.5557408467315736,B
2,1000,rbf_krr,dev_unseen,0.8568575633398786,1.183083764146008,1.0969486981791186,0.4761219972175784,-0.27717052128880415,4183,23.6,"{""params"": {""regressor__model__alpha"": 1e-05, ""regressor__model__gamma"": 0.00025}, ""tuning"": ""5-fold CV"", ""tuning_mae_D"": 0.5557408467315736}",pls4,0.5557408467315736,B
2,1000,rbf_krr,dev,0.5157974240590405,0.8066126296754903,0.7282568337206925,0.7189059130392971,-0.03874555161844599,5000,32.0,"{""params"": {""regressor__model__alpha"": 0.1, ""regressor__model__gamma"": 0.05270462766947299}, ""tuning"": ""5-fold CV"", ""tuning_mae_D"": 0.5047087402333252}",pls6,0.5047087402333252,B
2,1000,rbf_krr,dev_unseen,0.7922076340910467,1.1187696896340866,1.0308381798663444,0.5315313235216569,-0.12078435423701377,4183,32.0,"{""params"": {""regressor__model__alpha"": 0.1, ""regressor__model__gamma"": 0.05270462766947299}, ""tuning"": ""5-fold CV"", ""tuning_mae_D"": 0.5047087402333252}",pls6,0.5047087402333252,B
2,1000,rbf_krr,dev,0.5098371607631916,0.8001067326140094,0.7226986371327152,0.7234220685610868,-0.030844730375602317,5000,15.6,"{""params"": {""regressor__model__alpha"": 0.1, ""regressor__model__gamma"": 0.03952847075210474}, ""tuning"": ""5-fold CV"", ""tuning_mae_D"": 0.48364142069791083}",pls8,0.48364142069791083,B
2,1000,rbf_krr,dev_unseen,0.7626093512897898,1.093775449669559,1.003138365284331,0.5522294601358193,-0.13667169229010734,4183,15.6,"{""params"": {""regressor__model__alpha"": 0.1, ""regressor__model__gamma"": 0.03952847075210474}, ""tuning"": ""5-fold CV"", ""tuning_mae_D"": 0.48364142069791083}",pls8,0.48364142069791083,B
2,1000,rbf_krr,dev,0.4940874565674686,0.7750612584384217,0.7041611164526628,0.7404663152297861,-0.028031415947538108,5000,17.9,"{""params"": {""regressor__model__alpha"": 0.01, ""regressor__model__gamma"": 0.002635231383473649}, ""tuning"": ""5-fold CV"", ""tuning_mae_D"": 0.4787558766675234}",pls12,0.4787558766675234,B
2,1000,rbf_krr,dev_unseen,0.7467811198934499,1.0664703532202178,0.9944681688385217,0.5743067652239013,-0.13775358748528688,4183,17.9,"{""params"": {""regressor__model__alpha"": 0.01, ""regressor__model__gamma"": 0.002635231383473649}, ""tuning"": ""5-fold CV"", ""tuning_mae_D"": 0.4787558766675234}",pls12,0.4787558766675234,B
2,1000,rbf_krr,dev,0.4874148825647527,0.7538878781996193,0.6866326913826325,0.7544526818883164,-0.02350838686797381,5000,17.4,"{""params"": {""regressor__model__alpha"": 0.1, ""regressor__model__gamma"": 0.00625}, ""tuning"": ""5-fold CV"", ""tuning_mae_D"": 0.47790097320470315}",pls16,0.47790097320470315,B
2,1000,rbf_krr,dev_unseen,0.7363524451365816,1.0450674247659353,0.9772555903253742,0.5912217351474105,-0.10373772980464094,4183,17.4,"{""params"": {""regressor__model__alpha"": 0.1, ""regressor__model__gamma"": 0.00625}, ""tuning"": ""5-fold CV"", ""tuning_mae_D"": 0.47790097320470315}",pls16,0.47790097320470315,B
