seed,n_train,model,eval_set,mae_D,rmse_D,rmse_below_tail_D,r2,bias_D,n_eval,fit_seconds,details,features,cv_mae_D
0,100,rbf_krr,dev,0.9267673363569622,1.4013147884458905,1.2867557676900818,0.15161479752056073,-0.08907344510072901,5000,11.4,"{""params"": {""regressor__model__alpha"": 0.0001, ""regressor__model__gamma"": 0.001}, ""tuning"": ""5-fold CV"", ""tuning_mae_D"": 0.79803356496611}",pca10,0.79803356496611
0,100,rbf_krr,dev_unseen,1.2111333925187087,1.7000153606542636,1.6052074772427591,-0.08169510725119244,-0.4993811313901782,4183,11.4,"{""params"": {""regressor__model__alpha"": 0.0001, ""regressor__model__gamma"": 0.001}, ""tuning"": ""5-fold CV"", ""tuning_mae_D"": 0.79803356496611}",pca10,0.79803356496611
0,100,qkrr,dev,0.8461417207589057,1.2530973945580843,1.1269367202047509,0.3215914254227089,-0.1471640200823504,5000,8.6,"{""params"": {""alpha"": 0.01, ""gamma"": 0.02}, ""tuning"": ""5-fold CV"", ""tuning_mae_D"": 0.8051122115683127, ""n_candidates"": 88, ""grid_edge"": [""embedding""], ""n_inputs"": 10, ""n_qubits"": 10, ""fit_seconds"": 8.62, ""offdiag_mean"": 0.8007395868539008, ""offdiag_sd"": 0.12064879292307618, ""alignment"": 0.23349717746475201, ""effective_df"": 36.92457848525619, ""kernel_participation_ratio"": 1.5170302950728503}",pca10,0.8051122115683127
0,100,qkrr,dev_unseen,1.1636851889476134,1.6119288032214858,1.5089768860449295,0.027497143495227805,-0.5902181292051168,4183,8.6,"{""params"": {""alpha"": 0.01, ""gamma"": 0.02}, ""tuning"": ""5-fold CV"", ""tuning_mae_D"": 0.8051122115683127, ""n_candidates"": 88, ""grid_edge"": [""embedding""], ""n_inputs"": 10, ""n_qubits"": 10, ""fit_seconds"": 8.62, ""offdiag_mean"": 0.8007395868539008, ""offdiag_sd"": 0.12064879292307618, ""alignment"": 0.23349717746475201, ""effective_df"": 36.92457848525619, ""kernel_participation_ratio"": 1.5170302950728503}",pca10,0.8051122115683127
0,100,pqk,dev,1.0268094341983511,2.329848773921753,2.264758320539418,-1.3451851734355191,0.026178419827518222,5000,6.7,"{""params"": {""alpha"": 1e-05, ""gamma"": 0.02, ""gamma_p"": 0.03162277660168379}, ""tuning"": ""5-fold CV"", ""tuning_mae_D"": 0.7649024719988076, ""n_candidates"": 336, ""grid_edge"": [""embedding""], ""n_inputs"": 10, ""n_qubits"": 10, ""fit_seconds"": 6.65, ""offdiag_mean"": 0.9941594778823797, ""offdiag_sd"": 0.0034500585325138397, ""alignment"": 0.22091899818266642, ""effective_df"": 36.581161164010005, ""kernel_participation_ratio"": 1.0116529054172683}",pca10,0.7649024719988076
0,100,pqk,dev_unseen,1.2947082149979374,2.408059208036508,2.3402443660663725,-1.1703685925341616,-0.3910687379151744,4183,6.7,"{""params"": {""alpha"": 1e-05, ""gamma"": 0.02, ""gamma_p"": 0.03162277660168379}, ""tuning"": ""5-fold CV"", ""tuning_mae_D"": 0.7649024719988076, ""n_candidates"": 336, ""grid_edge"": [""embedding""], ""n_inputs"": 10, ""n_qubits"": 10, ""fit_seconds"": 6.65, ""offdiag_mean"": 0.9941594778823797, ""offdiag_sd"": 0.0034500585325138397, ""alignment"": 0.22091899818266642, ""effective_df"": 36.581161164010005, ""kernel_participation_ratio"": 1.0116529054172683}",pca10,0.7649024719988076
0,100,rbf_krr,dev,0.6705199655278983,1.0241705772134875,0.8822818798027815,0.5468246648358972,-0.19991514129522248,5000,7.1,"{""params"": {""regressor__model__alpha"": 0.0001, ""regressor__model__gamma"": 0.0001}, ""tuning"": ""5-fold CV"", ""tuning_mae_D"": 0.6353122969952821}",kbest10,0.6353122969952821
0,100,rbf_krr,dev_unseen,0.8817834091194465,1.2345778678223978,1.108422715072275,0.429525615354977,-0.425674942845284,4183,7.1,"{""params"": {""regressor__model__alpha"": 0.0001, ""regressor__model__gamma"": 0.0001}, ""tuning"": ""5-fold CV"", ""tuning_mae_D"": 0.6353122969952821}",kbest10,0.6353122969952821
0,100,qkrr,dev,0.7273115423224364,1.104455904171812,0.9639161598841095,0.47299050871443504,-0.2155134044180755,5000,7.3,"{""params"": {""alpha"": 0.1, ""gamma"": 0.02}, ""tuning"": ""5-fold CV"", ""tuning_mae_D"": 0.6611018136187765, ""n_candidates"": 88, ""grid_edge"": [""embedding""], ""n_inputs"": 10, ""n_qubits"": 10, ""fit_seconds"": 7.26, ""offdiag_mean"": 0.7735085129259066, ""offdiag_sd"": 0.14610819134846523, ""alignment"": 0.28043398753224885, ""effective_df"": 17.03051222396679, ""kernel_participation_ratio"": 1.6039356914205565}",kbest10,0.6611018136187765
0,100,qkrr,dev_unseen,0.9728467415761927,1.3632106691721695,1.2337090635817893,0.3044551694687676,-0.47033199246782237,4183,7.3,"{""params"": {""alpha"": 0.1, ""gamma"": 0.02}, ""tuning"": ""5-fold CV"", ""tuning_mae_D"": 0.6611018136187765, ""n_candidates"": 88, ""grid_edge"": [""embedding""], ""n_inputs"": 10, ""n_qubits"": 10, ""fit_seconds"": 7.26, ""offdiag_mean"": 0.7735085129259066, ""offdiag_sd"": 0.14610819134846523, ""alignment"": 0.28043398753224885, ""effective_df"": 17.03051222396679, ""kernel_participation_ratio"": 1.6039356914205565}",kbest10,0.6611018136187765
0,100,pqk,dev,0.6963930189335072,1.0632292830450973,0.9200603285623825,0.5116001375314239,-0.2164393258551343,5000,7.1,"{""params"": {""alpha"": 0.0001, ""gamma"": 0.02, ""gamma_p"": 0.01}, ""tuning"": ""5-fold CV"", ""tuning_mae_D"": 0.6528064536179476, ""n_candidates"": 336, ""grid_edge"": [""embedding"", ""kernel""], ""n_inputs"": 10, ""n_qubits"": 10, ""fit_seconds"": 7.15, ""offdiag_mean"": 0.9977673584156849, ""offdiag_sd"": 0.0017385200824419024, ""alignment"": 0.28905764069074374, ""effective_df"": 14.991754929030577, ""kernel_participation_ratio"": 1.0044322615227332}",kbest10,0.6528064536179476
0,100,pqk,dev_unseen,0.9328024002111327,1.3050320241383722,1.1769713233252448,0.362556771261034,-0.4787064269387899,4183,7.1,"{""params"": {""alpha"": 0.0001, ""gamma"": 0.02, ""gamma_p"": 0.01}, ""tuning"": ""5-fold CV"", ""tuning_mae_D"": 0.6528064536179476, ""n_candidates"": 336, ""grid_edge"": [""embedding"", ""kernel""], ""n_inputs"": 10, ""n_qubits"": 10, ""fit_seconds"": 7.15, ""offdiag_mean"": 0.9977673584156849, ""offdiag_sd"": 0.0017385200824419024, ""alignment"": 0.28905764069074374, ""effective_df"": 14.991754929030577, ""kernel_participation_ratio"": 1.0044322615227332}",kbest10,0.6528064536179476
0,100,rbf_krr,dev,1.036914852906014,1.429621834876862,1.3059486197303944,0.11699325778071656,-0.34602130107618395,5000,0.6,"{""params"": {""regressor__model__alpha"": 1.0, ""regressor__model__gamma"": 0.06324555320336758}, ""tuning"": ""5-fold CV"", ""tuning_mae_D"": 1.0020841911440421}",composition,1.0020841911440421
0,100,rbf_krr,dev_unseen,1.224941547816744,1.640602308694266,1.5239291204555494,-0.007408964220422032,-0.487034489624302,4183,0.6,"{""params"": {""regressor__model__alpha"": 1.0, ""regressor__model__gamma"": 0.06324555320336758}, ""tuning"": ""5-fold CV"", ""tuning_mae_D"": 1.0020841911440421}",composition,1.0020841911440421
0,100,qkrr,dev,1.0399202788201918,1.4460624363078192,1.3212797760875203,0.09656738713118962,-0.3339362172123072,5000,0.3,"{""params"": {""alpha"": 0.1, ""gamma"": 0.028284271247461898}, ""tuning"": ""5-fold CV"", ""tuning_mae_D"": 1.0142332382655261, ""n_candidates"": 88, ""grid_edge"": [""embedding""], ""n_inputs"": 5, ""n_qubits"": 5, ""fit_seconds"": 0.32, ""offdiag_mean"": 0.8470903354959393, ""offdiag_sd"": 0.13380545023166618, ""alignment"": 0.09956381396947073, ""effective_df"": 8.805153786677964, ""kernel_participation_ratio"": 1.3548092719708869}",composition,1.0142332382655261
0,100,qkrr,dev_unseen,1.2623712110137608,1.687173474835088,1.5718384897652387,-0.0654146204084205,-0.584724878328176,4183,0.3,"{""params"": {""alpha"": 0.1, ""gamma"": 0.028284271247461898}, ""tuning"": ""5-fold CV"", ""tuning_mae_D"": 1.0142332382655261, ""n_candidates"": 88, ""grid_edge"": [""embedding""], ""n_inputs"": 5, ""n_qubits"": 5, ""fit_seconds"": 0.32, ""offdiag_mean"": 0.8470903354959393, ""offdiag_sd"": 0.13380545023166618, ""alignment"": 0.09956381396947073, ""effective_df"": 8.805153786677964, ""kernel_participation_ratio"": 1.3548092719708869}",composition,1.0142332382655261
0,100,pqk,dev,1.033817339780496,1.436141551633044,1.3116210592025292,0.10892107972902187,-0.3392000726964117,5000,0.4,"{""params"": {""alpha"": 1.0, ""gamma"": 0.028284271247461898, ""gamma_p"": 6.324555320336758}, ""tuning"": ""5-fold CV"", ""tuning_mae_D"": 1.0171650968990502, ""n_candidates"": 336, ""grid_edge"": [""embedding""], ""n_inputs"": 5, ""n_qubits"": 5, ""fit_seconds"": 0.36, ""offdiag_mean"": 0.4653472971899298, ""offdiag_sd"": 0.2693306625890601, ""alignment"": 0.08301061015707463, ""effective_df"": 10.637575581471783, ""kernel_participation_ratio"": 3.3761400695459995}",composition,1.0171650968990502
0,100,pqk,dev_unseen,1.2547689903418227,1.682672785845402,1.5669709297766328,-0.0597380207699818,-0.5613012655180482,4183,0.4,"{""params"": {""alpha"": 1.0, ""gamma"": 0.028284271247461898, ""gamma_p"": 6.324555320336758}, ""tuning"": ""5-fold CV"", ""tuning_mae_D"": 1.0171650968990502, ""n_candidates"": 336, ""grid_edge"": [""embedding""], ""n_inputs"": 5, ""n_qubits"": 5, ""fit_seconds"": 0.36, ""offdiag_mean"": 0.4653472971899298, ""offdiag_sd"": 0.2693306625890601, ""alignment"": 0.08301061015707463, ""effective_df"": 10.637575581471783, ""kernel_participation_ratio"": 3.3761400695459995}",composition,1.0171650968990502
0,300,rbf_krr,dev,0.7618069197164972,1.137893953822811,1.0151973061302748,0.44059640366639796,-0.10249372518295684,5000,7.6,"{""params"": {""regressor__model__alpha"": 0.1, ""regressor__model__gamma"": 0.03162277660168379}, ""tuning"": ""5-fold CV"", ""tuning_mae_D"": 0.7370982067432812}",pca10,0.7370982067432812
0,300,rbf_krr,dev_unseen,1.0889632162535143,1.4829553886579494,1.3844806316063343,0.1768947965048111,-0.3858015140966845,4183,7.6,"{""params"": {""regressor__model__alpha"": 0.1, ""regressor__model__gamma"": 0.03162277660168379}, ""tuning"": ""5-fold CV"", ""tuning_mae_D"": 0.7370982067432812}",pca10,0.7370982067432812
0,300,qkrr,dev,0.7757438497215144,1.1379711303355453,1.0177151040785222,0.4405205191207293,-0.1277647735640296,5000,8.9,"{""params"": {""alpha"": 0.1, ""gamma"": 0.03556558820077846}, ""tuning"": ""5-fold CV"", ""tuning_mae_D"": 0.7479670648863621, ""n_candidates"": 88, ""grid_edge"": [], ""n_inputs"": 10, ""n_qubits"": 10, ""fit_seconds"": 8.92, ""offdiag_mean"": 0.5199582402292341, ""offdiag_sd"": 0.1968767839607117, ""alignment"": 0.19896318889842127, ""effective_df"": 70.68524909651241, ""kernel_participation_ratio"": 3.211097730019218}",pca10,0.7479670648863621
0,300,qkrr,dev_unseen,1.08908885864848,1.4778677532519822,1.385789337464218,0.1825328296131944,-0.2931130551435741,4183,8.9,"{""params"": {""alpha"": 0.1, ""gamma"": 0.03556558820077846}, ""tuning"": ""5-fold CV"", ""tuning_mae_D"": 0.7479670648863621, ""n_candidates"": 88, ""grid_edge"": [], ""n_inputs"": 10, ""n_qubits"": 10, ""fit_seconds"": 8.92, ""offdiag_mean"": 0.5199582402292341, ""offdiag_sd"": 0.1968767839607117, ""alignment"": 0.19896318889842127, ""effective_df"": 70.68524909651241, ""kernel_participation_ratio"": 3.211097730019218}",pca10,0.7479670648863621
0,300,pqk,dev,0.7883955709308641,1.1480973115644157,1.032388497274825,0.4305192158044536,-0.13894925863563884,5000,8.6,"{""params"": {""alpha"": 0.01, ""gamma"": 0.02, ""gamma_p"": 1.0}, ""tuning"": ""5-fold CV"", ""tuning_mae_D"": 0.7453487255639072, ""n_candidates"": 336, ""grid_edge"": [""embedding""], ""n_inputs"": 10, ""n_qubits"": 10, ""fit_seconds"": 8.64, ""offdiag_mean"": 0.8274156510849471, ""offdiag_sd"": 0.09247164621723127, ""alignment"": 0.17798902041318962, ""effective_df"": 52.20481338067345, ""kernel_participation_ratio"": 1.440526897448403}",pca10,0.7453487255639072
0,300,pqk,dev_unseen,1.1214507501417945,1.5146838339956332,1.4254660413333635,0.14129665463149832,-0.2767449309501041,4183,8.6,"{""params"": {""alpha"": 0.01, ""gamma"": 0.02, ""gamma_p"": 1.0}, ""tuning"": ""5-fold CV"", ""tuning_mae_D"": 0.7453487255639072, ""n_candidates"": 336, ""grid_edge"": [""embedding""], ""n_inputs"": 10, ""n_qubits"": 10, ""fit_seconds"": 8.64, ""offdiag_mean"": 0.8274156510849471, ""offdiag_sd"": 0.09247164621723127, ""alignment"": 0.17798902041318962, ""effective_df"": 52.20481338067345, ""kernel_participation_ratio"": 1.440526897448403}",pca10,0.7453487255639072
0,300,rbf_krr,dev,0.5718752879119936,0.9257035415544543,0.7811562390550466,0.6297751848536911,-0.0649940924323217,5000,8.3,"{""params"": {""regressor__model__alpha"": 0.1, ""regressor__model__gamma"": 0.03162277660168379}, ""tuning"": ""5-fold CV"", ""tuning_mae_D"": 0.5514513874057984}",kbest10,0.5514513874057984
0,300,rbf_krr,dev_unseen,0.7960490404742587,1.1555076321180957,1.0396076306236197,0.5002591962484328,-0.21896312408446625,4183,8.3,"{""params"": {""regressor__model__alpha"": 0.1, ""regressor__model__gamma"": 0.03162277660168379}, ""tuning"": ""5-fold CV"", ""tuning_mae_D"": 0.5514513874057984}",kbest10,0.5514513874057984
0,300,qkrr,dev,0.5779303688674198,0.9235461579986323,0.7850734334133913,0.631498817040179,-0.059334063310635406,5000,9.7,"{""params"": {""alpha"": 0.01, ""gamma"": 0.02}, ""tuning"": ""5-fold CV"", ""tuning_mae_D"": 0.5710856536103713, ""n_candidates"": 88, ""grid_edge"": [""embedding""], ""n_inputs"": 10, ""n_qubits"": 10, ""fit_seconds"": 9.69, ""offdiag_mean"": 0.7756715774637913, ""offdiag_sd"": 0.14162155172845853, ""alignment"": 0.29638243037894296, ""effective_df"": 55.27424077283496, ""kernel_participation_ratio"": 1.6051777045242808}",kbest10,0.5710856536103713
0,300,qkrr,dev_unseen,0.792279824792047,1.148555321907456,1.0379189824345219,0.5062546582863068,-0.19165827412075945,4183,9.7,"{""params"": {""alpha"": 0.01, ""gamma"": 0.02}, ""tuning"": ""5-fold CV"", ""tuning_mae_D"": 0.5710856536103713, ""n_candidates"": 88, ""grid_edge"": [""embedding""], ""n_inputs"": 10, ""n_qubits"": 10, ""fit_seconds"": 9.69, ""offdiag_mean"": 0.7756715774637913, ""offdiag_sd"": 0.14162155172845853, ""alignment"": 0.29638243037894296, ""effective_df"": 55.27424077283496, ""kernel_participation_ratio"": 1.6051777045242808}",kbest10,0.5710856536103713
0,300,pqk,dev,0.596234337059931,0.9664513613394657,0.833492472062405,0.5964645631322677,-0.03298219883686292,5000,9.5,"{""params"": {""alpha"": 0.0001, ""gamma"": 0.02, ""gamma_p"": 0.31622776601683794}, ""tuning"": ""5-fold CV"", ""tuning_mae_D"": 0.5782531746355242, ""n_candidates"": 336, ""grid_edge"": [""embedding""], ""n_inputs"": 10, ""n_qubits"": 10, ""fit_seconds"": 9.51, ""offdiag_mean"": 0.9276885841505583, ""offdiag_sd"": 0.050722947850851685, ""alignment"": 0.3042042669827984, ""effective_df"": 77.40416919561028, ""kernel_participation_ratio"": 1.1578965693276697}",kbest10,0.5782531746355242
0,300,pqk,dev_unseen,0.8478403205661653,1.2708848404909538,1.1750659332538687,0.39547874824737594,-0.1315539575085054,4183,9.5,"{""params"": {""alpha"": 0.0001, ""gamma"": 0.02, ""gamma_p"": 0.31622776601683794}, ""tuning"": ""5-fold CV"", ""tuning_mae_D"": 0.5782531746355242, ""n_candidates"": 336, ""grid_edge"": [""embedding""], ""n_inputs"": 10, ""n_qubits"": 10, ""fit_seconds"": 9.51, ""offdiag_mean"": 0.9276885841505583, ""offdiag_sd"": 0.050722947850851685, ""alignment"": 0.3042042669827984, ""effective_df"": 77.40416919561028, ""kernel_participation_ratio"": 1.1578965693276697}",kbest10,0.5782531746355242
0,300,rbf_krr,dev,1.0322749847441952,1.413555664088051,1.2935616976503734,0.13672829851938606,-0.2649414806900679,5000,0.8,"{""params"": {""regressor__model__alpha"": 1.0, ""regressor__model__gamma"": 0.2}, ""tuning"": ""5-fold CV"", ""tuning_mae_D"": 0.9755955424193168}",composition,0.9755955424193168
0,300,rbf_krr,dev_unseen,1.2042168724290254,1.6012979997691303,1.4865580772305271,0.04028231752684941,-0.30297569018610165,4183,0.8,"{""params"": {""regressor__model__alpha"": 1.0, ""regressor__model__gamma"": 0.2}, ""tuning"": ""5-fold CV"", ""tuning_mae_D"": 0.9755955424193168}",composition,0.9755955424193168
0,300,qkrr,dev,1.0600133732012917,1.451326571868131,1.3345254376274602,0.08997784032442346,-0.24004272711053182,5000,0.4,"{""params"": {""alpha"": 0.1, ""gamma"": 0.08944271909999159}, ""tuning"": ""5-fold CV"", ""tuning_mae_D"": 0.9826350979056804, ""n_candidates"": 88, ""grid_edge"": [], ""n_inputs"": 5, ""n_qubits"": 5, ""fit_seconds"": 0.37, ""offdiag_mean"": 0.36028486857789743, ""offdiag_sd"": 0.27723221345098126, ""alignment"": 0.0894026587439156, ""effective_df"": 43.67443484669845, ""kernel_participation_ratio"": 4.777663230087781}",composition,0.9826350979056804
0,300,qkrr,dev_unseen,1.2526754336331323,1.643539076573373,1.5406827209312453,-0.011018826566101092,-0.049025979649959174,4183,0.4,"{""params"": {""alpha"": 0.1, ""gamma"": 0.08944271909999159}, ""tuning"": ""5-fold CV"", ""tuning_mae_D"": 0.9826350979056804, ""n_candidates"": 88, ""grid_edge"": [], ""n_inputs"": 5, ""n_qubits"": 5, ""fit_seconds"": 0.37, ""offdiag_mean"": 0.36028486857789743, ""offdiag_sd"": 0.27723221345098126, ""alignment"": 0.0894026587439156, ""effective_df"": 43.67443484669845, ""kernel_participation_ratio"": 4.777663230087781}",composition,0.9826350979056804
0,300,pqk,dev,1.0298196192687163,1.4219278377576803,1.3008408364098911,0.12647208561114998,-0.24793377840357275,5000,0.6,"{""params"": {""alpha"": 0.001, ""gamma"": 0.028284271247461898, ""gamma_p"": 0.6324555320336759}, ""tuning"": ""5-fold CV"", ""tuning_mae_D"": 0.995561128788837, ""n_candidates"": 336, ""grid_edge"": [""embedding""], ""n_inputs"": 5, ""n_qubits"": 5, ""fit_seconds"": 0.58, ""offdiag_mean"": 0.9048413588842623, ""offdiag_sd"": 0.08564874000919115, ""alignment"": 0.0712025304323056, ""effective_df"": 26.76466532320451, ""kernel_participation_ratio"": 1.209696911901676}",composition,0.995561128788837
0,300,pqk,dev_unseen,1.2338794495207503,1.6384224911900251,1.5289818536835766,-0.0047337164466538795,-0.29186872573918365,4183,0.6,"{""params"": {""alpha"": 0.001, ""gamma"": 0.028284271247461898, ""gamma_p"": 0.6324555320336759}, ""tuning"": ""5-fold CV"", ""tuning_mae_D"": 0.995561128788837, ""n_candidates"": 336, ""grid_edge"": [""embedding""], ""n_inputs"": 5, ""n_qubits"": 5, ""fit_seconds"": 0.58, ""offdiag_mean"": 0.9048413588842623, ""offdiag_sd"": 0.08564874000919115, ""alignment"": 0.0712025304323056, ""effective_df"": 26.76466532320451, ""kernel_participation_ratio"": 1.209696911901676}",composition,0.995561128788837
0,1000,rbf_krr,dev,0.6990656102966069,1.048495730126678,0.9471904253210816,0.5250422190821404,-0.05000614647300785,5000,11.6,"{""params"": {""regressor__model__alpha"": 0.01, ""regressor__model__gamma"": 0.01}, ""tuning"": ""5-fold CV"", ""tuning_mae_D"": 0.6992620985597323}",pca10,0.6992620985597323
0,1000,rbf_krr,dev_unseen,1.0111801309527784,1.3927539608448811,1.2866981224099623,0.27398101279606946,-0.4104169607669021,4183,11.6,"{""params"": {""regressor__model__alpha"": 0.01, ""regressor__model__gamma"": 0.01}, ""tuning"": ""5-fold CV"", ""tuning_mae_D"": 0.6992620985597323}",pca10,0.6992620985597323
0,1000,qkrr,dev,0.7128221875376192,1.055601852267888,0.9508501667109224,0.5185824020123325,-0.06122017073667751,5000,17.5,"{""params"": {""alpha"": 0.1, ""gamma"": 0.02}, ""tuning"": ""5-fold CV"", ""tuning_mae_D"": 0.705911096123919, ""n_candidates"": 88, ""grid_edge"": [""embedding""], ""n_inputs"": 10, ""n_qubits"": 10, ""fit_seconds"": 17.52, ""offdiag_mean"": 0.8016414939218264, ""offdiag_sd"": 0.13822279325516953, ""alignment"": 0.18389936084539296, ""effective_df"": 49.90177496512804, ""kernel_participation_ratio"": 1.5104077119087722}",pca10,0.705911096123919
0,1000,qkrr,dev_unseen,1.0096045643862208,1.3898173392011466,1.2900915136080935,0.27703940706399655,-0.3648818810338938,4183,17.5,"{""params"": {""alpha"": 0.1, ""gamma"": 0.02}, ""tuning"": ""5-fold CV"", ""tuning_mae_D"": 0.705911096123919, ""n_candidates"": 88, ""grid_edge"": [""embedding""], ""n_inputs"": 10, ""n_qubits"": 10, ""fit_seconds"": 17.52, ""offdiag_mean"": 0.8016414939218264, ""offdiag_sd"": 0.13822279325516953, ""alignment"": 0.18389936084539296, ""effective_df"": 49.90177496512804, ""kernel_participation_ratio"": 1.5104077119087722}",pca10,0.705911096123919
0,1000,pqk,dev,0.7096644844769373,1.0532725757345145,0.9496751088787866,0.5207046368841121,-0.0541746188624577,5000,20.0,"{""params"": {""alpha"": 0.01, ""gamma"": 0.02, ""gamma_p"": 1.0}, ""tuning"": ""5-fold CV"", ""tuning_mae_D"": 0.7109504065226927, ""n_candidates"": 336, ""grid_edge"": [""embedding""], ""n_inputs"": 10, ""n_qubits"": 10, ""fit_seconds"": 20.02, ""offdiag_mean"": 0.8343795769153791, ""offdiag_sd"": 0.10037873903032969, ""alignment"": 0.1817316807862376, ""effective_df"": 80.66153014331849, ""kernel_participation_ratio"": 1.4153101655040574}",pca10,0.7109504065226927
0,1000,pqk,dev_unseen,1.0143809649215185,1.3950497155984216,1.292634126333267,0.27158556421524727,-0.38639453951899055,4183,20.0,"{""params"": {""alpha"": 0.01, ""gamma"": 0.02, ""gamma_p"": 1.0}, ""tuning"": ""5-fold CV"", ""tuning_mae_D"": 0.7109504065226927, ""n_candidates"": 336, ""grid_edge"": [""embedding""], ""n_inputs"": 10, ""n_qubits"": 10, ""fit_seconds"": 20.02, ""offdiag_mean"": 0.8343795769153791, ""offdiag_sd"": 0.10037873903032969, ""alignment"": 0.1817316807862376, ""effective_df"": 80.66153014331849, ""kernel_participation_ratio"": 1.4153101655040574}",pca10,0.7109504065226927
0,1000,rbf_krr,dev,0.5269649761184895,0.8607462971838866,0.7564984534824963,0.6799100779939188,-0.056572936225011645,5000,13.7,"{""params"": {""regressor__model__alpha"": 0.1, ""regressor__model__gamma"": 0.1}, ""tuning"": ""5-fold CV"", ""tuning_mae_D"": 0.5486375588462279}",kbest10,0.5486375588462279
0,1000,rbf_krr,dev_unseen,0.8102472365751421,1.1509098775523599,1.0638915182857873,0.5042282125720153,-0.08456954638811251,4183,13.7,"{""params"": {""regressor__model__alpha"": 0.1, ""regressor__model__gamma"": 0.1}, ""tuning"": ""5-fold CV"", ""tuning_mae_D"": 0.5486375588462279}",kbest10,0.5486375588462279
0,1000,qkrr,dev,0.538697288655179,0.8495989308432407,0.737562242109899,0.6881472422918762,-0.04116010798399373,5000,19.6,"{""params"": {""alpha"": 0.01, ""gamma"": 0.02}, ""tuning"": ""5-fold CV"", ""tuning_mae_D"": 0.5738166876851623, ""n_candidates"": 88, ""grid_edge"": [""embedding""], ""n_inputs"": 10, ""n_qubits"": 10, ""fit_seconds"": 19.63, ""offdiag_mean"": 0.7958609702991382, ""offdiag_sd"": 0.14400917417503406, ""alignment"": 0.2618879326410816, ""effective_df"": 85.99447643518626, ""kernel_participation_ratio"": 1.5279324549165456}",kbest10,0.5738166876851623
0,1000,qkrr,dev_unseen,0.7485142620194256,1.0812132784150168,0.9765421160238736,0.5624558158340258,-0.21618809075470843,4183,19.6,"{""params"": {""alpha"": 0.01, ""gamma"": 0.02}, ""tuning"": ""5-fold CV"", ""tuning_mae_D"": 0.5738166876851623, ""n_candidates"": 88, ""grid_edge"": [""embedding""], ""n_inputs"": 10, ""n_qubits"": 10, ""fit_seconds"": 19.63, ""offdiag_mean"": 0.7958609702991382, ""offdiag_sd"": 0.14400917417503406, ""alignment"": 0.2618879326410816, ""effective_df"": 85.99447643518626, ""kernel_participation_ratio"": 1.5279324549165456}",kbest10,0.5738166876851623
0,1000,pqk,dev,0.5534116116939904,0.859564432952433,0.7489737714407627,0.6807884857498914,-0.03648440469374006,5000,21.7,"{""params"": {""alpha"": 0.001, ""gamma"": 0.02, ""gamma_p"": 0.31622776601683794}, ""tuning"": ""5-fold CV"", ""tuning_mae_D"": 0.578825624763373, ""n_candidates"": 336, ""grid_edge"": [""embedding""], ""n_inputs"": 10, ""n_qubits"": 10, ""fit_seconds"": 21.66, ""offdiag_mean"": 0.9402301585934837, ""offdiag_sd"": 0.04860005229747874, ""alignment"": 0.2337298354972186, ""effective_df"": 64.66470890822347, ""kernel_participation_ratio"": 1.1280209962526564}",kbest10,0.578825624763373
0,1000,pqk,dev_unseen,0.7487552362691884,1.0726968963764505,0.970150360405532,0.5693214695874984,-0.19025736677455704,4183,21.7,"{""params"": {""alpha"": 0.001, ""gamma"": 0.02, ""gamma_p"": 0.31622776601683794}, ""tuning"": ""5-fold CV"", ""tuning_mae_D"": 0.578825624763373, ""n_candidates"": 336, ""grid_edge"": [""embedding""], ""n_inputs"": 10, ""n_qubits"": 10, ""fit_seconds"": 21.66, ""offdiag_mean"": 0.9402301585934837, ""offdiag_sd"": 0.04860005229747874, ""alignment"": 0.2337298354972186, ""effective_df"": 64.66470890822347, ""kernel_participation_ratio"": 1.1280209962526564}",kbest10,0.578825624763373
0,1000,rbf_krr,dev,0.9861832118797597,1.3688346660355553,1.2472536664125353,0.19048730290852922,-0.21980732713119233,5000,3.2,"{""params"": {""regressor__model__alpha"": 1.0, ""regressor__model__gamma"": 0.06324555320336758}, ""tuning"": ""5-fold CV"", ""tuning_mae_D"": 0.9692886681087106}",composition,0.9692886681087106
0,1000,rbf_krr,dev_unseen,1.1791430900014896,1.5879296191172447,1.4696491504787963,0.05623976758593907,-0.33891159095854495,4183,3.2,"{""params"": {""regressor__model__alpha"": 1.0, ""regressor__model__gamma"": 0.06324555320336758}, ""tuning"": ""5-fold CV"", ""tuning_mae_D"": 0.9692886681087106}",composition,0.9692886681087106
0,1000,qkrr,dev,0.9845228850024349,1.366485632276293,1.245151754488627,0.19326330073062925,-0.21935151872063044,5000,2.0,"{""params"": {""alpha"": 0.1, ""gamma"": 0.028284271247461898}, ""tuning"": ""5-fold CV"", ""tuning_mae_D"": 0.9701285693284875, ""n_candidates"": 88, ""grid_edge"": [""embedding""], ""n_inputs"": 5, ""n_qubits"": 5, ""fit_seconds"": 2.05, ""offdiag_mean"": 0.8518270440963458, ""offdiag_sd"": 0.1411679507323981, ""alignment"": 0.10772608705339749, ""effective_df"": 18.06247304366995, ""kernel_participation_ratio"": 1.3408561339725948}",composition,0.9701285693284875
0,1000,qkrr,dev_unseen,1.182765831376243,1.5928802018032004,1.4752457972565762,0.050345997413566046,-0.38779792776870964,4183,2.0,"{""params"": {""alpha"": 0.1, ""gamma"": 0.028284271247461898}, ""tuning"": ""5-fold CV"", ""tuning_mae_D"": 0.9701285693284875, ""n_candidates"": 88, ""grid_edge"": [""embedding""], ""n_inputs"": 5, ""n_qubits"": 5, ""fit_seconds"": 2.05, ""offdiag_mean"": 0.8518270440963458, ""offdiag_sd"": 0.1411679507323981, ""alignment"": 0.10772608705339749, ""effective_df"": 18.06247304366995, ""kernel_participation_ratio"": 1.3408561339725948}",composition,0.9701285693284875
0,1000,pqk,dev,0.9804398411335337,1.3673121405996103,1.24546846253806,0.19228710862489373,-0.2144420450797981,5000,6.2,"{""params"": {""alpha"": 1e-05, ""gamma"": 0.028284271247461898, ""gamma_p"": 0.02}, ""tuning"": ""5-fold CV"", ""tuning_mae_D"": 0.9730626338610529, ""n_candidates"": 336, ""grid_edge"": [""embedding"", ""kernel""], ""n_inputs"": 5, ""n_qubits"": 5, ""fit_seconds"": 6.23, ""offdiag_mean"": 0.9966650475709438, ""offdiag_sd"": 0.0034211379470787903, ""alignment"": 0.07847329639907828, ""effective_df"": 24.92553403586912, ""kernel_participation_ratio"": 1.0066848217892228}",composition,0.9730626338610529
0,1000,pqk,dev_unseen,1.1894415706364183,1.6027441238694662,1.4847241813816505,0.03854810245893048,-0.3532537161609903,4183,6.2,"{""params"": {""alpha"": 1e-05, ""gamma"": 0.028284271247461898, ""gamma_p"": 0.02}, ""tuning"": ""5-fold CV"", ""tuning_mae_D"": 0.9730626338610529, ""n_candidates"": 336, ""grid_edge"": [""embedding"", ""kernel""], ""n_inputs"": 5, ""n_qubits"": 5, ""fit_seconds"": 6.23, ""offdiag_mean"": 0.9966650475709438, ""offdiag_sd"": 0.0034211379470787903, ""alignment"": 0.07847329639907828, ""effective_df"": 24.92553403586912, ""kernel_participation_ratio"": 1.0066848217892228}",composition,0.9730626338610529
1,100,rbf_krr,dev,0.7948665321596038,1.1435719244179599,1.0583073241993437,0.4349997453770428,0.07480905781260454,5000,6.7,"{""params"": {""regressor__model__alpha"": 0.1, ""regressor__model__gamma"": 0.03162277660168379}, ""tuning"": ""5-fold CV"", ""tuning_mae_D"": 1.0485728658479814}",pca10,1.0485728658479814
1,100,rbf_krr,dev_unseen,1.1183513651496146,1.4652032615262203,1.3879541812345475,0.19648326238031044,0.37747065629077214,4183,6.7,"{""params"": {""regressor__model__alpha"": 0.1, ""regressor__model__gamma"": 0.03162277660168379}, ""tuning"": ""5-fold CV"", ""tuning_mae_D"": 1.0485728658479814}",pca10,1.0485728658479814
1,100,qkrr,dev,0.7712706950923779,1.1335581917888897,1.0433847248459136,0.44485131685961055,0.040903060516325036,5000,6.6,"{""params"": {""alpha"": 0.1, ""gamma"": 0.03556558820077846}, ""tuning"": ""5-fold CV"", ""tuning_mae_D"": 1.096948714045359, ""n_candidates"": 88, ""grid_edge"": [], ""n_inputs"": 10, ""n_qubits"": 10, ""fit_seconds"": 6.63, ""offdiag_mean"": 0.5505516033138775, ""offdiag_sd"": 0.2035053214175334, ""alignment"": 0.10495558733268154, ""effective_df"": 34.88195002195614, ""kernel_participation_ratio"": 2.848383922612064}",pca10,1.096948714045359
1,100,qkrr,dev_unseen,1.093427378033382,1.453528529026422,1.3660125378855037,0.2092370829053649,0.20792159854106018,4183,6.6,"{""params"": {""alpha"": 0.1, ""gamma"": 0.03556558820077846}, ""tuning"": ""5-fold CV"", ""tuning_mae_D"": 1.096948714045359, ""n_candidates"": 88, ""grid_edge"": [], ""n_inputs"": 10, ""n_qubits"": 10, ""fit_seconds"": 6.63, ""offdiag_mean"": 0.5505516033138775, ""offdiag_sd"": 0.2035053214175334, ""alignment"": 0.10495558733268154, ""effective_df"": 34.88195002195614, ""kernel_participation_ratio"": 2.848383922612064}",pca10,1.096948714045359
1,100,pqk,dev,0.8025394742287489,1.1782854760081993,1.0860110778746452,0.4001775404365272,0.09339274208806496,5000,6.7,"{""params"": {""alpha"": 0.1, ""gamma"": 0.02, ""gamma_p"": 3.162277660168379}, ""tuning"": ""5-fold CV"", ""tuning_mae_D"": 1.1152681914370104, ""n_candidates"": 336, ""grid_edge"": [""embedding""], ""n_inputs"": 10, ""n_qubits"": 10, ""fit_seconds"": 6.65, ""offdiag_mean"": 0.5943986594806092, ""offdiag_sd"": 0.2040550890774075, ""alignment"": 0.10528539336098554, ""effective_df"": 29.0707899076726, ""kernel_participation_ratio"": 2.493773276850192}",pca10,1.1152681914370104
1,100,pqk,dev_unseen,1.1162599925395926,1.493287644008005,1.403778346625054,0.16538513114677422,0.2385478628989671,4183,6.7,"{""params"": {""alpha"": 0.1, ""gamma"": 0.02, ""gamma_p"": 3.162277660168379}, ""tuning"": ""5-fold CV"", ""tuning_mae_D"": 1.1152681914370104, ""n_candidates"": 336, ""grid_edge"": [""embedding""], ""n_inputs"": 10, ""n_qubits"": 10, ""fit_seconds"": 6.65, ""offdiag_mean"": 0.5943986594806092, ""offdiag_sd"": 0.2040550890774075, ""alignment"": 0.10528539336098554, ""effective_df"": 29.0707899076726, ""kernel_participation_ratio"": 2.493773276850192}",pca10,1.1152681914370104
1,100,rbf_krr,dev,0.6609136717861804,1.0153109670827367,0.8980401894243734,0.5546311594634612,-0.019489396576544863,5000,7.1,"{""params"": {""regressor__model__alpha"": 0.1, ""regressor__model__gamma"": 0.03162277660168379}, ""tuning"": ""5-fold CV"", ""tuning_mae_D"": 0.9359826236443075}",kbest10,0.9359826236443075
1,100,rbf_krr,dev_unseen,0.896781181221376,1.2615413004846425,1.1749947695650955,0.40433494816475524,0.33232262592441963,4183,7.1,"{""params"": {""regressor__model__alpha"": 0.1, ""regressor__model__gamma"": 0.03162277660168379}, ""tuning"": ""5-fold CV"", ""tuning_mae_D"": 0.9359826236443075}",kbest10,0.9359826236443075
1,100,qkrr,dev,0.6769413811545523,1.0414063018482074,0.9237459407394882,0.531443381045317,-0.031199182164502817,5000,7.2,"{""params"": {""alpha"": 0.01, ""gamma"": 0.02}, ""tuning"": ""5-fold CV"", ""tuning_mae_D"": 0.9780919079221719, ""n_candidates"": 88, ""grid_edge"": [""embedding""], ""n_inputs"": 10, ""n_qubits"": 10, ""fit_seconds"": 7.24, ""offdiag_mean"": 0.7661636241238409, ""offdiag_sd"": 0.15346591889817657, ""alignment"": 0.0710882907489568, ""effective_df"": 32.659222199105514, ""kernel_participation_ratio"": 1.6274640354389647}",kbest10,0.9780919079221719
1,100,qkrr,dev_unseen,0.9220800667625867,1.2854910449773613,1.1937074277135808,0.3815034442737182,0.26360537385261607,4183,7.2,"{""params"": {""alpha"": 0.01, ""gamma"": 0.02}, ""tuning"": ""5-fold CV"", ""tuning_mae_D"": 0.9780919079221719, ""n_candidates"": 88, ""grid_edge"": [""embedding""], ""n_inputs"": 10, ""n_qubits"": 10, ""fit_seconds"": 7.24, ""offdiag_mean"": 0.7661636241238409, ""offdiag_sd"": 0.15346591889817657, ""alignment"": 0.0710882907489568, ""effective_df"": 32.659222199105514, ""kernel_participation_ratio"": 1.6274640354389647}",kbest10,0.9780919079221719
1,100,pqk,dev,0.6950449546954797,1.0655513985313267,0.9358231080180415,0.5094644564053583,-0.03471057652689195,5000,7.1,"{""params"": {""alpha"": 0.0001, ""gamma"": 0.02, ""gamma_p"": 0.01}, ""tuning"": ""5-fold CV"", ""tuning_mae_D"": 0.9495093503167386, ""n_candidates"": 336, ""grid_edge"": [""embedding"", ""kernel""], ""n_inputs"": 10, ""n_qubits"": 10, ""fit_seconds"": 7.13, ""offdiag_mean"": 0.9975131403886593, ""offdiag_sd"": 0.0020112408514346737, ""alignment"": 0.053366088571839616, ""effective_df"": 14.538195153642114, ""kernel_participation_ratio"": 1.004938119969917}",kbest10,0.9495093503167386
1,100,pqk,dev_unseen,0.833428344002867,1.1784757326375923,1.0704909118143557,0.4801949887377339,-0.0014707718471472422,4183,7.1,"{""params"": {""alpha"": 0.0001, ""gamma"": 0.02, ""gamma_p"": 0.01}, ""tuning"": ""5-fold CV"", ""tuning_mae_D"": 0.9495093503167386, ""n_candidates"": 336, ""grid_edge"": [""embedding"", ""kernel""], ""n_inputs"": 10, ""n_qubits"": 10, ""fit_seconds"": 7.13, ""offdiag_mean"": 0.9975131403886593, ""offdiag_sd"": 0.0020112408514346737, ""alignment"": 0.053366088571839616, ""effective_df"": 14.538195153642114, ""kernel_participation_ratio"": 1.004938119969917}",kbest10,0.9495093503167386
1,100,rbf_krr,dev,1.03535733494463,1.3781036338156583,1.2805578208646426,0.17948706820138038,0.06115468865634506,5000,0.6,"{""params"": {""regressor__model__alpha"": 0.01, ""regressor__model__gamma"": 0.006324555320336758}, ""tuning"": ""5-fold CV"", ""tuning_mae_D"": 1.170625714612462}",composition,1.170625714612462
1,100,rbf_krr,dev_unseen,1.203628046033883,1.5618185757729302,1.473526796050356,0.0870219378254915,0.29141003278048316,4183,0.6,"{""params"": {""regressor__model__alpha"": 0.01, ""regressor__model__gamma"": 0.006324555320336758}, ""tuning"": ""5-fold CV"", ""tuning_mae_D"": 1.170625714612462}",composition,1.170625714612462
1,100,qkrr,dev,1.06646897057994,1.4071033924278298,1.3075424839128313,0.14459123764154302,0.02956731011867604,5000,0.2,"{""params"": {""alpha"": 1.0, ""gamma"": 0.08944271909999159}, ""tuning"": ""5-fold CV"", ""tuning_mae_D"": 1.1786168012333176, ""n_candidates"": 88, ""grid_edge"": [], ""n_inputs"": 5, ""n_qubits"": 5, ""fit_seconds"": 0.24, ""offdiag_mean"": 0.3400072967929738, ""offdiag_sd"": 0.27466669643681285, ""alignment"": 0.11005239525508945, ""effective_df"": 15.114328424560883, ""kernel_participation_ratio"": 5.021686443058921}",composition,1.1786168012333176
1,100,qkrr,dev_unseen,1.2879442048646657,1.6518763200320572,1.571952686062919,-0.02130211042986141,0.48909937491836164,4183,0.2,"{""params"": {""alpha"": 1.0, ""gamma"": 0.08944271909999159}, ""tuning"": ""5-fold CV"", ""tuning_mae_D"": 1.1786168012333176, ""n_candidates"": 88, ""grid_edge"": [], ""n_inputs"": 5, ""n_qubits"": 5, ""fit_seconds"": 0.24, ""offdiag_mean"": 0.3400072967929738, ""offdiag_sd"": 0.27466669643681285, ""alignment"": 0.11005239525508945, ""effective_df"": 15.114328424560883, ""kernel_participation_ratio"": 5.021686443058921}",composition,1.1786168012333176
1,100,pqk,dev,1.1087526467469366,1.442205384684135,1.3407014842374645,0.1013803730128,0.04689117009640982,5000,0.3,"{""params"": {""alpha"": 1.0, ""gamma"": 0.08944271909999159, ""gamma_p"": 2.0}, ""tuning"": ""5-fold CV"", ""tuning_mae_D"": 1.1628286822890588, ""n_candidates"": 336, ""grid_edge"": [], ""n_inputs"": 5, ""n_qubits"": 5, ""fit_seconds"": 0.33, ""offdiag_mean"": 0.2597641960788314, ""offdiag_sd"": 0.25810756286421116, ""alignment"": 0.08801254034999909, ""effective_df"": 18.875589836062453, ""kernel_participation_ratio"": 7.004960391813792}",composition,1.1628286822890588
1,100,pqk,dev_unseen,1.2896284149967057,1.6511838836346866,1.5672692380396351,-0.02044606748583422,0.4042584708497092,4183,0.3,"{""params"": {""alpha"": 1.0, ""gamma"": 0.08944271909999159, ""gamma_p"": 2.0}, ""tuning"": ""5-fold CV"", ""tuning_mae_D"": 1.1628286822890588, ""n_candidates"": 336, ""grid_edge"": [], ""n_inputs"": 5, ""n_qubits"": 5, ""fit_seconds"": 0.33, ""offdiag_mean"": 0.2597641960788314, ""offdiag_sd"": 0.25810756286421116, ""alignment"": 0.08801254034999909, ""effective_df"": 18.875589836062453, ""kernel_participation_ratio"": 7.004960391813792}",composition,1.1628286822890588
1,300,rbf_krr,dev,0.760495373970551,1.111176332032739,1.0104927878007222,0.46655746839593515,0.03176734930035986,5000,7.4,"{""params"": {""regressor__model__alpha"": 0.001, ""regressor__model__gamma"": 0.001}, ""tuning"": ""5-fold CV"", ""tuning_mae_D"": 0.8371285077145738}",pca10,0.8371285077145738
1,300,rbf_krr,dev_unseen,1.0542599555500647,1.4021552047896622,1.3226355039714364,0.2641465148455354,0.10264918035296511,4183,7.4,"{""params"": {""regressor__model__alpha"": 0.001, ""regressor__model__gamma"": 0.001}, ""tuning"": ""5-fold CV"", ""tuning_mae_D"": 0.8371285077145738}",pca10,0.8371285077145738
1,300,qkrr,dev,0.7873319538957414,1.167112714427306,1.0747051386444335,0.41149890541712475,0.052270545517724636,5000,8.8,"{""params"": {""alpha"": 0.01, ""gamma"": 0.02}, ""tuning"": ""5-fold CV"", ""tuning_mae_D"": 0.8535083852110438, ""n_candidates"": 88, ""grid_edge"": [""embedding""], ""n_inputs"": 10, ""n_qubits"": 10, ""fit_seconds"": 8.75, ""offdiag_mean"": 0.7980629021493888, ""offdiag_sd"": 0.1276679457650641, ""alignment"": 0.10972590637136194, ""effective_df"": 60.271215401430325, ""kernel_participation_ratio"": 1.5282119654118158}",pca10,0.8535083852110438
1,300,qkrr,dev_unseen,1.0942605509757204,1.4794054140183652,1.401403334326814,0.18083086255322345,0.1697154062846511,4183,8.8,"{""params"": {""alpha"": 0.01, ""gamma"": 0.02}, ""tuning"": ""5-fold CV"", ""tuning_mae_D"": 0.8535083852110438, ""n_candidates"": 88, ""grid_edge"": [""embedding""], ""n_inputs"": 10, ""n_qubits"": 10, ""fit_seconds"": 8.75, ""offdiag_mean"": 0.7980629021493888, ""offdiag_sd"": 0.1276679457650641, ""alignment"": 0.10972590637136194, ""effective_df"": 60.271215401430325, ""kernel_participation_ratio"": 1.5282119654118158}",pca10,0.8535083852110438
1,300,pqk,dev,0.7834165208225573,1.1379039282816072,1.0381217859548355,0.4405865964738057,0.033541459871290195,5000,8.4,"{""params"": {""alpha"": 0.01, ""gamma"": 0.02, ""gamma_p"": 1.0}, ""tuning"": ""5-fold CV"", ""tuning_mae_D"": 0.8551196674071809, ""n_candidates"": 336, ""grid_edge"": [""embedding""], ""n_inputs"": 10, ""n_qubits"": 10, ""fit_seconds"": 8.42, ""offdiag_mean"": 0.8297113764772481, ""offdiag_sd"": 0.09390342765555458, ""alignment"": 0.09310273554684226, ""effective_df"": 51.43869670543684, ""kernel_participation_ratio"": 1.4321558570819564}",pca10,0.8551196674071809
1,300,pqk,dev_unseen,1.0900777405482451,1.4556489753361492,1.3698883998763847,0.20692822781981313,0.168540140644313,4183,8.4,"{""params"": {""alpha"": 0.01, ""gamma"": 0.02, ""gamma_p"": 1.0}, ""tuning"": ""5-fold CV"", ""tuning_mae_D"": 0.8551196674071809, ""n_candidates"": 336, ""grid_edge"": [""embedding""], ""n_inputs"": 10, ""n_qubits"": 10, ""fit_seconds"": 8.42, ""offdiag_mean"": 0.8297113764772481, ""offdiag_sd"": 0.09390342765555458, ""alignment"": 0.09310273554684226, ""effective_df"": 51.43869670543684, ""kernel_participation_ratio"": 1.4321558570819564}",pca10,0.8551196674071809
1,300,rbf_krr,dev,0.6031488087215081,0.9407252126040102,0.8237620897091776,0.6176621954193015,-0.003956764875848302,5000,8.1,"{""params"": {""regressor__model__alpha"": 0.1, ""regressor__model__gamma"": 0.003162277660168379}, ""tuning"": ""5-fold CV"", ""tuning_mae_D"": 0.672172197921461}",kbest10,0.672172197921461
1,300,rbf_krr,dev_unseen,0.7868106280589577,1.1359050042664638,1.032584023585652,0.5170710952821189,0.0010859712049414692,4183,8.1,"{""params"": {""regressor__model__alpha"": 0.1, ""regressor__model__gamma"": 0.003162277660168379}, ""tuning"": ""5-fold CV"", ""tuning_mae_D"": 0.672172197921461}",kbest10,0.672172197921461
1,300,qkrr,dev,0.6177978332815335,0.9540758925052906,0.8391865583037041,0.6067329875265632,-0.010406347807210307,5000,9.4,"{""params"": {""alpha"": 0.1, ""gamma"": 0.02}, ""tuning"": ""5-fold CV"", ""tuning_mae_D"": 0.6922396313043326, ""n_candidates"": 88, ""grid_edge"": [""embedding""], ""n_inputs"": 10, ""n_qubits"": 10, ""fit_seconds"": 9.43, ""offdiag_mean"": 0.7571144784116353, ""offdiag_sd"": 0.1448041519533987, ""alignment"": 0.2513471860126393, ""effective_df"": 25.589483209146433, ""kernel_participation_ratio"": 1.6791391050579176}",kbest10,0.6922396313043326
1,300,qkrr,dev_unseen,0.8203882226245445,1.1778433951698886,1.084591702424472,0.48075266505105185,0.15084869335379827,4183,9.4,"{""params"": {""alpha"": 0.1, ""gamma"": 0.02}, ""tuning"": ""5-fold CV"", ""tuning_mae_D"": 0.6922396313043326, ""n_candidates"": 88, ""grid_edge"": [""embedding""], ""n_inputs"": 10, ""n_qubits"": 10, ""fit_seconds"": 9.43, ""offdiag_mean"": 0.7571144784116353, ""offdiag_sd"": 0.1448041519533987, ""alignment"": 0.2513471860126393, ""effective_df"": 25.589483209146433, ""kernel_participation_ratio"": 1.6791391050579176}",kbest10,0.6922396313043326
1,300,pqk,dev,0.6049394882261795,0.9479791519941972,0.8221362414054151,0.611743042214546,0.002949011565025448,5000,9.2,"{""params"": {""alpha"": 0.0001, ""gamma"": 0.02, ""gamma_p"": 0.01}, ""tuning"": ""5-fold CV"", ""tuning_mae_D"": 0.6903435622327448, ""n_candidates"": 336, ""grid_edge"": [""embedding"", ""kernel""], ""n_inputs"": 10, ""n_qubits"": 10, ""fit_seconds"": 9.25, ""offdiag_mean"": 0.9972730970213403, ""offdiag_sd"": 0.0019261235707613085, ""alignment"": 0.26121514154823205, ""effective_df"": 19.31898547734535, ""kernel_participation_ratio"": 1.005454103688005}",kbest10,0.6903435622327448
1,300,pqk,dev_unseen,0.8032311094480883,1.1597269227999152,1.0542822408666286,0.49660296533360593,0.12261214865215676,4183,9.2,"{""params"": {""alpha"": 0.0001, ""gamma"": 0.02, ""gamma_p"": 0.01}, ""tuning"": ""5-fold CV"", ""tuning_mae_D"": 0.6903435622327448, ""n_candidates"": 336, ""grid_edge"": [""embedding"", ""kernel""], ""n_inputs"": 10, ""n_qubits"": 10, ""fit_seconds"": 9.25, ""offdiag_mean"": 0.9972730970213403, ""offdiag_sd"": 0.0019261235707613085, ""alignment"": 0.26121514154823205, ""effective_df"": 19.31898547734535, ""kernel_participation_ratio"": 1.005454103688005}",kbest10,0.6903435622327448
1,300,rbf_krr,dev,1.020178692851343,1.3726986162026649,1.2686729422908083,0.1859106633116795,-0.05863618965574069,5000,0.8,"{""params"": {""regressor__model__alpha"": 1.0, ""regressor__model__gamma"": 0.06324555320336758}, ""tuning"": ""5-fold CV"", ""tuning_mae_D"": 1.034611308958753}",composition,1.034611308958753
1,300,rbf_krr,dev_unseen,1.1983515670713505,1.5521507988217966,1.4577928192199996,0.09828976386444221,0.2600071657406238,4183,0.8,"{""params"": {""regressor__model__alpha"": 1.0, ""regressor__model__gamma"": 0.06324555320336758}, ""tuning"": ""5-fold CV"", ""tuning_mae_D"": 1.034611308958753}",composition,1.034611308958753
1,300,qkrr,dev,1.0175938260234185,1.3796583591534324,1.2789358261808221,0.17763467945971634,-0.05641733452166611,5000,0.4,"{""params"": {""alpha"": 0.1, ""gamma"": 0.028284271247461898}, ""tuning"": ""5-fold CV"", ""tuning_mae_D"": 1.0240261831727502, ""n_candidates"": 88, ""grid_edge"": [""embedding""], ""n_inputs"": 5, ""n_qubits"": 5, ""fit_seconds"": 0.37, ""offdiag_mean"": 0.8562034528430508, ""offdiag_sd"": 0.1344349988707127, ""alignment"": 0.1510294373933063, ""effective_df"": 12.635155415912473, ""kernel_participation_ratio"": 1.3298109339557795}",composition,1.0240261831727502
1,300,qkrr,dev_unseen,1.198617383809301,1.5532507170889462,1.4605668366973308,0.09701133269771778,0.2585525860102249,4183,0.4,"{""params"": {""alpha"": 0.1, ""gamma"": 0.028284271247461898}, ""tuning"": ""5-fold CV"", ""tuning_mae_D"": 1.0240261831727502, ""n_candidates"": 88, ""grid_edge"": [""embedding""], ""n_inputs"": 5, ""n_qubits"": 5, ""fit_seconds"": 0.37, ""offdiag_mean"": 0.8562034528430508, ""offdiag_sd"": 0.1344349988707127, ""alignment"": 0.1510294373933063, ""effective_df"": 12.635155415912473, ""kernel_participation_ratio"": 1.3298109339557795}",composition,1.0240261831727502
1,300,pqk,dev,1.0232900494303925,1.3797455348772698,1.2775792965168236,0.17753075147416975,-0.06958287741957227,5000,0.6,"{""params"": {""alpha"": 0.1, ""gamma"": 0.028284271247461898, ""gamma_p"": 0.6324555320336759}, ""tuning"": ""5-fold CV"", ""tuning_mae_D"": 1.0338828905687627, ""n_candidates"": 336, ""grid_edge"": [""embedding""], ""n_inputs"": 5, ""n_qubits"": 5, ""fit_seconds"": 0.57, ""offdiag_mean"": 0.908149186722673, ""offdiag_sd"": 0.08079517435360727, ""alignment"": 0.12943128439187118, ""effective_df"": 10.142959604327382, ""kernel_participation_ratio"": 1.2021755585581761}",composition,1.0338828905687627
1,300,pqk,dev_unseen,1.201085063839096,1.5569203145872947,1.4637359203280107,0.09273962155740134,0.2614180211695704,4183,0.6,"{""params"": {""alpha"": 0.1, ""gamma"": 0.028284271247461898, ""gamma_p"": 0.6324555320336759}, ""tuning"": ""5-fold CV"", ""tuning_mae_D"": 1.0338828905687627, ""n_candidates"": 336, ""grid_edge"": [""embedding""], ""n_inputs"": 5, ""n_qubits"": 5, ""fit_seconds"": 0.57, ""offdiag_mean"": 0.908149186722673, ""offdiag_sd"": 0.08079517435360727, ""alignment"": 0.12943128439187118, ""effective_df"": 10.142959604327382, ""kernel_participation_ratio"": 1.2021755585581761}",composition,1.0338828905687627
1,1000,rbf_krr,dev,0.6765452747000432,1.0068864329237308,0.9077359072870276,0.5619913849189259,-0.013233806139867141,5000,11.3,"{""params"": {""regressor__model__alpha"": 0.1, ""regressor__model__gamma"": 0.03162277660168379}, ""tuning"": ""5-fold CV"", ""tuning_mae_D"": 0.7327762909744502}",pca10,0.7327762909744502
1,1000,rbf_krr,dev_unseen,0.9570302142327635,1.2985315585737458,1.1993060867159044,0.3688912637355257,0.04879404831098491,4183,11.3,"{""params"": {""regressor__model__alpha"": 0.1, ""regressor__model__gamma"": 0.03162277660168379}, ""tuning"": ""5-fold CV"", ""tuning_mae_D"": 0.7327762909744502}",pca10,0.7327762909744502
1,1000,qkrr,dev,0.6860313270317363,1.0178460497607569,0.9163822915089969,0.5524043414700437,-0.023116983902973263,5000,17.4,"{""params"": {""alpha"": 0.1, ""gamma"": 0.03556558820077846}, ""tuning"": ""5-fold CV"", ""tuning_mae_D"": 0.7391005354395986, ""n_candidates"": 88, ""grid_edge"": [], ""n_inputs"": 10, ""n_qubits"": 10, ""fit_seconds"": 17.37, ""offdiag_mean"": 0.5379170911649169, ""offdiag_sd"": 0.21141288243252893, ""alignment"": 0.10059995603559997, ""effective_df"": 121.27219994648419, ""kernel_participation_ratio"": 2.9876060332884617}",pca10,0.7391005354395986
1,1000,qkrr,dev_unseen,0.951356836206909,1.2962894589292715,1.195639370615186,0.37106878041871116,0.05129634277236109,4183,17.4,"{""params"": {""alpha"": 0.1, ""gamma"": 0.03556558820077846}, ""tuning"": ""5-fold CV"", ""tuning_mae_D"": 0.7391005354395986, ""n_candidates"": 88, ""grid_edge"": [], ""n_inputs"": 10, ""n_qubits"": 10, ""fit_seconds"": 17.37, ""offdiag_mean"": 0.5379170911649169, ""offdiag_sd"": 0.21141288243252893, ""alignment"": 0.10059995603559997, ""effective_df"": 121.27219994648419, ""kernel_participation_ratio"": 2.9876060332884617}",pca10,0.7391005354395986
1,1000,pqk,dev,0.6872520811532933,1.0199812540258664,0.9191948242347746,0.5505244686030726,-0.01875585640741851,5000,19.5,"{""params"": {""alpha"": 1e-06, ""gamma"": 0.02, ""gamma_p"": 0.03162277660168379}, ""tuning"": ""5-fold CV"", ""tuning_mae_D"": 0.7391219955144901, ""n_candidates"": 336, ""grid_edge"": [""alpha"", ""embedding""], ""n_inputs"": 10, ""n_qubits"": 10, ""fit_seconds"": 19.54, ""offdiag_mean"": 0.9941088479073209, ""offdiag_sd"": 0.003954279068691371, ""alignment"": 0.05701834116919325, ""effective_df"": 109.13778160535718, ""kernel_participation_ratio"": 1.0118592230517187}",pca10,0.7391219955144901
1,1000,pqk,dev_unseen,0.9476897702416208,1.294601800359696,1.201550419536069,0.3727053442510817,0.12499654154591289,4183,19.5,"{""params"": {""alpha"": 1e-06, ""gamma"": 0.02, ""gamma_p"": 0.03162277660168379}, ""tuning"": ""5-fold CV"", ""tuning_mae_D"": 0.7391219955144901, ""n_candidates"": 336, ""grid_edge"": [""alpha"", ""embedding""], ""n_inputs"": 10, ""n_qubits"": 10, ""fit_seconds"": 19.54, ""offdiag_mean"": 0.9941088479073209, ""offdiag_sd"": 0.003954279068691371, ""alignment"": 0.05701834116919325, ""effective_df"": 109.13778160535718, ""kernel_participation_ratio"": 1.0118592230517187}",pca10,0.7391219955144901
1,1000,rbf_krr,dev,0.579636654855318,0.8921385100600966,0.8076179172204345,0.6561363668255468,-0.0001493134823205395,5000,13.5,"{""params"": {""regressor__model__alpha"": 0.1, ""regressor__model__gamma"": 0.1}, ""tuning"": ""5-fold CV"", ""tuning_mae_D"": 0.5741985462503855}",kbest10,0.5741985462503855
1,1000,rbf_krr,dev_unseen,0.801799275050666,1.1429839087217208,1.0457611267090208,0.5110331610183548,-0.04851692490040062,4183,13.5,"{""params"": {""regressor__model__alpha"": 0.1, ""regressor__model__gamma"": 0.1}, ""tuning"": ""5-fold CV"", ""tuning_mae_D"": 0.5741985462503855}",kbest10,0.5741985462503855
1,1000,qkrr,dev,0.6135388156976753,0.9225597826379225,0.8576373949261946,0.6322855376171959,0.022266465886728527,5000,19.4,"{""params"": {""alpha"": 0.01, ""gamma"": 0.03556558820077846}, ""tuning"": ""5-fold CV"", ""tuning_mae_D"": 0.6011758196349177, ""n_candidates"": 88, ""grid_edge"": [], ""n_inputs"": 10, ""n_qubits"": 10, ""fit_seconds"": 19.44, ""offdiag_mean"": 0.4868940241557579, ""offdiag_sd"": 0.25157494250801243, ""alignment"": 0.120006319796976, ""effective_df"": 209.4675984083459, ""kernel_participation_ratio"": 3.321647923044278}",kbest10,0.6011758196349177
1,1000,qkrr,dev_unseen,0.8249390333978095,1.1586916873412991,1.0846001284396907,0.49750128346918954,-0.028895708869940955,4183,19.4,"{""params"": {""alpha"": 0.01, ""gamma"": 0.03556558820077846}, ""tuning"": ""5-fold CV"", ""tuning_mae_D"": 0.6011758196349177, ""n_candidates"": 88, ""grid_edge"": [], ""n_inputs"": 10, ""n_qubits"": 10, ""fit_seconds"": 19.44, ""offdiag_mean"": 0.4868940241557579, ""offdiag_sd"": 0.25157494250801243, ""alignment"": 0.120006319796976, ""effective_df"": 209.4675984083459, ""kernel_participation_ratio"": 3.321647923044278}",kbest10,0.6011758196349177
1,1000,pqk,dev,0.6194908593375789,0.9280330351704392,0.8559585774994778,0.6279095303610813,0.029332539311949405,5000,21.4,"{""params"": {""alpha"": 0.01, ""gamma"": 0.02, ""gamma_p"": 3.162277660168379}, ""tuning"": ""5-fold CV"", ""tuning_mae_D"": 0.6049756711558233, ""n_candidates"": 336, ""grid_edge"": [""embedding""], ""n_inputs"": 10, ""n_qubits"": 10, ""fit_seconds"": 21.39, ""offdiag_mean"": 0.5263340895543082, ""offdiag_sd"": 0.24766109441521175, ""alignment"": 0.07722286478019377, ""effective_df"": 159.7168919058577, ""kernel_participation_ratio"": 2.9496329996684625}",kbest10,0.6049756711558233
1,1000,pqk,dev_unseen,0.8268606404231428,1.161252421595652,1.0847065650577241,0.495277762612756,-0.011034590499076694,4183,21.4,"{""params"": {""alpha"": 0.01, ""gamma"": 0.02, ""gamma_p"": 3.162277660168379}, ""tuning"": ""5-fold CV"", ""tuning_mae_D"": 0.6049756711558233, ""n_candidates"": 336, ""grid_edge"": [""embedding""], ""n_inputs"": 10, ""n_qubits"": 10, ""fit_seconds"": 21.39, ""offdiag_mean"": 0.5263340895543082, ""offdiag_sd"": 0.24766109441521175, ""alignment"": 0.07722286478019377, ""effective_df"": 159.7168919058577, ""kernel_participation_ratio"": 2.9496329996684625}",kbest10,0.6049756711558233
1,1000,rbf_krr,dev,0.990813980223397,1.344811286884097,1.2370947114930364,0.21865225099416175,-0.06098361675965894,5000,3.2,"{""params"": {""regressor__model__alpha"": 0.1, ""regressor__model__gamma"": 0.006324555320336758}, ""tuning"": ""5-fold CV"", ""tuning_mae_D"": 0.9972279564842526}",composition,0.9972279564842526
1,1000,rbf_krr,dev_unseen,1.165845659147557,1.5242907736905584,1.42306788314954,0.1303693937891558,0.08367998107945362,4183,3.2,"{""params"": {""regressor__model__alpha"": 0.1, ""regressor__model__gamma"": 0.006324555320336758}, ""tuning"": ""5-fold CV"", ""tuning_mae_D"": 0.9972279564842526}",composition,0.9972279564842526
1,1000,qkrr,dev,0.9918863637816032,1.3488292637787946,1.2405922530719466,0.21397631292098307,-0.06130883102589289,5000,2.0,"{""params"": {""alpha"": 1.0, ""gamma"": 0.050297337187317416}, ""tuning"": ""5-fold CV"", ""tuning_mae_D"": 0.9963558552536452, ""n_candidates"": 88, ""grid_edge"": [], ""n_inputs"": 5, ""n_qubits"": 5, ""fit_seconds"": 2.03, ""offdiag_mean"": 0.6518532261586917, ""offdiag_sd"": 0.23550979374178732, ""alignment"": 0.1398743868440206, ""effective_df"": 18.525894468589804, ""kernel_participation_ratio"": 2.079446873508023}",composition,0.9963558552536452
1,1000,qkrr,dev_unseen,1.157190395143197,1.5183956359634645,1.4159366360629186,0.13708291437400744,0.05030443093971936,4183,2.0,"{""params"": {""alpha"": 1.0, ""gamma"": 0.050297337187317416}, ""tuning"": ""5-fold CV"", ""tuning_mae_D"": 0.9963558552536452, ""n_candidates"": 88, ""grid_edge"": [], ""n_inputs"": 5, ""n_qubits"": 5, ""fit_seconds"": 2.03, ""offdiag_mean"": 0.6518532261586917, ""offdiag_sd"": 0.23550979374178732, ""alignment"": 0.1398743868440206, ""effective_df"": 18.525894468589804, ""kernel_participation_ratio"": 2.079446873508023}",composition,0.9963558552536452
1,1000,pqk,dev,0.9920955165584077,1.3555176398084359,1.2495349257844879,0.20616174884200444,-0.05796784046234236,5000,6.4,"{""params"": {""alpha"": 0.0001, ""gamma"": 0.028284271247461898, ""gamma_p"": 0.02}, ""tuning"": ""5-fold CV"", ""tuning_mae_D"": 0.9964024091331974, ""n_candidates"": 336, ""grid_edge"": [""embedding"", ""kernel""], ""n_inputs"": 5, ""n_qubits"": 5, ""fit_seconds"": 6.41, ""offdiag_mean"": 0.9967043341100148, ""offdiag_sd"": 0.0032281100849786476, ""alignment"": 0.13708747282647057, ""effective_df"": 17.812381060344205, ""kernel_participation_ratio"": 1.006606843504631}",composition,0.9964024091331974
1,1000,pqk,dev_unseen,1.1602637630535926,1.5231387871222792,1.4225253847105095,0.1316833481048615,0.045721564404003996,4183,6.4,"{""params"": {""alpha"": 0.0001, ""gamma"": 0.028284271247461898, ""gamma_p"": 0.02}, ""tuning"": ""5-fold CV"", ""tuning_mae_D"": 0.9964024091331974, ""n_candidates"": 336, ""grid_edge"": [""embedding"", ""kernel""], ""n_inputs"": 5, ""n_qubits"": 5, ""fit_seconds"": 6.41, ""offdiag_mean"": 0.9967043341100148, ""offdiag_sd"": 0.0032281100849786476, ""alignment"": 0.13708747282647057, ""effective_df"": 17.812381060344205, ""kernel_participation_ratio"": 1.006606843504631}",composition,0.9964024091331974
2,100,rbf_krr,dev,0.7924989409016827,1.1569016291428453,1.029251239219082,0.4217514668935526,-0.18432249149068133,5000,7.0,"{""params"": {""regressor__model__alpha"": 0.1, ""regressor__model__gamma"": 0.01}, ""tuning"": ""5-fold CV"", ""tuning_mae_D"": 0.7521541699639652}",pca10,0.7521541699639652
2,100,rbf_krr,dev_unseen,1.0936513526553615,1.4697286799894338,1.3597236034404474,0.1915121228458997,-0.5070355122399172,4183,7.0,"{""params"": {""regressor__model__alpha"": 0.1, ""regressor__model__gamma"": 0.01}, ""tuning"": ""5-fold CV"", ""tuning_mae_D"": 0.7521541699639652}",pca10,0.7521541699639652
2,100,qkrr,dev,0.7996328280658843,1.1643981773180234,1.0372790954233835,0.4142332604675606,-0.1864608665753669,5000,7.0,"{""params"": {""alpha"": 0.1, ""gamma"": 0.02}, ""tuning"": ""5-fold CV"", ""tuning_mae_D"": 0.7724326221814344, ""n_candidates"": 88, ""grid_edge"": [""embedding""], ""n_inputs"": 10, ""n_qubits"": 10, ""fit_seconds"": 7.02, ""offdiag_mean"": 0.8033131923522309, ""offdiag_sd"": 0.14094737561100443, ""alignment"": 0.15580317441716082, ""effective_df"": 18.466828283291747, ""kernel_participation_ratio"": 1.4958270943967056}",pca10,0.7724326221814344
2,100,qkrr,dev_unseen,1.0951594698384601,1.46431183791326,1.3580999104540017,0.1974606774913964,-0.46169841272002987,4183,7.0,"{""params"": {""alpha"": 0.1, ""gamma"": 0.02}, ""tuning"": ""5-fold CV"", ""tuning_mae_D"": 0.7724326221814344, ""n_candidates"": 88, ""grid_edge"": [""embedding""], ""n_inputs"": 10, ""n_qubits"": 10, ""fit_seconds"": 7.02, ""offdiag_mean"": 0.8033131923522309, ""offdiag_sd"": 0.14094737561100443, ""alignment"": 0.15580317441716082, ""effective_df"": 18.466828283291747, ""kernel_participation_ratio"": 1.4958270943967056}",pca10,0.7724326221814344
2,100,pqk,dev,0.8080639335988519,1.1775826886628509,1.051390671546759,0.4008928542153327,-0.1723296989306502,5000,6.8,"{""params"": {""alpha"": 0.0001, ""gamma"": 0.02, ""gamma_p"": 0.01}, ""tuning"": ""5-fold CV"", ""tuning_mae_D"": 0.7646659966543343, ""n_candidates"": 336, ""grid_edge"": [""embedding"", ""kernel""], ""n_inputs"": 10, ""n_qubits"": 10, ""fit_seconds"": 6.83, ""offdiag_mean"": 0.9981311925415216, ""offdiag_sd"": 0.0014901512066050864, ""alignment"": 0.1309327027568399, ""effective_df"": 15.58965039247789, ""kernel_participation_ratio"": 1.0037082834664768}",pca10,0.7646659966543343
2,100,pqk,dev_unseen,1.1565936332691888,1.5200291881374692,1.4157926284587554,0.13522519256383503,-0.5885190620575368,4183,6.8,"{""params"": {""alpha"": 0.0001, ""gamma"": 0.02, ""gamma_p"": 0.01}, ""tuning"": ""5-fold CV"", ""tuning_mae_D"": 0.7646659966543343, ""n_candidates"": 336, ""grid_edge"": [""embedding"", ""kernel""], ""n_inputs"": 10, ""n_qubits"": 10, ""fit_seconds"": 6.83, ""offdiag_mean"": 0.9981311925415216, ""offdiag_sd"": 0.0014901512066050864, ""alignment"": 0.1309327027568399, ""effective_df"": 15.58965039247789, ""kernel_participation_ratio"": 1.0037082834664768}",pca10,0.7646659966543343
2,100,rbf_krr,dev,0.711123538394429,1.0505449080564788,0.9243880610959163,0.5231838918507692,-0.15527812633883628,5000,7.5,"{""params"": {""regressor__model__alpha"": 0.1, ""regressor__model__gamma"": 0.03162277660168379}, ""tuning"": ""5-fold CV"", ""tuning_mae_D"": 0.69650220920655}",kbest10,0.69650220920655
2,100,rbf_krr,dev_unseen,0.985142253593833,1.3343693319409666,1.2277780813756494,0.33357500382030547,-0.4743439102097342,4183,7.5,"{""params"": {""regressor__model__alpha"": 0.1, ""regressor__model__gamma"": 0.03162277660168379}, ""tuning"": ""5-fold CV"", ""tuning_mae_D"": 0.69650220920655}",kbest10,0.69650220920655
2,100,qkrr,dev,0.7507635441801023,1.0957527840865502,0.9738934886417041,0.4812634611172142,-0.14945858544501883,5000,7.5,"{""params"": {""alpha"": 0.01, ""gamma"": 0.02}, ""tuning"": ""5-fold CV"", ""tuning_mae_D"": 0.712543036749646, ""n_candidates"": 88, ""grid_edge"": [""embedding""], ""n_inputs"": 10, ""n_qubits"": 10, ""fit_seconds"": 7.45, ""offdiag_mean"": 0.793557536667504, ""offdiag_sd"": 0.11801641607155229, ""alignment"": 0.22736241650885403, ""effective_df"": 30.70674261986857, ""kernel_participation_ratio"": 1.5450581664913239}",kbest10,0.712543036749646
2,100,qkrr,dev_unseen,0.958646569359037,1.3079024757835038,1.2033551072016577,0.35974954167297024,-0.3861611740454223,4183,7.5,"{""params"": {""alpha"": 0.01, ""gamma"": 0.02}, ""tuning"": ""5-fold CV"", ""tuning_mae_D"": 0.712543036749646, ""n_candidates"": 88, ""grid_edge"": [""embedding""], ""n_inputs"": 10, ""n_qubits"": 10, ""fit_seconds"": 7.45, ""offdiag_mean"": 0.793557536667504, ""offdiag_sd"": 0.11801641607155229, ""alignment"": 0.22736241650885403, ""effective_df"": 30.70674261986857, ""kernel_participation_ratio"": 1.5450581664913239}",kbest10,0.712543036749646
2,100,pqk,dev,0.8028918715695066,1.178582801902868,1.0405256185393899,0.39987478655494746,-0.08637301789748444,5000,7.4,"{""params"": {""alpha"": 0.1, ""gamma"": 0.0632455532033676, ""gamma_p"": 0.31622776601683794}, ""tuning"": ""5-fold CV"", ""tuning_mae_D"": 0.6927991458235355, ""n_candidates"": 336, ""grid_edge"": [], ""n_inputs"": 10, ""n_qubits"": 10, ""fit_seconds"": 7.36, ""offdiag_mean"": 0.6764150077052317, ""offdiag_sd"": 0.1603226538603659, ""alignment"": 0.1855921124354698, ""effective_df"": 25.130473546759838, ""kernel_participation_ratio"": 2.047467630301452}",kbest10,0.6927991458235355
2,100,pqk,dev_unseen,1.0325403874644195,1.4017349350252437,1.2894777127609283,0.26458756534094885,-0.5134566209704451,4183,7.4,"{""params"": {""alpha"": 0.1, ""gamma"": 0.0632455532033676, ""gamma_p"": 0.31622776601683794}, ""tuning"": ""5-fold CV"", ""tuning_mae_D"": 0.6927991458235355, ""n_candidates"": 336, ""grid_edge"": [], ""n_inputs"": 10, ""n_qubits"": 10, ""fit_seconds"": 7.36, ""offdiag_mean"": 0.6764150077052317, ""offdiag_sd"": 0.1603226538603659, ""alignment"": 0.1855921124354698, ""effective_df"": 25.130473546759838, ""kernel_participation_ratio"": 2.047467630301452}",kbest10,0.6927991458235355
2,100,rbf_krr,dev,1.0017179417635549,1.401821721786396,1.2768699384531654,0.1510008704583068,-0.24654176832020674,5000,0.6,"{""params"": {""regressor__model__alpha"": 1e-05, ""regressor__model__gamma"": 0.0006324555320336759}, ""tuning"": ""5-fold CV"", ""tuning_mae_D"": 0.8996710461206436}",composition,0.8996710461206436
2,100,rbf_krr,dev_unseen,1.250632270401231,1.6768029831245486,1.5612246961447183,-0.05235737788247796,-0.6246083450909491,4183,0.6,"{""params"": {""regressor__model__alpha"": 1e-05, ""regressor__model__gamma"": 0.0006324555320336759}, ""tuning"": ""5-fold CV"", ""tuning_mae_D"": 0.8996710461206436}",composition,0.8996710461206436
2,100,qkrr,dev,1.003900608202524,1.3998828906415888,1.2781669104887894,0.1533477132964718,-0.28563476589081715,5000,0.3,"{""params"": {""alpha"": 0.1, ""gamma"": 0.028284271247461898}, ""tuning"": ""5-fold CV"", ""tuning_mae_D"": 0.9083559237855187, ""n_candidates"": 88, ""grid_edge"": [""embedding""], ""n_inputs"": 5, ""n_qubits"": 5, ""fit_seconds"": 0.26, ""offdiag_mean"": 0.8420488872798538, ""offdiag_sd"": 0.13197187906660127, ""alignment"": 0.16416046137868354, ""effective_df"": 9.62938719501383, ""kernel_participation_ratio"": 1.3713691219421769}",composition,0.9083559237855187
2,100,qkrr,dev_unseen,1.225911078689515,1.6471891436429826,1.5315863045473175,-0.015514471822879683,-0.5584053328909865,4183,0.3,"{""params"": {""alpha"": 0.1, ""gamma"": 0.028284271247461898}, ""tuning"": ""5-fold CV"", ""tuning_mae_D"": 0.9083559237855187, ""n_candidates"": 88, ""grid_edge"": [""embedding""], ""n_inputs"": 5, ""n_qubits"": 5, ""fit_seconds"": 0.26, ""offdiag_mean"": 0.8420488872798538, ""offdiag_sd"": 0.13197187906660127, ""alignment"": 0.16416046137868354, ""effective_df"": 9.62938719501383, ""kernel_participation_ratio"": 1.3713691219421769}",composition,0.9083559237855187
2,100,pqk,dev,1.0071159901561215,1.4057446271766605,1.2848081500588266,0.1462424859043875,-0.3021030990234887,5000,0.4,"{""params"": {""alpha"": 0.0001, ""gamma"": 0.028284271247461898, ""gamma_p"": 0.02}, ""tuning"": ""5-fold CV"", ""tuning_mae_D"": 0.8906673493698724, ""n_candidates"": 336, ""grid_edge"": [""embedding"", ""kernel""], ""n_inputs"": 5, ""n_qubits"": 5, ""fit_seconds"": 0.44, ""offdiag_mean"": 0.9965335393839467, ""offdiag_sd"": 0.0034183534488465375, ""alignment"": 0.1391705207084357, ""effective_df"": 11.625119440380757, ""kernel_participation_ratio"": 1.0068872371255488}",composition,0.8906673493698724
2,100,pqk,dev_unseen,1.2537869328454891,1.6678499383871261,1.5550686928115787,-0.04114956204660403,-0.6272102755626492,4183,0.4,"{""params"": {""alpha"": 0.0001, ""gamma"": 0.028284271247461898, ""gamma_p"": 0.02}, ""tuning"": ""5-fold CV"", ""tuning_mae_D"": 0.8906673493698724, ""n_candidates"": 336, ""grid_edge"": [""embedding"", ""kernel""], ""n_inputs"": 5, ""n_qubits"": 5, ""fit_seconds"": 0.44, ""offdiag_mean"": 0.9965335393839467, ""offdiag_sd"": 0.0034183534488465375, ""alignment"": 0.1391705207084357, ""effective_df"": 11.625119440380757, ""kernel_participation_ratio"": 1.0068872371255488}",composition,0.8906673493698724
2,300,rbf_krr,dev,0.7886006092364508,1.1434464826927275,1.026421663064901,0.43512369161595044,-0.10495282044489232,5000,8.0,"{""params"": {""regressor__model__alpha"": 1.0, ""regressor__model__gamma"": 0.1}, ""tuning"": ""5-fold CV"", ""tuning_mae_D"": 0.7507664490106035}",pca10,0.7507664490106035
2,300,rbf_krr,dev_unseen,1.046789570962761,1.4054362387452854,1.2947217779907085,0.26069870099942916,-0.2580280898763659,4183,8.0,"{""params"": {""regressor__model__alpha"": 1.0, ""regressor__model__gamma"": 0.1}, ""tuning"": ""5-fold CV"", ""tuning_mae_D"": 0.7507664490106035}",pca10,0.7507664490106035
2,300,qkrr,dev,0.7902247139706513,1.1309523880630674,1.0238650179537436,0.4474007153787595,-0.09744236591068547,5000,9.3,"{""params"": {""alpha"": 0.1, ""gamma"": 0.02}, ""tuning"": ""5-fold CV"", ""tuning_mae_D"": 0.7671477565190451, ""n_candidates"": 88, ""grid_edge"": [""embedding""], ""n_inputs"": 10, ""n_qubits"": 10, ""fit_seconds"": 9.35, ""offdiag_mean"": 0.8056017228956361, ""offdiag_sd"": 0.15259537615404128, ""alignment"": 0.06479084038597503, ""effective_df"": 28.736710797105808, ""kernel_participation_ratio"": 1.485063484365342}",pca10,0.7671477565190451
2,300,qkrr,dev_unseen,1.031496736919307,1.376278046224624,1.273695572087344,0.29105664071119886,-0.17018975316449272,4183,9.3,"{""params"": {""alpha"": 0.1, ""gamma"": 0.02}, ""tuning"": ""5-fold CV"", ""tuning_mae_D"": 0.7671477565190451, ""n_candidates"": 88, ""grid_edge"": [""embedding""], ""n_inputs"": 10, ""n_qubits"": 10, ""fit_seconds"": 9.35, ""offdiag_mean"": 0.8056017228956361, ""offdiag_sd"": 0.15259537615404128, ""alignment"": 0.06479084038597503, ""effective_df"": 28.736710797105808, ""kernel_participation_ratio"": 1.485063484365342}",pca10,0.7671477565190451
2,300,pqk,dev,0.7994611862865184,1.146547740011895,1.0372115969844933,0.4320554195699714,-0.09600301897638303,5000,9.1,"{""params"": {""alpha"": 0.1, ""gamma"": 0.02, ""gamma_p"": 3.162277660168379}, ""tuning"": ""5-fold CV"", ""tuning_mae_D"": 0.7737147984535597, ""n_candidates"": 336, ""grid_edge"": [""embedding""], ""n_inputs"": 10, ""n_qubits"": 10, ""fit_seconds"": 9.11, ""offdiag_mean"": 0.6022463560800388, ""offdiag_sd"": 0.1992112356979854, ""alignment"": 0.07399187796762308, ""effective_df"": 50.03480940666678, ""kernel_participation_ratio"": 2.4729347357570464}",pca10,0.7737147984535597
2,300,pqk,dev_unseen,1.0975120037299646,1.4543789105123484,1.3474902481865256,0.20831154640813643,-0.23449311055357386,4183,9.1,"{""params"": {""alpha"": 0.1, ""gamma"": 0.02, ""gamma_p"": 3.162277660168379}, ""tuning"": ""5-fold CV"", ""tuning_mae_D"": 0.7737147984535597, ""n_candidates"": 336, ""grid_edge"": [""embedding""], ""n_inputs"": 10, ""n_qubits"": 10, ""fit_seconds"": 9.11, ""offdiag_mean"": 0.6022463560800388, ""offdiag_sd"": 0.1992112356979854, ""alignment"": 0.07399187796762308, ""effective_df"": 50.03480940666678, ""kernel_participation_ratio"": 2.4729347357570464}",pca10,0.7737147984535597
2,300,rbf_krr,dev,0.6604618293658324,0.9910445858644606,0.8728652044600046,0.5756657754911558,-0.10417314492432982,5000,8.9,"{""params"": {""regressor__model__alpha"": 0.1, ""regressor__model__gamma"": 0.03162277660168379}, ""tuning"": ""5-fold CV"", ""tuning_mae_D"": 0.6500074516997243}",kbest10,0.6500074516997243
2,300,rbf_krr,dev_unseen,0.8791477854633336,1.2248388333165672,1.1274539197237479,0.4384905514211547,-0.3071687516232893,4183,8.9,"{""params"": {""regressor__model__alpha"": 0.1, ""regressor__model__gamma"": 0.03162277660168379}, ""tuning"": ""5-fold CV"", ""tuning_mae_D"": 0.6500074516997243}",kbest10,0.6500074516997243
2,300,qkrr,dev,0.6643724630819199,0.9963862112152858,0.8816989576608882,0.5710792151222579,-0.09610747969316173,5000,10.2,"{""params"": {""alpha"": 0.1, ""gamma"": 0.03556558820077846}, ""tuning"": ""5-fold CV"", ""tuning_mae_D"": 0.6457196560354965, ""n_candidates"": 88, ""grid_edge"": [], ""n_inputs"": 10, ""n_qubits"": 10, ""fit_seconds"": 10.16, ""offdiag_mean"": 0.4511993629616672, ""offdiag_sd"": 0.23703882279670324, ""alignment"": 0.21043918966975242, ""effective_df"": 56.60000644349771, ""kernel_participation_ratio"": 3.8133632088605385}",kbest10,0.6457196560354965
2,300,qkrr,dev_unseen,0.8598656013501936,1.2175650341746234,1.124360414883338,0.4451398825001954,-0.2224346294588685,4183,10.2,"{""params"": {""alpha"": 0.1, ""gamma"": 0.03556558820077846}, ""tuning"": ""5-fold CV"", ""tuning_mae_D"": 0.6457196560354965, ""n_candidates"": 88, ""grid_edge"": [], ""n_inputs"": 10, ""n_qubits"": 10, ""fit_seconds"": 10.16, ""offdiag_mean"": 0.4511993629616672, ""offdiag_sd"": 0.23703882279670324, ""alignment"": 0.21043918966975242, ""effective_df"": 56.60000644349771, ""kernel_participation_ratio"": 3.8133632088605385}",kbest10,0.6457196560354965
2,300,pqk,dev,0.6661326381982277,0.9900042538689179,0.8789958363819238,0.57655618299731,-0.10348221734096567,5000,10.0,"{""params"": {""alpha"": 0.01, ""gamma"": 0.02, ""gamma_p"": 1.0}, ""tuning"": ""5-fold CV"", ""tuning_mae_D"": 0.6552472282040347, ""n_candidates"": 336, ""grid_edge"": [""embedding""], ""n_inputs"": 10, ""n_qubits"": 10, ""fit_seconds"": 9.97, ""offdiag_mean"": 0.7699709162221204, ""offdiag_sd"": 0.1369856900925245, ""alignment"": 0.2003279922468191, ""effective_df"": 43.26205644737444, ""kernel_participation_ratio"": 1.631547896901445}",kbest10,0.6552472282040347
2,300,pqk,dev_unseen,0.8638180951673409,1.208603727304042,1.119822631459259,0.4532773924094523,-0.2540333609068638,4183,10.0,"{""params"": {""alpha"": 0.01, ""gamma"": 0.02, ""gamma_p"": 1.0}, ""tuning"": ""5-fold CV"", ""tuning_mae_D"": 0.6552472282040347, ""n_candidates"": 336, ""grid_edge"": [""embedding""], ""n_inputs"": 10, ""n_qubits"": 10, ""fit_seconds"": 9.97, ""offdiag_mean"": 0.7699709162221204, ""offdiag_sd"": 0.1369856900925245, ""alignment"": 0.2003279922468191, ""effective_df"": 43.26205644737444, ""kernel_participation_ratio"": 1.631547896901445}",kbest10,0.6552472282040347
2,300,rbf_krr,dev,0.9947180468920813,1.3645510231347773,1.2451222431246698,0.19554596709388838,-0.1894595058233235,5000,0.7,"{""params"": {""regressor__model__alpha"": 1.0, ""regressor__model__gamma"": 0.06324555320336758}, ""tuning"": ""5-fold CV"", ""tuning_mae_D"": 0.959746202583522}",composition,0.959746202583522
2,300,rbf_krr,dev_unseen,1.1724672121994621,1.5561000963588487,1.4427870266290854,0.09369529729247583,-0.31287427620352226,4183,0.7,"{""params"": {""regressor__model__alpha"": 1.0, ""regressor__model__gamma"": 0.06324555320336758}, ""tuning"": ""5-fold CV"", ""tuning_mae_D"": 0.959746202583522}",composition,0.959746202583522
2,300,qkrr,dev,0.9964046951673124,1.3696430512737563,1.2493392989037728,0.189530881562879,-0.19106899978938874,5000,0.4,"{""params"": {""alpha"": 1.0, ""gamma"": 0.050297337187317416}, ""tuning"": ""5-fold CV"", ""tuning_mae_D"": 0.9441337741912547, ""n_candidates"": 88, ""grid_edge"": [], ""n_inputs"": 5, ""n_qubits"": 5, ""fit_seconds"": 0.36, ""offdiag_mean"": 0.6387280895457668, ""offdiag_sd"": 0.24177513343052703, ""alignment"": 0.15152336108014225, ""effective_df"": 12.810136639222046, ""kernel_participation_ratio"": 2.1358058185667708}",composition,0.9441337741912547
2,300,qkrr,dev_unseen,1.177642203801268,1.569130619880382,1.4545797895450538,0.0784532563835969,-0.37830260835694274,4183,0.4,"{""params"": {""alpha"": 1.0, ""gamma"": 0.050297337187317416}, ""tuning"": ""5-fold CV"", ""tuning_mae_D"": 0.9441337741912547, ""n_candidates"": 88, ""grid_edge"": [], ""n_inputs"": 5, ""n_qubits"": 5, ""fit_seconds"": 0.36, ""offdiag_mean"": 0.6387280895457668, ""offdiag_sd"": 0.24177513343052703, ""alignment"": 0.15152336108014225, ""effective_df"": 12.810136639222046, ""kernel_participation_ratio"": 2.1358058185667708}",composition,0.9441337741912547
2,300,pqk,dev,0.9998430970181656,1.3775369282270227,1.2570923941304335,0.180161754263941,-0.20166766398483668,5000,0.5,"{""params"": {""alpha"": 1.0, ""gamma"": 0.028284271247461898, ""gamma_p"": 6.324555320336758}, ""tuning"": ""5-fold CV"", ""tuning_mae_D"": 0.9514451203707125, ""n_candidates"": 336, ""grid_edge"": [""embedding""], ""n_inputs"": 5, ""n_qubits"": 5, ""fit_seconds"": 0.55, ""offdiag_mean"": 0.47202252182051013, ""offdiag_sd"": 0.27481508576882335, ""alignment"": 0.11269311021786424, ""effective_df"": 17.943700903537586, ""kernel_participation_ratio"": 3.3259331634892764}",composition,0.9514451203707125
2,300,pqk,dev_unseen,1.1856519661004308,1.587050930436403,1.4730230742765495,0.057283947356821074,-0.39718288884413927,4183,0.5,"{""params"": {""alpha"": 1.0, ""gamma"": 0.028284271247461898, ""gamma_p"": 6.324555320336758}, ""tuning"": ""5-fold CV"", ""tuning_mae_D"": 0.9514451203707125, ""n_candidates"": 336, ""grid_edge"": [""embedding""], ""n_inputs"": 5, ""n_qubits"": 5, ""fit_seconds"": 0.55, ""offdiag_mean"": 0.47202252182051013, ""offdiag_sd"": 0.27481508576882335, ""alignment"": 0.11269311021786424, ""effective_df"": 17.943700903537586, ""kernel_participation_ratio"": 3.3259331634892764}",composition,0.9514451203707125
2,1000,rbf_krr,dev,0.7170008007535843,1.0332540139134911,0.9658566432763751,0.5387505337713656,-0.030056249124146815,5000,11.5,"{""params"": {""regressor__model__alpha"": 0.1, ""regressor__model__gamma"": 0.03162277660168379}, ""tuning"": ""5-fold CV"", ""tuning_mae_D"": 0.6826599230308412}",pca10,0.6826599230308412
2,1000,rbf_krr,dev_unseen,0.9997524389431997,1.34580201588101,1.2616170509082005,0.32210641633521264,-0.26267919810896695,4183,11.5,"{""params"": {""regressor__model__alpha"": 0.1, ""regressor__model__gamma"": 0.03162277660168379}, ""tuning"": ""5-fold CV"", ""tuning_mae_D"": 0.6826599230308412}",pca10,0.6826599230308412
2,1000,qkrr,dev,0.7204235786091941,1.0439089942240238,0.9647325217906081,0.5291886181786707,-0.031212437252420473,5000,17.3,"{""params"": {""alpha"": 0.1, ""gamma"": 0.03556558820077846}, ""tuning"": ""5-fold CV"", ""tuning_mae_D"": 0.7109120964569814, ""n_candidates"": 88, ""grid_edge"": [], ""n_inputs"": 10, ""n_qubits"": 10, ""fit_seconds"": 17.29, ""offdiag_mean"": 0.5417362499268851, ""offdiag_sd"": 0.21037033530298474, ""alignment"": 0.12229675530389908, ""effective_df"": 117.1907531306213, ""kernel_participation_ratio"": 2.9551167242564604}",pca10,0.7109120964569814
2,1000,qkrr,dev_unseen,1.00357931265183,1.348823008223377,1.2568305254884824,0.31905959395278627,-0.2612359938189231,4183,17.3,"{""params"": {""alpha"": 0.1, ""gamma"": 0.03556558820077846}, ""tuning"": ""5-fold CV"", ""tuning_mae_D"": 0.7109120964569814, ""n_candidates"": 88, ""grid_edge"": [], ""n_inputs"": 10, ""n_qubits"": 10, ""fit_seconds"": 17.29, ""offdiag_mean"": 0.5417362499268851, ""offdiag_sd"": 0.21037033530298474, ""alignment"": 0.12229675530389908, ""effective_df"": 117.1907531306213, ""kernel_participation_ratio"": 2.9551167242564604}",pca10,0.7109120964569814
2,1000,pqk,dev,0.7224179097679436,1.0438366780498218,0.9657608108423675,0.5292538462757368,-0.023060567627247407,5000,19.4,"{""params"": {""alpha"": 0.01, ""gamma"": 0.02, ""gamma_p"": 1.0}, ""tuning"": ""5-fold CV"", ""tuning_mae_D"": 0.7091686260132813, ""n_candidates"": 336, ""grid_edge"": [""embedding""], ""n_inputs"": 10, ""n_qubits"": 10, ""fit_seconds"": 19.45, ""offdiag_mean"": 0.8333999401849154, ""offdiag_sd"": 0.10352278861284399, ""alignment"": 0.10507949531818349, ""effective_df"": 79.94374815873012, ""kernel_participation_ratio"": 1.417299532743915}",pca10,0.7091686260132813
2,1000,pqk,dev_unseen,0.999596684867639,1.340528715103937,1.2531847180629567,0.32740843433558464,-0.16858227568666062,4183,19.4,"{""params"": {""alpha"": 0.01, ""gamma"": 0.02, ""gamma_p"": 1.0}, ""tuning"": ""5-fold CV"", ""tuning_mae_D"": 0.7091686260132813, ""n_candidates"": 336, ""grid_edge"": [""embedding""], ""n_inputs"": 10, ""n_qubits"": 10, ""fit_seconds"": 19.45, ""offdiag_mean"": 0.8333999401849154, ""offdiag_sd"": 0.10352278861284399, ""alignment"": 0.10507949531818349, ""effective_df"": 79.94374815873012, ""kernel_participation_ratio"": 1.417299532743915}",pca10,0.7091686260132813
2,1000,rbf_krr,dev,0.5455190488540815,0.844160690326085,0.7720160818317142,0.6921267730050387,-0.03456470233045308,5000,13.4,"{""params"": {""regressor__model__alpha"": 0.1, ""regressor__model__gamma"": 0.1}, ""tuning"": ""5-fold CV"", ""tuning_mae_D"": 0.5415443495492809}",kbest10,0.5415443495492809
2,1000,rbf_krr,dev_unseen,0.7992726661744968,1.141046206989008,1.0441034581204374,0.5126896476213605,-0.21174849338983992,4183,13.4,"{""params"": {""regressor__model__alpha"": 0.1, ""regressor__model__gamma"": 0.1}, ""tuning"": ""5-fold CV"", ""tuning_mae_D"": 0.5415443495492809}",kbest10,0.5415443495492809
2,1000,qkrr,dev,0.5523614937178619,0.8366957337680451,0.7863008681496046,0.6975477751295052,-0.020993628157916583,5000,19.4,"{""params"": {""alpha"": 0.001, ""gamma"": 0.02}, ""tuning"": ""5-fold CV"", ""tuning_mae_D"": 0.5582496466331642, ""n_candidates"": 88, ""grid_edge"": [""embedding""], ""n_inputs"": 10, ""n_qubits"": 10, ""fit_seconds"": 19.4, ""offdiag_mean"": 0.7282014129136953, ""offdiag_sd"": 0.1640493923736791, ""alignment"": 0.3385042499504895, ""effective_df"": 168.63811470200363, ""kernel_participation_ratio"": 1.793296370286064}",kbest10,0.5582496466331642
2,1000,qkrr,dev_unseen,0.809673293982615,1.140794223630008,1.0723639015201418,0.5129048545780566,-0.1634890761971101,4183,19.4,"{""params"": {""alpha"": 0.001, ""gamma"": 0.02}, ""tuning"": ""5-fold CV"", ""tuning_mae_D"": 0.5582496466331642, ""n_candidates"": 88, ""grid_edge"": [""embedding""], ""n_inputs"": 10, ""n_qubits"": 10, ""fit_seconds"": 19.4, ""offdiag_mean"": 0.7282014129136953, ""offdiag_sd"": 0.1640493923736791, ""alignment"": 0.3385042499504895, ""effective_df"": 168.63811470200363, ""kernel_participation_ratio"": 1.793296370286064}",kbest10,0.5582496466331642
2,1000,pqk,dev,0.5530796887542723,0.8418724229900583,0.7882999525310924,0.6937936153909576,-0.023555728029530928,5000,21.4,"{""params"": {""alpha"": 0.0001, ""gamma"": 0.02, ""gamma_p"": 0.31622776601683794}, ""tuning"": ""5-fold CV"", ""tuning_mae_D"": 0.5629676710162905, ""n_candidates"": 336, ""grid_edge"": [""embedding""], ""n_inputs"": 10, ""n_qubits"": 10, ""fit_seconds"": 21.43, ""offdiag_mean"": 0.9129956960069312, ""offdiag_sd"": 0.057521367838655316, ""alignment"": 0.3399416209375546, ""effective_df"": 123.03241871044709, ""kernel_participation_ratio"": 1.194696057722837}",kbest10,0.5629676710162905
2,1000,pqk,dev_unseen,0.8037474205772701,1.1190822063875778,1.0511235013807307,0.5312695631977802,-0.1769219900940723,4183,21.4,"{""params"": {""alpha"": 0.0001, ""gamma"": 0.02, ""gamma_p"": 0.31622776601683794}, ""tuning"": ""5-fold CV"", ""tuning_mae_D"": 0.5629676710162905, ""n_candidates"": 336, ""grid_edge"": [""embedding""], ""n_inputs"": 10, ""n_qubits"": 10, ""fit_seconds"": 21.43, ""offdiag_mean"": 0.9129956960069312, ""offdiag_sd"": 0.057521367838655316, ""alignment"": 0.3399416209375546, ""effective_df"": 123.03241871044709, ""kernel_participation_ratio"": 1.194696057722837}",kbest10,0.5629676710162905
2,1000,rbf_krr,dev,0.9814536738980223,1.3474190030060358,1.234049898345242,0.21561909886878428,-0.14816469435149787,5000,3.2,"{""params"": {""regressor__model__alpha"": 1.0, ""regressor__model__gamma"": 0.06324555320336758}, ""tuning"": ""5-fold CV"", ""tuning_mae_D"": 0.9711108050975577}",composition,0.9711108050975577
2,1000,rbf_krr,dev_unseen,1.1542068806860262,1.5313876640721944,1.4209688688465476,0.12225277926059552,-0.16269187173903651,4183,3.2,"{""params"": {""regressor__model__alpha"": 1.0, ""regressor__model__gamma"": 0.06324555320336758}, ""tuning"": ""5-fold CV"", ""tuning_mae_D"": 0.9711108050975577}",composition,0.9711108050975577
2,1000,qkrr,dev,0.9819614695359468,1.352702161189398,1.239253759096952,0.20945600841875478,-0.1511295449168409,5000,2.0,"{""params"": {""alpha"": 1.0, ""gamma"": 0.08944271909999159}, ""tuning"": ""5-fold CV"", ""tuning_mae_D"": 0.9693614851096692, ""n_candidates"": 88, ""grid_edge"": [], ""n_inputs"": 5, ""n_qubits"": 5, ""fit_seconds"": 2.0, ""offdiag_mean"": 0.35804534799670784, ""offdiag_sd"": 0.2751510575393573, ""alignment"": 0.11897538619942626, ""effective_df"": 38.893867388822734, ""kernel_participation_ratio"": 4.885181834385248}",composition,0.9693614851096692
2,1000,qkrr,dev_unseen,1.1689673233351126,1.5612988584053753,1.451294916462513,0.08762944962708474,-0.2337102065801091,4183,2.0,"{""params"": {""alpha"": 1.0, ""gamma"": 0.08944271909999159}, ""tuning"": ""5-fold CV"", ""tuning_mae_D"": 0.9693614851096692, ""n_candidates"": 88, ""grid_edge"": [], ""n_inputs"": 5, ""n_qubits"": 5, ""fit_seconds"": 2.0, ""offdiag_mean"": 0.35804534799670784, ""offdiag_sd"": 0.2751510575393573, ""alignment"": 0.11897538619942626, ""effective_df"": 38.893867388822734, ""kernel_participation_ratio"": 4.885181834385248}",composition,0.9693614851096692
2,1000,pqk,dev,0.9810666332653667,1.3518185480465779,1.2417705572171205,0.21048847060026044,-0.14165787414568506,5000,6.2,"{""params"": {""alpha"": 0.01, ""gamma"": 0.028284271247461898, ""gamma_p"": 2.0}, ""tuning"": ""5-fold CV"", ""tuning_mae_D"": 0.9661627209128042, ""n_candidates"": 336, ""grid_edge"": [""embedding""], ""n_inputs"": 5, ""n_qubits"": 5, ""fit_seconds"": 6.24, ""offdiag_mean"": 0.7465477556470228, ""offdiag_sd"": 0.1910577897483159, ""alignment"": 0.1418241965402384, ""effective_df"": 42.66768681803722, ""kernel_participation_ratio"": 1.6828138436704858}",composition,0.9661627209128042
2,1000,pqk,dev_unseen,1.1965757177519953,1.5971717747164025,1.4935721368652655,0.04522194658618006,-0.29260783615860364,4183,6.2,"{""params"": {""alpha"": 0.01, ""gamma"": 0.028284271247461898, ""gamma_p"": 2.0}, ""tuning"": ""5-fold CV"", ""tuning_mae_D"": 0.9661627209128042, ""n_candidates"": 336, ""grid_edge"": [""embedding""], ""n_inputs"": 5, ""n_qubits"": 5, ""fit_seconds"": 6.24, ""offdiag_mean"": 0.7465477556470228, ""offdiag_sd"": 0.1910577897483159, ""alignment"": 0.1418241965402384, ""effective_df"": 42.66768681803722, ""kernel_participation_ratio"": 1.6828138436704858}",composition,0.9661627209128042
0,100,rbf_krr,dev,0.6806270850800956,1.0565021512574397,0.8983587850774372,0.5177608714266088,-0.16861243740075144,5000,14.8,"{""params"": {""regressor__model__alpha"": 0.1, ""regressor__model__gamma"": 0.003162277660168379}, ""tuning"": ""5-fold CV"", ""tuning_mae_D"": 0.7068518613104026}",pls10,0.7068518613104026
0,100,rbf_krr,dev_unseen,0.8765730424639407,1.2519391623162155,1.129446027490589,0.41336816923783803,-0.2817494359127437,4183,14.8,"{""params"": {""regressor__model__alpha"": 0.1, ""regressor__model__gamma"": 0.003162277660168379}, ""tuning"": ""5-fold CV"", ""tuning_mae_D"": 0.7068518613104026}",pls10,0.7068518613104026
0,100,qkrr,dev,0.6908219684715283,1.0668562406402307,0.9135424812331013,0.5082623307450356,-0.16089027223581592,5000,11.7,"{""params"": {""alpha"": 1.0, ""gamma"": 0.03556558820077846}, ""tuning"": ""5-fold CV"", ""tuning_mae_D"": 0.6987324534118641, ""n_candidates"": 88, ""grid_edge"": [], ""n_inputs"": 10, ""n_qubits"": 10, ""fit_seconds"": 11.68, ""offdiag_mean"": 0.5047251432999211, ""offdiag_sd"": 0.1980062231424005, ""alignment"": 0.3413207880958816, ""effective_df"": 16.474756081405122, ""kernel_participation_ratio"": 3.3221002566527815}",pls10,0.6987324534118641
0,100,qkrr,dev_unseen,0.9289096929546897,1.3110246974292776,1.1886035952823815,0.3566890843600711,-0.36525547168827915,4183,11.7,"{""params"": {""alpha"": 1.0, ""gamma"": 0.03556558820077846}, ""tuning"": ""5-fold CV"", ""tuning_mae_D"": 0.6987324534118641, ""n_candidates"": 88, ""grid_edge"": [], ""n_inputs"": 10, ""n_qubits"": 10, ""fit_seconds"": 11.68, ""offdiag_mean"": 0.5047251432999211, ""offdiag_sd"": 0.1980062231424005, ""alignment"": 0.3413207880958816, ""effective_df"": 16.474756081405122, ""kernel_participation_ratio"": 3.3221002566527815}",pls10,0.6987324534118641
0,100,pqk,dev,0.6810535427122478,1.0564736081302366,0.903380659094464,0.5177869280263725,-0.16530799843013547,5000,8.8,"{""params"": {""alpha"": 1.0, ""gamma"": 0.02, ""gamma_p"": 3.162277660168379}, ""tuning"": ""5-fold CV"", ""tuning_mae_D"": 0.7112219027850282, ""n_candidates"": 336, ""grid_edge"": [""embedding""], ""n_inputs"": 10, ""n_qubits"": 10, ""fit_seconds"": 8.76, ""offdiag_mean"": 0.5466659992998448, ""offdiag_sd"": 0.1902480875339018, ""alignment"": 0.3884431887783647, ""effective_df"": 14.15735523712981, ""kernel_participation_ratio"": 2.9266493655446952}",pls10,0.7112219027850282
0,100,pqk,dev_unseen,0.9522804825424473,1.3201320663239524,1.2000503760669947,0.3477201917003796,-0.41436150240975655,4183,8.8,"{""params"": {""alpha"": 1.0, ""gamma"": 0.02, ""gamma_p"": 3.162277660168379}, ""tuning"": ""5-fold CV"", ""tuning_mae_D"": 0.7112219027850282, ""n_candidates"": 336, ""grid_edge"": [""embedding""], ""n_inputs"": 10, ""n_qubits"": 10, ""fit_seconds"": 8.76, ""offdiag_mean"": 0.5466659992998448, ""offdiag_sd"": 0.1902480875339018, ""alignment"": 0.3884431887783647, ""effective_df"": 14.15735523712981, ""kernel_participation_ratio"": 2.9266493655446952}",pls10,0.7112219027850282
0,300,rbf_krr,dev,0.5722946282831538,0.8702937027091305,0.7778946695557566,0.6727698159994803,-0.03789797136172185,5000,14.1,"{""params"": {""regressor__model__alpha"": 0.1, ""regressor__model__gamma"": 0.01}, ""tuning"": ""5-fold CV"", ""tuning_mae_D"": 0.4929680485231399}",pls10,0.4929680485231399
0,300,rbf_krr,dev_unseen,0.8054848575713986,1.1325915798218584,1.0573821295997459,0.5198843844616949,-0.13254407833807336,4183,14.1,"{""params"": {""regressor__model__alpha"": 0.1, ""regressor__model__gamma"": 0.01}, ""tuning"": ""5-fold CV"", ""tuning_mae_D"": 0.4929680485231399}",pls10,0.4929680485231399
0,300,qkrr,dev,0.5728994331579205,0.8755229632463527,0.7767792347778681,0.6688256009150699,-0.04243883539773302,5000,11.7,"{""params"": {""alpha"": 0.1, ""gamma"": 0.02}, ""tuning"": ""5-fold CV"", ""tuning_mae_D"": 0.5059880915504305, ""n_candidates"": 88, ""grid_edge"": [""embedding""], ""n_inputs"": 10, ""n_qubits"": 10, ""fit_seconds"": 11.75, ""offdiag_mean"": 0.7945052885277963, ""offdiag_sd"": 0.1284369407524467, ""alignment"": 0.35838148434080014, ""effective_df"": 33.586034470607686, ""kernel_participation_ratio"": 1.5410483210466643}",pls10,0.5059880915504305
0,300,qkrr,dev_unseen,0.8125921409657124,1.139435131324343,1.0645771783825497,0.5140647709018351,-0.1096516075796268,4183,11.7,"{""params"": {""alpha"": 0.1, ""gamma"": 0.02}, ""tuning"": ""5-fold CV"", ""tuning_mae_D"": 0.5059880915504305, ""n_candidates"": 88, ""grid_edge"": [""embedding""], ""n_inputs"": 10, ""n_qubits"": 10, ""fit_seconds"": 11.75, ""offdiag_mean"": 0.7945052885277963, ""offdiag_sd"": 0.1284369407524467, ""alignment"": 0.35838148434080014, ""effective_df"": 33.586034470607686, ""kernel_participation_ratio"": 1.5410483210466643}",pls10,0.5059880915504305
0,300,pqk,dev,0.578954745550123,0.8775653524681165,0.7845816350542696,0.6672786947170843,-0.03807254406529203,5000,11.9,"{""params"": {""alpha"": 0.1, ""gamma"": 0.02, ""gamma_p"": 1.0}, ""tuning"": ""5-fold CV"", ""tuning_mae_D"": 0.5025781540169996, ""n_candidates"": 336, ""grid_edge"": [""embedding""], ""n_inputs"": 10, ""n_qubits"": 10, ""fit_seconds"": 11.9, ""offdiag_mean"": 0.8224668265262715, ""offdiag_sd"": 0.10598211612837329, ""alignment"": 0.4069980370953688, ""effective_df"": 28.117592050074645, ""kernel_participation_ratio"": 1.4519584481690402}",pls10,0.5025781540169996
0,300,pqk,dev_unseen,0.8166405427044933,1.1444826616697212,1.0668598060937855,0.5097499916591822,-0.20383450176249487,4183,11.9,"{""params"": {""alpha"": 0.1, ""gamma"": 0.02, ""gamma_p"": 1.0}, ""tuning"": ""5-fold CV"", ""tuning_mae_D"": 0.5025781540169996, ""n_candidates"": 336, ""grid_edge"": [""embedding""], ""n_inputs"": 10, ""n_qubits"": 10, ""fit_seconds"": 11.9, ""offdiag_mean"": 0.8224668265262715, ""offdiag_sd"": 0.10598211612837329, ""alignment"": 0.4069980370953688, ""effective_df"": 28.117592050074645, ""kernel_participation_ratio"": 1.4519584481690402}",pls10,0.5025781540169996
0,1000,rbf_krr,dev,0.5031972141639652,0.781301756097319,0.7137204538763862,0.7362701575372821,-0.011643032386981085,5000,22.6,"{""params"": {""regressor__model__alpha"": 0.1, ""regressor__model__gamma"": 0.01}, ""tuning"": ""5-fold CV"", ""tuning_mae_D"": 0.49401332989431673}",pls10,0.49401332989431673
0,1000,rbf_krr,dev_unseen,0.7416709203459898,1.0482497091763903,0.9847754961415,0.5887284428592467,-0.12445753663051165,4183,22.6,"{""params"": {""regressor__model__alpha"": 0.1, ""regressor__model__gamma"": 0.01}, ""tuning"": ""5-fold CV"", ""tuning_mae_D"": 0.49401332989431673}",pls10,0.49401332989431673
0,1000,qkrr,dev,0.5028652953122701,0.7843160187605223,0.7167747308662878,0.7342312923437695,-0.00918957847595297,5000,22.6,"{""params"": {""alpha"": 0.1, ""gamma"": 0.02}, ""tuning"": ""5-fold CV"", ""tuning_mae_D"": 0.4910173737199428, ""n_candidates"": 88, ""grid_edge"": [""embedding""], ""n_inputs"": 10, ""n_qubits"": 10, ""fit_seconds"": 22.62, ""offdiag_mean"": 0.797148408591378, ""offdiag_sd"": 0.12803618773283834, ""alignment"": 0.33138701729836345, ""effective_df"": 55.90023577278806, ""kernel_participation_ratio"": 1.5333025372299491}",pls10,0.4910173737199428
0,1000,qkrr,dev_unseen,0.7410039313974802,1.0489233861183667,0.980229228691381,0.5881996505444018,-0.13248870408339,4183,22.6,"{""params"": {""alpha"": 0.1, ""gamma"": 0.02}, ""tuning"": ""5-fold CV"", ""tuning_mae_D"": 0.4910173737199428, ""n_candidates"": 88, ""grid_edge"": [""embedding""], ""n_inputs"": 10, ""n_qubits"": 10, ""fit_seconds"": 22.62, ""offdiag_mean"": 0.797148408591378, ""offdiag_sd"": 0.12803618773283834, ""alignment"": 0.33138701729836345, ""effective_df"": 55.90023577278806, ""kernel_participation_ratio"": 1.5333025372299491}",pls10,0.4910173737199428
0,1000,pqk,dev,0.5061865266575255,0.78854085446669,0.7190672151200728,0.7313603749013434,-0.02146151765168808,5000,24.8,"{""params"": {""alpha"": 0.1, ""gamma"": 0.02, ""gamma_p"": 3.162277660168379}, ""tuning"": ""5-fold CV"", ""tuning_mae_D"": 0.4946653313916083, ""n_candidates"": 336, ""grid_edge"": [""embedding""], ""n_inputs"": 10, ""n_qubits"": 10, ""fit_seconds"": 24.81, ""offdiag_mean"": 0.5748404506546866, ""offdiag_sd"": 0.1947505038709343, ""alignment"": 0.34529013822569693, ""effective_df"": 109.850589646948, ""kernel_participation_ratio"": 2.7100202468986034}",pls10,0.4946653313916083
0,1000,pqk,dev_unseen,0.7544802636337217,1.063389688608199,0.9931195229387965,0.5767625746385407,-0.1684070410329457,4183,24.8,"{""params"": {""alpha"": 0.1, ""gamma"": 0.02, ""gamma_p"": 3.162277660168379}, ""tuning"": ""5-fold CV"", ""tuning_mae_D"": 0.4946653313916083, ""n_candidates"": 336, ""grid_edge"": [""embedding""], ""n_inputs"": 10, ""n_qubits"": 10, ""fit_seconds"": 24.81, ""offdiag_mean"": 0.5748404506546866, ""offdiag_sd"": 0.1947505038709343, ""alignment"": 0.34529013822569693, ""effective_df"": 109.850589646948, ""kernel_participation_ratio"": 2.7100202468986034}",pls10,0.4946653313916083
1,100,rbf_krr,dev,0.8152849259462182,1.1689538113348361,1.065954092284491,0.40964074361004243,0.09594427698970269,5000,9.4,"{""params"": {""regressor__model__alpha"": 0.1, ""regressor__model__gamma"": 0.03162277660168379}, ""tuning"": ""5-fold CV"", ""tuning_mae_D"": 0.8862437806218878}",pls10,0.8862437806218878
1,100,rbf_krr,dev_unseen,1.0650930078112195,1.4626612640135146,1.3896631396487962,0.19926890419728438,0.45568363231606507,4183,9.4,"{""params"": {""regressor__model__alpha"": 0.1, ""regressor__model__gamma"": 0.03162277660168379}, ""tuning"": ""5-fold CV"", ""tuning_mae_D"": 0.8862437806218878}",pls10,0.8862437806218878
1,100,qkrr,dev,0.8101113982311609,1.1633231922847538,1.0590603230554243,0.4153143336291365,0.06363354052913034,5000,9.0,"{""params"": {""alpha"": 0.1, ""gamma"": 0.03556558820077846}, ""tuning"": ""5-fold CV"", ""tuning_mae_D"": 0.9087924438889499, ""n_candidates"": 88, ""grid_edge"": [], ""n_inputs"": 10, ""n_qubits"": 10, ""fit_seconds"": 8.95, ""offdiag_mean"": 0.5018864029779608, ""offdiag_sd"": 0.19589946532906724, ""alignment"": 0.21503786054362825, ""effective_df"": 41.140076121989395, ""kernel_participation_ratio"": 3.362883026954838}",pls10,0.9087924438889499
1,100,qkrr,dev_unseen,1.076922770364219,1.4689250090113595,1.3986787177388813,0.19239606911812768,0.46185723214946284,4183,9.0,"{""params"": {""alpha"": 0.1, ""gamma"": 0.03556558820077846}, ""tuning"": ""5-fold CV"", ""tuning_mae_D"": 0.9087924438889499, ""n_candidates"": 88, ""grid_edge"": [], ""n_inputs"": 10, ""n_qubits"": 10, ""fit_seconds"": 8.95, ""offdiag_mean"": 0.5018864029779608, ""offdiag_sd"": 0.19589946532906724, ""alignment"": 0.21503786054362825, ""effective_df"": 41.140076121989395, ""kernel_participation_ratio"": 3.362883026954838}",pls10,0.9087924438889499
1,100,pqk,dev,0.7869478818126078,1.144229044438251,1.0370448937471917,0.43435023721510024,0.04697769697890926,5000,9.1,"{""params"": {""alpha"": 0.1, ""gamma"": 0.02, ""gamma_p"": 3.162277660168379}, ""tuning"": ""5-fold CV"", ""tuning_mae_D"": 0.9190388731917369, ""n_candidates"": 336, ""grid_edge"": [""embedding""], ""n_inputs"": 10, ""n_qubits"": 10, ""fit_seconds"": 9.07, ""offdiag_mean"": 0.5511600926306421, ""offdiag_sd"": 0.18981936383585948, ""alignment"": 0.2418397899937122, ""effective_df"": 35.091690179971906, ""kernel_participation_ratio"": 2.886746440156997}",pls10,0.9190388731917369
1,100,pqk,dev_unseen,1.046421106678047,1.4315651438230825,1.3571779414691378,0.2329540074079679,0.44573617647957875,4183,9.1,"{""params"": {""alpha"": 0.1, ""gamma"": 0.02, ""gamma_p"": 3.162277660168379}, ""tuning"": ""5-fold CV"", ""tuning_mae_D"": 0.9190388731917369, ""n_candidates"": 336, ""grid_edge"": [""embedding""], ""n_inputs"": 10, ""n_qubits"": 10, ""fit_seconds"": 9.07, ""offdiag_mean"": 0.5511600926306421, ""offdiag_sd"": 0.18981936383585948, ""alignment"": 0.2418397899937122, ""effective_df"": 35.091690179971906, ""kernel_participation_ratio"": 2.886746440156997}",pls10,0.9190388731917369
1,300,rbf_krr,dev,0.5959348799454974,0.9415078084131046,0.8195867050442335,0.617025791888436,0.0009620395042932927,5000,10.0,"{""params"": {""regressor__model__alpha"": 0.1, ""regressor__model__gamma"": 0.01}, ""tuning"": ""5-fold CV"", ""tuning_mae_D"": 0.6611131305338965}",pls10,0.6611131305338965
1,300,rbf_krr,dev_unseen,0.8713604437108585,1.2071912578966972,1.1197058541934088,0.4545545317998593,0.22851633909535846,4183,10.0,"{""params"": {""regressor__model__alpha"": 0.1, ""regressor__model__gamma"": 0.01}, ""tuning"": ""5-fold CV"", ""tuning_mae_D"": 0.6611131305338965}",pls10,0.6611131305338965
1,300,qkrr,dev,0.5979503502250069,0.9455568386479262,0.8214673015107254,0.6137246858678409,-0.007606679740371538,5000,11.4,"{""params"": {""alpha"": 0.1, ""gamma"": 0.02}, ""tuning"": ""5-fold CV"", ""tuning_mae_D"": 0.6703860165137164, ""n_candidates"": 88, ""grid_edge"": [""embedding""], ""n_inputs"": 10, ""n_qubits"": 10, ""fit_seconds"": 11.44, ""offdiag_mean"": 0.8092009287342995, ""offdiag_sd"": 0.1275109922763465, ""alignment"": 0.22846552062372613, ""effective_df"": 30.44995534952132, ""kernel_participation_ratio"": 1.4877373718108036}",pls10,0.6703860165137164
1,300,qkrr,dev_unseen,0.873515727850591,1.2104241047053501,1.1215536691613441,0.4516292244208323,0.28305162112505966,4183,11.4,"{""params"": {""alpha"": 0.1, ""gamma"": 0.02}, ""tuning"": ""5-fold CV"", ""tuning_mae_D"": 0.6703860165137164, ""n_candidates"": 88, ""grid_edge"": [""embedding""], ""n_inputs"": 10, ""n_qubits"": 10, ""fit_seconds"": 11.44, ""offdiag_mean"": 0.8092009287342995, ""offdiag_sd"": 0.1275109922763465, ""alignment"": 0.22846552062372613, ""effective_df"": 30.44995534952132, ""kernel_participation_ratio"": 1.4877373718108036}",pls10,0.6703860165137164
1,300,pqk,dev,0.5956104357736092,0.9561364978091378,0.8304313679581238,0.605032403304093,-0.006177702312545756,5000,11.3,"{""params"": {""alpha"": 0.01, ""gamma"": 0.02, ""gamma_p"": 0.1}, ""tuning"": ""5-fold CV"", ""tuning_mae_D"": 0.6619970471379042, ""n_candidates"": 336, ""grid_edge"": [""embedding""], ""n_inputs"": 10, ""n_qubits"": 10, ""fit_seconds"": 11.26, ""offdiag_mean"": 0.9821993954345729, ""offdiag_sd"": 0.012021822547133739, ""alignment"": 0.2399071514053529, ""effective_df"": 15.67159135165441, ""kernel_participation_ratio"": 1.0362937970732322}",pls10,0.6619970471379042
1,300,pqk,dev_unseen,0.855446930991689,1.2078411278625953,1.1156420689042268,0.45396711197480166,0.29563677904849034,4183,11.3,"{""params"": {""alpha"": 0.01, ""gamma"": 0.02, ""gamma_p"": 0.1}, ""tuning"": ""5-fold CV"", ""tuning_mae_D"": 0.6619970471379042, ""n_candidates"": 336, ""grid_edge"": [""embedding""], ""n_inputs"": 10, ""n_qubits"": 10, ""fit_seconds"": 11.26, ""offdiag_mean"": 0.9821993954345729, ""offdiag_sd"": 0.012021822547133739, ""alignment"": 0.2399071514053529, ""effective_df"": 15.67159135165441, ""kernel_participation_ratio"": 1.0362937970732322}",pls10,0.6619970471379042
1,1000,rbf_krr,dev,0.49080921941639283,0.7639980196740559,0.7025139694314199,0.7478226131139272,-0.0059506844691748694,5000,15.2,"{""params"": {""regressor__model__alpha"": 0.01, ""regressor__model__gamma"": 0.01}, ""tuning"": ""5-fold CV"", ""tuning_mae_D"": 0.5222513562705576}",pls10,0.5222513562705576
1,1000,rbf_krr,dev_unseen,0.7385122008669929,1.0300082989542216,0.9673901584563229,0.6029176146565947,0.13732555955014325,4183,15.2,"{""params"": {""regressor__model__alpha"": 0.01, ""regressor__model__gamma"": 0.01}, ""tuning"": ""5-fold CV"", ""tuning_mae_D"": 0.5222513562705576}",pls10,0.5222513562705576
1,1000,qkrr,dev,0.49436617521270426,0.7732967242752069,0.7031998694005375,0.741646698710837,0.0011027701019906161,5000,21.7,"{""params"": {""alpha"": 0.01, ""gamma"": 0.02}, ""tuning"": ""5-fold CV"", ""tuning_mae_D"": 0.5235386850551466, ""n_candidates"": 88, ""grid_edge"": [""embedding""], ""n_inputs"": 10, ""n_qubits"": 10, ""fit_seconds"": 21.68, ""offdiag_mean"": 0.8013338418258972, ""offdiag_sd"": 0.14406493311927224, ""alignment"": 0.19553980365932636, ""effective_df"": 102.80963960867625, ""kernel_participation_ratio"": 1.507777704576085}",pls10,0.5235386850551466
1,1000,qkrr,dev_unseen,0.7345722207366535,1.0342967978641393,0.9653512432793954,0.5996041803604076,0.12503139165689453,4183,21.7,"{""params"": {""alpha"": 0.01, ""gamma"": 0.02}, ""tuning"": ""5-fold CV"", ""tuning_mae_D"": 0.5235386850551466, ""n_candidates"": 88, ""grid_edge"": [""embedding""], ""n_inputs"": 10, ""n_qubits"": 10, ""fit_seconds"": 21.68, ""offdiag_mean"": 0.8013338418258972, ""offdiag_sd"": 0.14406493311927224, ""alignment"": 0.19553980365932636, ""effective_df"": 102.80963960867625, ""kernel_participation_ratio"": 1.507777704576085}",pls10,0.5235386850551466
1,1000,pqk,dev,0.4997669557788017,0.7714391521690245,0.7085689688257876,0.7428864129473374,-0.0021010345653410725,5000,24.3,"{""params"": {""alpha"": 1e-05, ""gamma"": 0.02, ""gamma_p"": 0.01}, ""tuning"": ""5-fold CV"", ""tuning_mae_D"": 0.5290406329872451, ""n_candidates"": 336, ""grid_edge"": [""embedding"", ""kernel""], ""n_inputs"": 10, ""n_qubits"": 10, ""fit_seconds"": 24.32, ""offdiag_mean"": 0.9979205014000064, ""offdiag_sd"": 0.0018306875319114887, ""alignment"": 0.2112048049998828, ""effective_df"": 49.63885399916564, ""kernel_participation_ratio"": 1.004164440791784}",pls10,0.5290406329872451
1,1000,pqk,dev_unseen,0.7441237304887757,1.035740073547442,0.9724901519692227,0.5984859621771106,0.1559633914887833,4183,24.3,"{""params"": {""alpha"": 1e-05, ""gamma"": 0.02, ""gamma_p"": 0.01}, ""tuning"": ""5-fold CV"", ""tuning_mae_D"": 0.5290406329872451, ""n_candidates"": 336, ""grid_edge"": [""embedding"", ""kernel""], ""n_inputs"": 10, ""n_qubits"": 10, ""fit_seconds"": 24.32, ""offdiag_mean"": 0.9979205014000064, ""offdiag_sd"": 0.0018306875319114887, ""alignment"": 0.2112048049998828, ""effective_df"": 49.63885399916564, ""kernel_participation_ratio"": 1.004164440791784}",pls10,0.5290406329872451
2,100,rbf_krr,dev,0.7185061692505035,1.1063909426678218,0.9624437409865388,0.4711422194442454,-0.22004191172981705,5000,9.4,"{""params"": {""regressor__model__alpha"": 1.0, ""regressor__model__gamma"": 0.03162277660168379}, ""tuning"": ""5-fold CV"", ""tuning_mae_D"": 0.6724415319695336}",pls10,0.6724415319695336
2,100,rbf_krr,dev_unseen,0.9861503363459831,1.3869445790166088,1.2632092000579995,0.2800250453543929,-0.31846356463041525,4183,9.4,"{""params"": {""regressor__model__alpha"": 1.0, ""regressor__model__gamma"": 0.03162277660168379}, ""tuning"": ""5-fold CV"", ""tuning_mae_D"": 0.6724415319695336}",pls10,0.6724415319695336
2,100,qkrr,dev,0.7346714439570589,1.122899338964187,0.9837647607548535,0.45524236373600535,-0.1988179563673893,5000,9.0,"{""params"": {""alpha"": 1.0, ""gamma"": 0.03556558820077846}, ""tuning"": ""5-fold CV"", ""tuning_mae_D"": 0.6651395104236216, ""n_candidates"": 88, ""grid_edge"": [], ""n_inputs"": 10, ""n_qubits"": 10, ""fit_seconds"": 8.97, ""offdiag_mean"": 0.5076092672918068, ""offdiag_sd"": 0.20334485975881023, ""alignment"": 0.2471896968775941, ""effective_df"": 16.31954844768331, ""kernel_participation_ratio"": 3.267694743515207}",pls10,0.6651395104236216
2,100,qkrr,dev_unseen,1.002960848435779,1.399084658397399,1.2794553062540621,0.26736584216968995,-0.24761608278437572,4183,9.0,"{""params"": {""alpha"": 1.0, ""gamma"": 0.03556558820077846}, ""tuning"": ""5-fold CV"", ""tuning_mae_D"": 0.6651395104236216, ""n_candidates"": 88, ""grid_edge"": [], ""n_inputs"": 10, ""n_qubits"": 10, ""fit_seconds"": 8.97, ""offdiag_mean"": 0.5076092672918068, ""offdiag_sd"": 0.20334485975881023, ""alignment"": 0.2471896968775941, ""effective_df"": 16.31954844768331, ""kernel_participation_ratio"": 3.267694743515207}",pls10,0.6651395104236216
2,100,pqk,dev,0.7236556481311723,1.1106738403767256,0.9700043813251199,0.46703982174531944,-0.19974351731510037,5000,8.8,"{""params"": {""alpha"": 1.0, ""gamma"": 0.02, ""gamma_p"": 3.162277660168379}, ""tuning"": ""5-fold CV"", ""tuning_mae_D"": 0.6929538173099293, ""n_candidates"": 336, ""grid_edge"": [""embedding""], ""n_inputs"": 10, ""n_qubits"": 10, ""fit_seconds"": 8.8, ""offdiag_mean"": 0.5474965983700036, ""offdiag_sd"": 0.19140785960453255, ""alignment"": 0.287355543023253, ""effective_df"": 13.908615130324783, ""kernel_participation_ratio"": 2.9152343233237596}",pls10,0.6929538173099293
2,100,pqk,dev_unseen,0.9768614887540106,1.3768206061914892,1.2556550594525386,0.2904975674856636,-0.25916599340571445,4183,8.8,"{""params"": {""alpha"": 1.0, ""gamma"": 0.02, ""gamma_p"": 3.162277660168379}, ""tuning"": ""5-fold CV"", ""tuning_mae_D"": 0.6929538173099293, ""n_candidates"": 336, ""grid_edge"": [""embedding""], ""n_inputs"": 10, ""n_qubits"": 10, ""fit_seconds"": 8.8, ""offdiag_mean"": 0.5474965983700036, ""offdiag_sd"": 0.19140785960453255, ""alignment"": 0.287355543023253, ""effective_df"": 13.908615130324783, ""kernel_participation_ratio"": 2.9152343233237596}",pls10,0.6929538173099293
2,300,rbf_krr,dev,0.5769995140025193,0.9159047438032946,0.7911840372185496,0.6375715420502379,-0.08447612367039475,5000,10.8,"{""params"": {""regressor__model__alpha"": 1.0, ""regressor__model__gamma"": 0.03162277660168379}, ""tuning"": ""5-fold CV"", ""tuning_mae_D"": 0.6173578086732202}",pls10,0.6173578086732202
2,300,rbf_krr,dev_unseen,0.8329383523930451,1.1935478218165747,1.0848059982055052,0.46681389457941613,-0.2506372265838885,4183,10.8,"{""params"": {""regressor__model__alpha"": 1.0, ""regressor__model__gamma"": 0.03162277660168379}, ""tuning"": ""5-fold CV"", ""tuning_mae_D"": 0.6173578086732202}",pls10,0.6173578086732202
2,300,qkrr,dev,0.5720759380215013,0.8901840389600576,0.791719346751417,0.6576413693524852,-0.04478526920030804,5000,12.0,"{""params"": {""alpha"": 0.1, ""gamma"": 0.02}, ""tuning"": ""5-fold CV"", ""tuning_mae_D"": 0.6302969363995917, ""n_candidates"": 88, ""grid_edge"": [""embedding""], ""n_inputs"": 10, ""n_qubits"": 10, ""fit_seconds"": 11.95, ""offdiag_mean"": 0.7917161467496164, ""offdiag_sd"": 0.12390212894840973, ""alignment"": 0.3042909936372766, ""effective_df"": 33.34355769395665, ""kernel_participation_ratio"": 1.5543421954404901}",pls10,0.6302969363995917
2,300,qkrr,dev_unseen,0.815343198978951,1.171664934688403,1.0714351572562488,0.4861858743657965,-0.1612815537631069,4183,12.0,"{""params"": {""alpha"": 0.1, ""gamma"": 0.02}, ""tuning"": ""5-fold CV"", ""tuning_mae_D"": 0.6302969363995917, ""n_candidates"": 88, ""grid_edge"": [""embedding""], ""n_inputs"": 10, ""n_qubits"": 10, ""fit_seconds"": 11.95, ""offdiag_mean"": 0.7917161467496164, ""offdiag_sd"": 0.12390212894840973, ""alignment"": 0.3042909936372766, ""effective_df"": 33.34355769395665, ""kernel_participation_ratio"": 1.5543421954404901}",pls10,0.6302969363995917
2,300,pqk,dev,0.5619611876720768,0.887919754314966,0.7809185444380815,0.6593808107603543,-0.056581708105789004,5000,11.9,"{""params"": {""alpha"": 0.1, ""gamma"": 0.02, ""gamma_p"": 3.162277660168379}, ""tuning"": ""5-fold CV"", ""tuning_mae_D"": 0.6312669604307544, ""n_candidates"": 336, ""grid_edge"": [""embedding""], ""n_inputs"": 10, ""n_qubits"": 10, ""fit_seconds"": 11.89, ""offdiag_mean"": 0.5645492511582896, ""offdiag_sd"": 0.19856696016913744, ""alignment"": 0.32180517353825727, ""effective_df"": 61.6702183826336, ""kernel_participation_ratio"": 2.775586511295575}",pls10,0.6312669604307544
2,300,pqk,dev_unseen,0.8375426839113141,1.2029172721369712,1.0947647936486349,0.45840992649024526,-0.17019359345412013,4183,11.9,"{""params"": {""alpha"": 0.1, ""gamma"": 0.02, ""gamma_p"": 3.162277660168379}, ""tuning"": ""5-fold CV"", ""tuning_mae_D"": 0.6312669604307544, ""n_candidates"": 336, ""grid_edge"": [""embedding""], ""n_inputs"": 10, ""n_qubits"": 10, ""fit_seconds"": 11.89, ""offdiag_mean"": 0.5645492511582896, ""offdiag_sd"": 0.19856696016913744, ""alignment"": 0.32180517353825727, ""effective_df"": 61.6702183826336, ""kernel_participation_ratio"": 2.775586511295575}",pls10,0.6312669604307544
2,1000,rbf_krr,dev,0.49593397069530165,0.7786149387645542,0.7039909207428137,0.7380809189112396,-0.026706526143408058,5000,15.4,"{""params"": {""regressor__model__alpha"": 0.1, ""regressor__model__gamma"": 0.01}, ""tuning"": ""5-fold CV"", ""tuning_mae_D"": 0.47889689204029484}",pls10,0.47889689204029484
2,1000,rbf_krr,dev_unseen,0.7256105870657188,1.0414098398161669,0.9595297522869999,0.5940780577249551,-0.08526300008370608,4183,15.4,"{""params"": {""regressor__model__alpha"": 0.1, ""regressor__model__gamma"": 0.01}, ""tuning"": ""5-fold CV"", ""tuning_mae_D"": 0.47889689204029484}",pls10,0.47889689204029484
2,1000,qkrr,dev,0.49904884982775094,0.7803688832376262,0.70594856325826,0.7368995674493009,-0.028593737871333968,5000,21.9,"{""params"": {""alpha"": 0.1, ""gamma"": 0.02}, ""tuning"": ""5-fold CV"", ""tuning_mae_D"": 0.4783562600269845, ""n_candidates"": 88, ""grid_edge"": [""embedding""], ""n_inputs"": 10, ""n_qubits"": 10, ""fit_seconds"": 21.93, ""offdiag_mean"": 0.7975743813614018, ""offdiag_sd"": 0.1267559407754407, ""alignment"": 0.3253024006994992, ""effective_df"": 55.41398079063136, ""kernel_participation_ratio"": 1.5324736443923326}",pls10,0.4783562600269845
2,1000,qkrr,dev_unseen,0.7269292305165307,1.0412575472664272,0.9600147815598606,0.594196770579625,-0.04836414889438972,4183,21.9,"{""params"": {""alpha"": 0.1, ""gamma"": 0.02}, ""tuning"": ""5-fold CV"", ""tuning_mae_D"": 0.4783562600269845, ""n_candidates"": 88, ""grid_edge"": [""embedding""], ""n_inputs"": 10, ""n_qubits"": 10, ""fit_seconds"": 21.93, ""offdiag_mean"": 0.7975743813614018, ""offdiag_sd"": 0.1267559407754407, ""alignment"": 0.3253024006994992, ""effective_df"": 55.41398079063136, ""kernel_participation_ratio"": 1.5324736443923326}",pls10,0.4783562600269845
2,1000,pqk,dev,0.4991125528350448,0.781778625978478,0.707937150715284,0.7359481226816851,-0.027851610619935328,5000,24.1,"{""params"": {""alpha"": 0.01, ""gamma"": 0.02, ""gamma_p"": 0.31622776601683794}, ""tuning"": ""5-fold CV"", ""tuning_mae_D"": 0.4779173794459308, ""n_candidates"": 336, ""grid_edge"": [""embedding""], ""n_inputs"": 10, ""n_qubits"": 10, ""fit_seconds"": 24.14, ""offdiag_mean"": 0.9375209341348255, ""offdiag_sd"": 0.04691349731354215, ""alignment"": 0.39619404967513944, ""effective_df"": 45.74786993350504, ""kernel_participation_ratio"": 1.1347321599938376}",pls10,0.4779173794459308
2,1000,pqk,dev_unseen,0.7332981426264032,1.0462961844653187,0.9651759959517402,0.5902599109913447,-0.03213359929358044,4183,24.1,"{""params"": {""alpha"": 0.01, ""gamma"": 0.02, ""gamma_p"": 0.31622776601683794}, ""tuning"": ""5-fold CV"", ""tuning_mae_D"": 0.4779173794459308, ""n_candidates"": 336, ""grid_edge"": [""embedding""], ""n_inputs"": 10, ""n_qubits"": 10, ""fit_seconds"": 24.14, ""offdiag_mean"": 0.9375209341348255, ""offdiag_sd"": 0.04691349731354215, ""alignment"": 0.39619404967513944, ""effective_df"": 45.74786993350504, ""kernel_participation_ratio"": 1.1347321599938376}",pls10,0.4779173794459308
