seed,n_train,model,eval_set,mae_D,rmse_D,rmse_below_tail_D,r2,bias_D,n_eval,fit_seconds,details,track
0,100,mean,dev,1.1644375776,1.5356360244750706,1.4231499988579615,-0.018821867300355732,-0.20872309999999966,5000,0.0,"{""mean_D"": 2.4943820000000003}",A
0,100,mean,dev_unseen,1.3278774338991155,1.7682561458177124,1.6553089444432312,-0.17027930927529877,-0.6744990662204157,4183,0.0,"{""mean_D"": 2.4943820000000003}",A
0,100,ridge,dev,0.6836542977759935,1.0391936510190203,0.8948983180701123,0.5334323277387191,-0.12977086444533298,5000,47.3,"{""params"": {""regressor__model__alpha"": 100.0}, ""tuning"": ""5-fold CV"", ""tuning_mae_D"": 0.6935074937634198}",A
0,100,ridge,dev_unseen,0.9486956760350845,1.2994092390488907,1.1856532523750891,0.368037839716693,-0.331794227432534,4183,47.3,"{""params"": {""regressor__model__alpha"": 100.0}, ""tuning"": ""5-fold CV"", ""tuning_mae_D"": 0.6935074937634198}",A
0,100,rbf_krr,dev,0.6791363209767851,1.0349633077965519,0.8902401769078971,0.5372231977868409,-0.1284287770106671,5000,1.0,"{""params"": {""regressor__model__alpha"": 0.001, ""regressor__model__gamma"": 5.319148936170213e-06}, ""tuning"": ""5-fold CV"", ""tuning_mae_D"": 0.6908110049817014}",A
0,100,rbf_krr,dev_unseen,0.9453342028624169,1.2961512941557938,1.1824732627097063,0.3712028423104956,-0.32805338260636924,4183,1.0,"{""params"": {""regressor__model__alpha"": 0.001, ""regressor__model__gamma"": 5.319148936170213e-06}, ""tuning"": ""5-fold CV"", ""tuning_mae_D"": 0.6908110049817014}",A
0,100,xgb,dev,0.6495934072337342,1.018772052271872,0.8648022464946381,0.5515895556946973,-0.16854337309608458,5000,49.8,"{""params"": {""max_depth"": 3, ""learning_rate"": 0.021716538415662952, ""min_child_weight"": 2.573948119535907, ""subsample"": 0.9440591603295899, ""colsample_bytree"": 0.45810859989212704, ""reg_lambda"": 0.031493347361959224, ""reg_alpha"": 0.01423387108142768}, ""n_trees"": 507, ""tuning"": ""5-fold CV"", ""tuning_mae_D"": 0.61516576553154, ""n_trials"": 20}",A
0,100,xgb,dev_unseen,0.9370892084233419,1.2949531806782184,1.174863470362868,0.3723647778948439,-0.38105383670349996,4183,49.8,"{""params"": {""max_depth"": 3, ""learning_rate"": 0.021716538415662952, ""min_child_weight"": 2.573948119535907, ""subsample"": 0.9440591603295899, ""colsample_bytree"": 0.45810859989212704, ""reg_lambda"": 0.031493347361959224, ""reg_alpha"": 0.01423387108142768}, ""n_trees"": 507, ""tuning"": ""5-fold CV"", ""tuning_mae_D"": 0.61516576553154, ""n_trials"": 20}",A
0,100,charge_linear,dev,1.2780336283936384,2.6983397400521043,2.655025871561391,-2.145682841862941,0.1799490003164938,5000,0.1,"{""params"": {""hidden"": [], ""message_passing"": 0, ""atomic_dipoles"": true, ""loss"": ""mae"", ""lr"": 0.002, ""weight_decay"": 0.0001, ""batch_size"": 64, ""max_epochs"": 300, ""min_steps"": 4000, ""max_steps"": 120000, ""patience"": 30, ""lr_patience"": 10, ""min_lr"": 1e-05, ""val_frac"": 0.1, ""max_val"": 5000, ""huber_delta"": 1.0, ""seed"": 0}, ""n_parameters"": 520, ""epochs"": [37], ""best_epoch"": [7], ""inner_val_mae_D"": [1.6116234481264453], ""train_seconds"": [0.1]}",A
0,100,charge_linear,dev_unseen,1.495867850052649,3.418645751301674,3.377612235944283,-3.374288018970189,0.05248753160610192,4183,0.1,"{""params"": {""hidden"": [], ""message_passing"": 0, ""atomic_dipoles"": true, ""loss"": ""mae"", ""lr"": 0.002, ""weight_decay"": 0.0001, ""batch_size"": 64, ""max_epochs"": 300, ""min_steps"": 4000, ""max_steps"": 120000, ""patience"": 30, ""lr_patience"": 10, ""min_lr"": 1e-05, ""val_frac"": 0.1, ""max_val"": 5000, ""huber_delta"": 1.0, ""seed"": 0}, ""n_parameters"": 520, ""epochs"": [37], ""best_epoch"": [7], ""inner_val_mae_D"": [1.6116234481264453], ""train_seconds"": [0.1]}",A
0,100,charge_net,dev,1.0500645027719757,2.6232384592129545,2.569903299977377,-1.973015792850652,0.3044818109677601,5000,1.0,"{""params"": {""hidden"": [128, 64], ""message_passing"": 3, ""atomic_dipoles"": true, ""loss"": ""mae"", ""lr"": 0.002, ""weight_decay"": 0.0001, ""batch_size"": 64, ""max_epochs"": 300, ""min_steps"": 4000, ""max_steps"": 120000, ""patience"": 30, ""lr_patience"": 10, ""min_lr"": 1e-05, ""val_frac"": 0.1, ""max_val"": 5000, ""huber_delta"": 1.0, ""seed"": 0}, ""n_parameters"": 118346, ""epochs"": [41], ""best_epoch"": [11], ""inner_val_mae_D"": [0.8309346590561123], ""train_seconds"": [1.0]}",A
0,100,charge_net,dev_unseen,1.2115501748641402,2.2787414398497896,2.2127792062209615,-0.943521166219186,0.12849421014920415,4183,1.0,"{""params"": {""hidden"": [128, 64], ""message_passing"": 3, ""atomic_dipoles"": true, ""loss"": ""mae"", ""lr"": 0.002, ""weight_decay"": 0.0001, ""batch_size"": 64, ""max_epochs"": 300, ""min_steps"": 4000, ""max_steps"": 120000, ""patience"": 30, ""lr_patience"": 10, ""min_lr"": 1e-05, ""val_frac"": 0.1, ""max_val"": 5000, ""huber_delta"": 1.0, ""seed"": 0}, ""n_parameters"": 118346, ""epochs"": [41], ""best_epoch"": [11], ""inner_val_mae_D"": [0.8309346590561123], ""train_seconds"": [1.0]}",A
0,300,mean,dev,1.1663387031999999,1.526707589654024,1.4152608800999327,-0.00700911964458073,-0.12737110000000026,5000,0.0,"{""mean_D"": 2.5757339999999997}",A
0,300,mean,dev_unseen,1.3084881726033948,1.73885141661264,1.6256924077085444,-0.13168125216657622,-0.5931470662204162,4183,0.0,"{""mean_D"": 2.5757339999999997}",A
0,300,ridge,dev,0.5747541500331802,0.8643241016574371,0.788032171910991,0.6772435564295778,-0.0006809548686965172,5000,0.4,"{""params"": {""regressor__model__alpha"": 10.0}, ""tuning"": ""5-fold CV"", ""tuning_mae_D"": 0.5152252526250874}",A
0,300,ridge,dev_unseen,0.8597054549508429,1.1862832699953154,1.1255660576983797,0.4732846373318639,-0.06982514099761374,4183,0.4,"{""params"": {""regressor__model__alpha"": 10.0}, ""tuning"": ""5-fold CV"", ""tuning_mae_D"": 0.5152252526250874}",A
0,300,rbf_krr,dev,0.543411377140846,0.8449088804321078,0.7566232868939045,0.6915807874243244,-0.005517143330218335,5000,1.4,"{""params"": {""regressor__model__alpha"": 0.01, ""regressor__model__gamma"": 0.0005319148936170213}, ""tuning"": ""5-fold CV"", ""tuning_mae_D"": 0.46868278060845675}",A
0,300,rbf_krr,dev_unseen,0.834299250292501,1.1609853331010767,1.0920182841300317,0.495509908522461,-0.04781240908392003,4183,1.4,"{""params"": {""regressor__model__alpha"": 0.01, ""regressor__model__gamma"": 0.0005319148936170213}, ""tuning"": ""5-fold CV"", ""tuning_mae_D"": 0.46868278060845675}",A
0,300,xgb,dev,0.5650567723108673,0.8914241224323126,0.7748201583568693,0.6566868498917162,-0.04768306125411988,5000,207.3,"{""params"": {""max_depth"": 3, ""learning_rate"": 0.010885408751772817, ""min_child_weight"": 1.6261236225372446, ""subsample"": 0.8353122073468151, ""colsample_bytree"": 0.7530326581019751, ""reg_lambda"": 2.894279349282438, ""reg_alpha"": 0.03425391510598945}, ""n_trees"": 2106, ""tuning"": ""5-fold CV"", ""tuning_mae_D"": 0.537857725402832, ""n_trials"": 20}",A
0,300,xgb,dev_unseen,0.8420946737119805,1.1631267080945835,1.0844319857677396,0.4936471825854041,-0.04463146926215068,4183,207.3,"{""params"": {""max_depth"": 3, ""learning_rate"": 0.010885408751772817, ""min_child_weight"": 1.6261236225372446, ""subsample"": 0.8353122073468151, ""colsample_bytree"": 0.7530326581019751, ""reg_lambda"": 2.894279349282438, ""reg_alpha"": 0.03425391510598945}, ""n_trees"": 2106, ""tuning"": ""5-fold CV"", ""tuning_mae_D"": 0.537857725402832, ""n_trials"": 20}",A
0,300,charge_linear,dev,1.3770270559391817,3.2778484000021546,3.261516164231566,-3.6419387077974035,0.21386028825392991,5000,0.2,"{""params"": {""hidden"": [], ""message_passing"": 0, ""atomic_dipoles"": true, ""loss"": ""mae"", ""lr"": 0.002, ""weight_decay"": 0.0001, ""batch_size"": 64, ""max_epochs"": 300, ""min_steps"": 4000, ""max_steps"": 120000, ""patience"": 30, ""lr_patience"": 10, ""min_lr"": 1e-05, ""val_frac"": 0.1, ""max_val"": 5000, ""huber_delta"": 1.0, ""seed"": 0}, ""n_parameters"": 520, ""epochs"": [50], ""best_epoch"": [20], ""inner_val_mae_D"": [0.741179911869409], ""train_seconds"": [0.2]}",A
0,300,charge_linear,dev_unseen,1.5544703911392743,3.6227884772246357,3.6023707023238187,-3.912302804506391,-0.1273276047981723,4183,0.2,"{""params"": {""hidden"": [], ""message_passing"": 0, ""atomic_dipoles"": true, ""loss"": ""mae"", ""lr"": 0.002, ""weight_decay"": 0.0001, ""batch_size"": 64, ""max_epochs"": 300, ""min_steps"": 4000, ""max_steps"": 120000, ""patience"": 30, ""lr_patience"": 10, ""min_lr"": 1e-05, ""val_frac"": 0.1, ""max_val"": 5000, ""huber_delta"": 1.0, ""seed"": 0}, ""n_parameters"": 520, ""epochs"": [50], ""best_epoch"": [20], ""inner_val_mae_D"": [0.741179911869409], ""train_seconds"": [0.2]}",A
0,300,charge_net,dev,0.4777390713140304,0.8966442333562149,0.7752512868127684,0.6526542463857226,-0.020957688700247872,5000,3.8,"{""params"": {""hidden"": [128, 64], ""message_passing"": 3, ""atomic_dipoles"": true, ""loss"": ""mae"", ""lr"": 0.002, ""weight_decay"": 0.0001, ""batch_size"": 64, ""max_epochs"": 300, ""min_steps"": 4000, ""max_steps"": 120000, ""patience"": 30, ""lr_patience"": 10, ""min_lr"": 1e-05, ""val_frac"": 0.1, ""max_val"": 5000, ""huber_delta"": 1.0, ""seed"": 0}, ""n_parameters"": 118346, ""epochs"": [59], ""best_epoch"": [29], ""inner_val_mae_D"": [0.5015319882399991], ""train_seconds"": [3.8]}",A
0,300,charge_net,dev_unseen,0.7699370898547983,1.2215520206088957,1.1040073823952419,0.44150009042445837,-0.18753142885797933,4183,3.8,"{""params"": {""hidden"": [128, 64], ""message_passing"": 3, ""atomic_dipoles"": true, ""loss"": ""mae"", ""lr"": 0.002, ""weight_decay"": 0.0001, ""batch_size"": 64, ""max_epochs"": 300, ""min_steps"": 4000, ""max_steps"": 120000, ""patience"": 30, ""lr_patience"": 10, ""min_lr"": 1e-05, ""val_frac"": 0.1, ""max_val"": 5000, ""huber_delta"": 1.0, ""seed"": 0}, ""n_parameters"": 118346, ""epochs"": [59], ""best_epoch"": [29], ""inner_val_mae_D"": [0.5015319882399991], ""train_seconds"": [3.8]}",A
0,1000,mean,dev,1.17147437136,1.5221342899174435,1.4120425337089602,-0.0009851019061677402,-0.04775070000000019,5000,0.0,"{""mean_D"": 2.6553544}",A
0,1000,mean,dev_unseen,1.293209747645231,1.7133273020089748,1.6001840285433415,-0.09870182323318177,-0.5135266662204163,4183,0.0,"{""mean_D"": 2.6553544}",A
0,1000,ridge,dev,0.503361068222975,0.7810654978631987,0.720781029786981,0.7364296322233496,0.025294355828823056,5000,1.2,"{""params"": {""regressor__model__alpha"": 31.622776601683793}, ""tuning"": ""5-fold CV"", ""tuning_mae_D"": 0.4892886841564295}",A
0,1000,ridge,dev_unseen,0.745507563522997,1.0362388270768723,0.979315273722256,0.5980991764097578,-0.0728546905537053,4183,1.2,"{""params"": {""regressor__model__alpha"": 31.622776601683793}, ""tuning"": ""5-fold CV"", ""tuning_mae_D"": 0.4892886841564295}",A
0,1000,rbf_krr,dev,0.45484223011945785,0.7325899809519119,0.6666390110885735,0.7681305007104214,0.007673803989468417,5000,9.7,"{""params"": {""regressor__model__alpha"": 0.01, ""regressor__model__gamma"": 0.0005319148936170213}, ""tuning"": ""5-fold CV"", ""tuning_mae_D"": 0.4575874414945002}",A
0,1000,rbf_krr,dev_unseen,0.7236494369462042,1.0139995608300172,0.9515812019461064,0.6151648717918803,-0.10105656038702401,4183,9.7,"{""params"": {""regressor__model__alpha"": 0.01, ""regressor__model__gamma"": 0.0005319148936170213}, ""tuning"": ""5-fold CV"", ""tuning_mae_D"": 0.4575874414945002}",A
0,1000,xgb,dev,0.4689184822903824,0.7393537049998777,0.6764116670649988,0.7638292104569633,0.02852252377262115,5000,625.8,"{""params"": {""max_depth"": 3, ""learning_rate"": 0.010885408751772817, ""min_child_weight"": 1.6261236225372446, ""subsample"": 0.8353122073468151, ""colsample_bytree"": 0.7530326581019751, ""reg_lambda"": 2.894279349282438, ""reg_alpha"": 0.03425391510598945}, ""n_trees"": 2978, ""tuning"": ""5-fold CV"", ""tuning_mae_D"": 0.47290143813457486, ""n_trials"": 20}",A
0,1000,xgb,dev_unseen,0.7206190685449592,1.0072072673031531,0.9506044279413303,0.62030325366055,-0.07906940004844401,4183,625.8,"{""params"": {""max_depth"": 3, ""learning_rate"": 0.010885408751772817, ""min_child_weight"": 1.6261236225372446, ""subsample"": 0.8353122073468151, ""colsample_bytree"": 0.7530326581019751, ""reg_lambda"": 2.894279349282438, ""reg_alpha"": 0.03425391510598945}, ""n_trees"": 2978, ""tuning"": ""5-fold CV"", ""tuning_mae_D"": 0.47290143813457486, ""n_trials"": 20}",A
0,1000,charge_linear,dev,0.33398595734192466,0.6811019404062135,0.5916171761448347,0.7995777609789473,-0.012946069405285369,5000,1.5,"{""params"": {""hidden"": [], ""message_passing"": 0, ""atomic_dipoles"": true, ""loss"": ""mae"", ""lr"": 0.002, ""weight_decay"": 0.0001, ""batch_size"": 64, ""max_epochs"": 300, ""min_steps"": 4000, ""max_steps"": 120000, ""patience"": 30, ""lr_patience"": 10, ""min_lr"": 1e-05, ""val_frac"": 0.1, ""max_val"": 5000, ""huber_delta"": 1.0, ""seed"": 0}, ""n_parameters"": 520, ""epochs"": [102], ""best_epoch"": [72], ""inner_val_mae_D"": [0.34318168780717223], ""train_seconds"": [1.5]}",A
0,1000,charge_linear,dev_unseen,0.5336422689739715,0.9319919137963321,0.8364456315187583,0.6748951391739135,-0.12378921166548172,4183,1.5,"{""params"": {""hidden"": [], ""message_passing"": 0, ""atomic_dipoles"": true, ""loss"": ""mae"", ""lr"": 0.002, ""weight_decay"": 0.0001, ""batch_size"": 64, ""max_epochs"": 300, ""min_steps"": 4000, ""max_steps"": 120000, ""patience"": 30, ""lr_patience"": 10, ""min_lr"": 1e-05, ""val_frac"": 0.1, ""max_val"": 5000, ""huber_delta"": 1.0, ""seed"": 0}, ""n_parameters"": 520, ""epochs"": [102], ""best_epoch"": [72], ""inner_val_mae_D"": [0.34318168780717223], ""train_seconds"": [1.5]}",A
0,1000,charge_net,dev,0.2725712003929919,0.5294539353440716,0.43666873474561196,0.878890548891966,-0.051964491745095494,5000,18.3,"{""params"": {""hidden"": [128, 64], ""message_passing"": 3, ""atomic_dipoles"": true, ""loss"": ""mae"", ""lr"": 0.002, ""weight_decay"": 0.0001, ""batch_size"": 64, ""max_epochs"": 300, ""min_steps"": 4000, ""max_steps"": 120000, ""patience"": 30, ""lr_patience"": 10, ""min_lr"": 1e-05, ""val_frac"": 0.1, ""max_val"": 5000, ""huber_delta"": 1.0, ""seed"": 0}, ""n_parameters"": 118346, ""epochs"": [97], ""best_epoch"": [67], ""inner_val_mae_D"": [0.2584354392523651], ""train_seconds"": [18.3]}",A
0,1000,charge_net,dev_unseen,0.4784376349514911,0.7673559328879275,0.6778988288796073,0.7796094925826875,-0.17739231390204038,4183,18.3,"{""params"": {""hidden"": [128, 64], ""message_passing"": 3, ""atomic_dipoles"": true, ""loss"": ""mae"", ""lr"": 0.002, ""weight_decay"": 0.0001, ""batch_size"": 64, ""max_epochs"": 300, ""min_steps"": 4000, ""max_steps"": 120000, ""patience"": 30, ""lr_patience"": 10, ""min_lr"": 1e-05, ""val_frac"": 0.1, ""max_val"": 5000, ""huber_delta"": 1.0, ""seed"": 0}, ""n_parameters"": 118346, ""epochs"": [97], ""best_epoch"": [67], ""inner_val_mae_D"": [0.2584354392523651], ""train_seconds"": [18.3]}",A
0,3000,mean,dev,1.1766976150800001,1.5213966188242327,1.412403642493138,-1.5123298301444876e-05,0.005916466666666824,5000,0.0,"{""mean_D"": 2.709021566666667}",A
0,3000,mean,dev_unseen,1.2849351448641328,1.6980140064851417,1.5850165981844273,-0.07914974117056706,-0.4598594995537491,4183,0.0,"{""mean_D"": 2.709021566666667}",A
0,3000,ridge,dev,0.4736340343073206,0.7514408597252367,0.6853553767541815,0.7560441219093329,0.006004653057559136,5000,2.8,"{""params"": {""regressor__model__alpha"": 0.01}, ""tuning"": ""holdout"", ""tuning_mae_D"": 0.45381211955792433}",A
0,3000,ridge,dev_unseen,0.7302677873439519,0.9983468275735567,0.9342345031406664,0.6269542824935572,-0.06506036196719588,4183,2.8,"{""params"": {""regressor__model__alpha"": 0.01}, ""tuning"": ""holdout"", ""tuning_mae_D"": 0.45381211955792433}",A
0,3000,rbf_krr,dev,0.3856884879509009,0.6199479695303014,0.5660429965541061,0.833952569960223,0.0022416248756994177,5000,23.8,"{""params"": {""regressor__model__alpha"": 0.01, ""regressor__model__gamma"": 0.0016820625851959464}, ""tuning"": ""holdout"", ""tuning_mae_D"": 0.38450048910871304}",A
0,3000,rbf_krr,dev_unseen,0.631611779915062,0.9146302150429197,0.8525849335271822,0.6868948125863489,-0.07560859179687765,4183,23.8,"{""params"": {""regressor__model__alpha"": 0.01, ""regressor__model__gamma"": 0.0016820625851959464}, ""tuning"": ""holdout"", ""tuning_mae_D"": 0.38450048910871304}",A
0,3000,xgb,dev,0.40930642215126034,0.6657304073076323,0.5996053066412672,0.8085221853764164,0.024539344417953485,5000,333.9,"{""params"": {""max_depth"": 7, ""learning_rate"": 0.08898229901136781, ""min_child_weight"": 1.9880789661123066, ""subsample"": 0.9315894611749433, ""colsample_bytree"": 0.6790228541743641, ""reg_lambda"": 0.1580693116829212, ""reg_alpha"": 0.049062410832548906}, ""n_trees"": 730, ""tuning"": ""holdout"", ""tuning_mae_D"": 0.42124208961232507, ""n_trials"": 20}",A
0,3000,xgb,dev_unseen,0.6719157086393122,0.9481808620828065,0.884602032916479,0.663502730126041,-0.046305630503332335,4183,333.9,"{""params"": {""max_depth"": 7, ""learning_rate"": 0.08898229901136781, ""min_child_weight"": 1.9880789661123066, ""subsample"": 0.9315894611749433, ""colsample_bytree"": 0.6790228541743641, ""reg_lambda"": 0.1580693116829212, ""reg_alpha"": 0.049062410832548906}, ""n_trees"": 730, ""tuning"": ""holdout"", ""tuning_mae_D"": 0.42124208961232507, ""n_trials"": 20}",A
0,3000,charge_linear,dev,0.2661052797461713,0.6240354178208857,0.5200281663102636,0.8317557800427495,-0.009106459320387606,5000,7.3,"{""params"": {""hidden"": [], ""message_passing"": 0, ""atomic_dipoles"": true, ""loss"": ""mae"", ""lr"": 0.002, ""weight_decay"": 0.0001, ""batch_size"": 64, ""max_epochs"": 300, ""min_steps"": 4000, ""max_steps"": 120000, ""patience"": 30, ""lr_patience"": 10, ""min_lr"": 1e-05, ""val_frac"": 0.1, ""max_val"": 5000, ""huber_delta"": 1.0, ""seed"": 0}, ""n_parameters"": 520, ""epochs"": [149], ""best_epoch"": [139], ""inner_val_mae_D"": [0.25802628070878075], ""train_seconds"": [7.3]}",A
0,3000,charge_linear,dev_unseen,0.40007201664593184,0.6747745454139049,0.5811358407708539,0.8295815712260615,-0.04947149139322983,4183,7.3,"{""params"": {""hidden"": [], ""message_passing"": 0, ""atomic_dipoles"": true, ""loss"": ""mae"", ""lr"": 0.002, ""weight_decay"": 0.0001, ""batch_size"": 64, ""max_epochs"": 300, ""min_steps"": 4000, ""max_steps"": 120000, ""patience"": 30, ""lr_patience"": 10, ""min_lr"": 1e-05, ""val_frac"": 0.1, ""max_val"": 5000, ""huber_delta"": 1.0, ""seed"": 0}, ""n_parameters"": 520, ""epochs"": [149], ""best_epoch"": [139], ""inner_val_mae_D"": [0.25802628070878075], ""train_seconds"": [7.3]}",A
0,3000,charge_net,dev,0.1731984699237898,0.358900843826699,0.28319845060641086,0.9443492997660882,-0.028755855745511053,5000,88.6,"{""params"": {""hidden"": [128, 64], ""message_passing"": 3, ""atomic_dipoles"": true, ""loss"": ""mae"", ""lr"": 0.002, ""weight_decay"": 0.0001, ""batch_size"": 64, ""max_epochs"": 300, ""min_steps"": 4000, ""max_steps"": 120000, ""patience"": 30, ""lr_patience"": 10, ""min_lr"": 1e-05, ""val_frac"": 0.1, ""max_val"": 5000, ""huber_delta"": 1.0, ""seed"": 0}, ""n_parameters"": 118346, ""epochs"": [147], ""best_epoch"": [117], ""inner_val_mae_D"": [0.1593210197649232], ""train_seconds"": [88.6]}",A
0,3000,charge_net,dev_unseen,0.2780867184996193,0.4787265289054172,0.40053827745732196,0.9142223460521799,-0.07517981374756384,4183,88.6,"{""params"": {""hidden"": [128, 64], ""message_passing"": 3, ""atomic_dipoles"": true, ""loss"": ""mae"", ""lr"": 0.002, ""weight_decay"": 0.0001, ""batch_size"": 64, ""max_epochs"": 300, ""min_steps"": 4000, ""max_steps"": 120000, ""patience"": 30, ""lr_patience"": 10, ""min_lr"": 1e-05, ""val_frac"": 0.1, ""max_val"": 5000, ""huber_delta"": 1.0, ""seed"": 0}, ""n_parameters"": 118346, ""epochs"": [147], ""best_epoch"": [117], ""inner_val_mae_D"": [0.1593210197649232], ""train_seconds"": [88.6]}",A
0,10000,mean,dev,1.175495925412,1.5213943860298902,1.4121593978635363,-1.2188065708462759e-05,-0.005311369999999656,5000,0.0,"{""mean_D"": 2.6977937300000003}",A
0,10000,mean,dev_unseen,1.2865494097848436,1.7010890879778007,1.5880517747939453,-0.08306193299052023,-0.47108733622041565,4183,0.0,"{""mean_D"": 2.6977937300000003}",A
0,10000,ridge,dev,0.4509667520174024,0.6830954046595639,0.6395649048900853,0.7984028436027267,0.027156088708455695,5000,9.3,"{""params"": {""regressor__model__alpha"": 0.01}, ""tuning"": ""holdout"", ""tuning_mae_D"": 0.41425440179840395}",A
0,10000,ridge,dev_unseen,0.697739641770984,0.9532270374897495,0.9058187899768754,0.6599115531265478,0.005439795967194604,4183,9.3,"{""params"": {""regressor__model__alpha"": 0.01}, ""tuning"": ""holdout"", ""tuning_mae_D"": 0.41425440179840395}",A
0,10000,rbf_krr,dev,0.3283310936498972,0.5109847629230938,0.49101651465416357,0.8871926039114204,0.015198862979523156,5000,267.0,"{""params"": {""regressor__model__alpha"": 0.001, ""regressor__model__gamma"": 0.0005319148936170213}, ""tuning"": ""holdout"", ""tuning_mae_D"": 0.3353503101548573}",A
0,10000,rbf_krr,dev_unseen,0.5660991356931394,0.8078940357701441,0.7763141438918538,0.7557087125748383,-0.017246130356105067,4183,267.0,"{""params"": {""regressor__model__alpha"": 0.001, ""regressor__model__gamma"": 0.0005319148936170213}, ""tuning"": ""holdout"", ""tuning_mae_D"": 0.3353503101548573}",A
0,10000,xgb,dev,0.3345668084452057,0.5494371275304313,0.5053115916943353,0.8695759504871614,0.02108284913291931,5000,683.1,"{""params"": {""max_depth"": 7, ""learning_rate"": 0.03967642426686977, ""min_child_weight"": 19.38021450406436, ""subsample"": 0.7487113477438094, ""colsample_bytree"": 0.6705185121377393, ""reg_lambda"": 13.904097446453846, ""reg_alpha"": 0.04556416306286431}, ""n_trees"": 2338, ""tuning"": ""holdout"", ""tuning_mae_D"": 0.34699036024188995, ""n_trials"": 20}",A
0,10000,xgb,dev_unseen,0.5865378388897073,0.8509156627528138,0.7997647621586986,0.7289981785740487,-0.01580748129814343,4183,683.1,"{""params"": {""max_depth"": 7, ""learning_rate"": 0.03967642426686977, ""min_child_weight"": 19.38021450406436, ""subsample"": 0.7487113477438094, ""colsample_bytree"": 0.6705185121377393, ""reg_lambda"": 13.904097446453846, ""reg_alpha"": 0.04556416306286431}, ""n_trees"": 2338, ""tuning"": ""holdout"", ""tuning_mae_D"": 0.34699036024188995, ""n_trials"": 20}",A
0,10000,charge_linear,dev,0.22130053556247312,0.458133901466148,0.3415296644094041,0.9093210390457157,-0.002927042621488868,5000,21.9,"{""params"": {""hidden"": [], ""message_passing"": 0, ""atomic_dipoles"": true, ""loss"": ""mae"", ""lr"": 0.002, ""weight_decay"": 0.0001, ""batch_size"": 64, ""max_epochs"": 300, ""min_steps"": 4000, ""max_steps"": 120000, ""patience"": 30, ""lr_patience"": 10, ""min_lr"": 1e-05, ""val_frac"": 0.1, ""max_val"": 5000, ""huber_delta"": 1.0, ""seed"": 0}, ""n_parameters"": 520, ""epochs"": [158], ""best_epoch"": [148], ""inner_val_mae_D"": [0.2284737287007183], ""train_seconds"": [21.8]}",A
0,10000,charge_linear,dev_unseen,0.36916942939581393,0.6568171617831803,0.5658134113630194,0.83853137094914,-0.060622974784093946,4183,21.9,"{""params"": {""hidden"": [], ""message_passing"": 0, ""atomic_dipoles"": true, ""loss"": ""mae"", ""lr"": 0.002, ""weight_decay"": 0.0001, ""batch_size"": 64, ""max_epochs"": 300, ""min_steps"": 4000, ""max_steps"": 120000, ""patience"": 30, ""lr_patience"": 10, ""min_lr"": 1e-05, ""val_frac"": 0.1, ""max_val"": 5000, ""huber_delta"": 1.0, ""seed"": 0}, ""n_parameters"": 520, ""epochs"": [158], ""best_epoch"": [148], ""inner_val_mae_D"": [0.2284737287007183], ""train_seconds"": [21.8]}",A
0,10000,charge_net,dev,0.09361059163256068,0.202005157637152,0.16790366191586362,0.9823702322680558,-0.0116880354091888,5000,308.6,"{""params"": {""hidden"": [128, 64], ""message_passing"": 3, ""atomic_dipoles"": true, ""loss"": ""mae"", ""lr"": 0.002, ""weight_decay"": 0.0001, ""batch_size"": 64, ""max_epochs"": 300, ""min_steps"": 4000, ""max_steps"": 120000, ""patience"": 30, ""lr_patience"": 10, ""min_lr"": 1e-05, ""val_frac"": 0.1, ""max_val"": 5000, ""huber_delta"": 1.0, ""seed"": 0}, ""n_parameters"": 118346, ""epochs"": [159], ""best_epoch"": [129], ""inner_val_mae_D"": [0.09239639982486629], ""train_seconds"": [308.6]}",A
0,10000,charge_net,dev_unseen,0.15533737608752365,0.32394927912099286,0.252486587863423,0.960721652325525,-0.02260533061522098,4183,308.6,"{""params"": {""hidden"": [128, 64], ""message_passing"": 3, ""atomic_dipoles"": true, ""loss"": ""mae"", ""lr"": 0.002, ""weight_decay"": 0.0001, ""batch_size"": 64, ""max_epochs"": 300, ""min_steps"": 4000, ""max_steps"": 120000, ""patience"": 30, ""lr_patience"": 10, ""min_lr"": 1e-05, ""val_frac"": 0.1, ""max_val"": 5000, ""huber_delta"": 1.0, ""seed"": 0}, ""n_parameters"": 118346, ""epochs"": [159], ""best_epoch"": [129], ""inner_val_mae_D"": [0.09239639982486629], ""train_seconds"": [308.6]}",A
0,30000,mean,dev,1.176924882128,1.5214060480601919,1.4124582623793724,-2.751902426001429e-05,0.007980969999999908,5000,0.0,"{""mean_D"": 2.71108607}",A
0,30000,mean,dev_unseen,1.2846424720272531,1.697456057002463,1.5844665360996713,-0.07844066325501053,-0.45779499622041614,4183,0.0,"{""mean_D"": 2.71108607}",A
0,30000,ridge,dev,0.4454824842635795,0.6760949426298916,0.6261138820446766,0.80251366549192,0.017420879913439696,5000,3.3,"{""params"": {""regressor__model__alpha"": 0.03162277660168379}, ""tuning"": ""holdout"", ""tuning_mae_D"": 0.45094749996751277}",A
0,30000,ridge,dev_unseen,0.6823183164785502,0.92803687902555,0.8879561066142949,0.6776485381545843,0.004341825040545553,4183,3.3,"{""params"": {""regressor__model__alpha"": 0.03162277660168379}, ""tuning"": ""holdout"", ""tuning_mae_D"": 0.45094749996751277}",A
0,30000,xgb,dev,0.2751105386452103,0.45595599202465725,0.41663183114726815,0.9101811419206474,0.008397694241905214,5000,1153.3,"{""params"": {""max_depth"": 7, ""learning_rate"": 0.05540863523142628, ""min_child_weight"": 3.522463006341068, ""subsample"": 0.7971500150998484, ""colsample_bytree"": 0.5365378578549933, ""reg_lambda"": 0.36853267721421024, ""reg_alpha"": 3.639966678769468}, ""n_trees"": 4442, ""tuning"": ""holdout"", ""tuning_mae_D"": 0.2931081936673482, ""n_trials"": 10}",A
0,30000,xgb,dev_unseen,0.5120845031878266,0.7399647769259969,0.7073555462123278,0.7950625778585045,-0.03853369403609299,4183,1153.3,"{""params"": {""max_depth"": 7, ""learning_rate"": 0.05540863523142628, ""min_child_weight"": 3.522463006341068, ""subsample"": 0.7971500150998484, ""colsample_bytree"": 0.5365378578549933, ""reg_lambda"": 0.36853267721421024, ""reg_alpha"": 3.639966678769468}, ""n_trees"": 4442, ""tuning"": ""holdout"", ""tuning_mae_D"": 0.2931081936673482, ""n_trials"": 10}",A
0,30000,charge_linear,dev,0.20823438270276448,0.4402836715064516,0.32272895207423824,0.9162496109423038,-0.007786429599266934,5000,67.1,"{""params"": {""hidden"": [], ""message_passing"": 0, ""atomic_dipoles"": true, ""loss"": ""mae"", ""lr"": 0.002, ""weight_decay"": 0.0001, ""batch_size"": 64, ""max_epochs"": 300, ""min_steps"": 4000, ""max_steps"": 120000, ""patience"": 30, ""lr_patience"": 10, ""min_lr"": 1e-05, ""val_frac"": 0.1, ""max_val"": 5000, ""huber_delta"": 1.0, ""seed"": 0}, ""n_parameters"": 520, ""epochs"": [137], ""best_epoch"": [127], ""inner_val_mae_D"": [0.21112475381973567], ""train_seconds"": [66.9]}",A
0,30000,charge_linear,dev_unseen,0.345104838325538,0.606490389393641,0.5194373328872856,0.8623275564079579,-0.06471221892320528,4183,67.1,"{""params"": {""hidden"": [], ""message_passing"": 0, ""atomic_dipoles"": true, ""loss"": ""mae"", ""lr"": 0.002, ""weight_decay"": 0.0001, ""batch_size"": 64, ""max_epochs"": 300, ""min_steps"": 4000, ""max_steps"": 120000, ""patience"": 30, ""lr_patience"": 10, ""min_lr"": 1e-05, ""val_frac"": 0.1, ""max_val"": 5000, ""huber_delta"": 1.0, ""seed"": 0}, ""n_parameters"": 520, ""epochs"": [137], ""best_epoch"": [127], ""inner_val_mae_D"": [0.21112475381973567], ""train_seconds"": [66.9]}",A
0,30000,charge_net,dev,0.06069256045999464,0.12207632099989342,0.10334765566742019,0.9935615023800296,-0.005204826862297723,5000,1757.6,"{""params"": {""hidden"": [128, 64], ""message_passing"": 3, ""atomic_dipoles"": true, ""loss"": ""mae"", ""lr"": 0.002, ""weight_decay"": 0.0001, ""batch_size"": 64, ""max_epochs"": 300, ""min_steps"": 4000, ""max_steps"": 120000, ""patience"": 30, ""lr_patience"": 10, ""min_lr"": 1e-05, ""val_frac"": 0.1, ""max_val"": 5000, ""huber_delta"": 1.0, ""seed"": 0}, ""n_parameters"": 118346, ""epochs"": [163], ""best_epoch"": [133], ""inner_val_mae_D"": [0.06342826510718376], ""train_seconds"": [1757.4]}",A
0,30000,charge_net,dev_unseen,0.10378012884543306,0.25593945110859984,0.19400551108186365,0.97548264346205,-0.017784606242129145,4183,1757.6,"{""params"": {""hidden"": [128, 64], ""message_passing"": 3, ""atomic_dipoles"": true, ""loss"": ""mae"", ""lr"": 0.002, ""weight_decay"": 0.0001, ""batch_size"": 64, ""max_epochs"": 300, ""min_steps"": 4000, ""max_steps"": 120000, ""patience"": 30, ""lr_patience"": 10, ""min_lr"": 1e-05, ""val_frac"": 0.1, ""max_val"": 5000, ""huber_delta"": 1.0, ""seed"": 0}, ""n_parameters"": 118346, ""epochs"": [163], ""best_epoch"": [133], ""inner_val_mae_D"": [0.06342826510718376], ""train_seconds"": [1757.4]}",A
0,99198,mean,dev,1.176405853772455,1.5213885458517364,1.4123371100121638,-4.510584868056e-06,0.0032311386338436535,5000,0.0,"{""mean_D"": 2.7063362386338436}",A
0,99198,mean,dev_unseen,1.285316289269152,1.6987432190937481,1.5857358077946078,-0.0800768225355053,-0.46254482758657234,4183,0.0,"{""mean_D"": 2.7063362386338436}",A
0,99198,ridge,dev,0.44629657245984233,0.677853756789823,0.6270248264867079,0.8014848349760787,0.015543508324457117,5000,10.8,"{""params"": {""regressor__model__alpha"": 0.1}, ""tuning"": ""holdout"", ""tuning_mae_D"": 0.43830895067882575}",A
0,99198,ridge,dev_unseen,0.6872928743388291,0.9325813269505802,0.8890017125564639,0.6744838015401071,0.001521487296537986,4183,10.8,"{""params"": {""regressor__model__alpha"": 0.1}, ""tuning"": ""holdout"", ""tuning_mae_D"": 0.43830895067882575}",A
0,99198,xgb,dev,0.2251975850263214,0.36304125156299855,0.3369537936729253,0.9430578808262021,0.010714067757034302,5000,2937.6,"{""params"": {""max_depth"": 7, ""learning_rate"": 0.05540863523142628, ""min_child_weight"": 3.522463006341068, ""subsample"": 0.7971500150998484, ""colsample_bytree"": 0.5365378578549933, ""reg_lambda"": 0.36853267721421024, ""reg_alpha"": 3.639966678769468}, ""n_trees"": 4213, ""tuning"": ""holdout"", ""tuning_mae_D"": 0.22272872590805054, ""n_trials"": 10}",A
0,99198,xgb,dev_unseen,0.43198807255236293,0.6229937711252975,0.5979387268402018,0.8547331286084376,-0.03328897980209631,4183,2937.6,"{""params"": {""max_depth"": 7, ""learning_rate"": 0.05540863523142628, ""min_child_weight"": 3.522463006341068, ""subsample"": 0.7971500150998484, ""colsample_bytree"": 0.5365378578549933, ""reg_lambda"": 0.36853267721421024, ""reg_alpha"": 3.639966678769468}, ""n_trees"": 4213, ""tuning"": ""holdout"", ""tuning_mae_D"": 0.22272872590805054, ""n_trials"": 10}",A
0,99198,charge_linear,dev,0.41389554565667697,0.847752676378522,0.8013211542779188,0.6895011374931983,-0.025053998143986286,5000,145.5,"{""params"": {""hidden"": [], ""message_passing"": 0, ""atomic_dipoles"": true, ""loss"": ""mae"", ""lr"": 0.002, ""weight_decay"": 0.0001, ""batch_size"": 64, ""max_epochs"": 300, ""min_steps"": 4000, ""max_steps"": 120000, ""patience"": 30, ""lr_patience"": 10, ""min_lr"": 1e-05, ""val_frac"": 0.1, ""max_val"": 5000, ""huber_delta"": 1.0, ""seed"": 0}, ""n_parameters"": 520, ""epochs"": [81], ""best_epoch"": [73], ""inner_val_mae_D"": [0.3911183257240541], ""train_seconds"": [145.0]}",A
0,99198,charge_linear,dev_unseen,0.6060232066761889,1.0412538177952653,0.9773401253009196,0.5941996775044972,-0.14642400944060593,4183,145.5,"{""params"": {""hidden"": [], ""message_passing"": 0, ""atomic_dipoles"": true, ""loss"": ""mae"", ""lr"": 0.002, ""weight_decay"": 0.0001, ""batch_size"": 64, ""max_epochs"": 300, ""min_steps"": 4000, ""max_steps"": 120000, ""patience"": 30, ""lr_patience"": 10, ""min_lr"": 1e-05, ""val_frac"": 0.1, ""max_val"": 5000, ""huber_delta"": 1.0, ""seed"": 0}, ""n_parameters"": 520, ""epochs"": [81], ""best_epoch"": [73], ""inner_val_mae_D"": [0.3911183257240541], ""train_seconds"": [145.0]}",A
0,99198,charge_net,dev,0.03945634812437413,0.06962737733004343,0.058404789153324116,0.997905493328289,0.000991716027712225,5000,1956.0,"{""params"": {""hidden"": [128, 64], ""message_passing"": 3, ""atomic_dipoles"": true, ""loss"": ""mae"", ""lr"": 0.002, ""weight_decay"": 0.0001, ""batch_size"": 64, ""max_epochs"": 300, ""min_steps"": 4000, ""max_steps"": 120000, ""patience"": 30, ""lr_patience"": 10, ""min_lr"": 1e-05, ""val_frac"": 0.1, ""max_val"": 5000, ""huber_delta"": 1.0, ""seed"": 0}, ""n_parameters"": 118346, ""epochs"": [81], ""best_epoch"": [78], ""inner_val_mae_D"": [0.04088351867920768], ""train_seconds"": [1955.4]}",A
0,99198,charge_net,dev_unseen,0.0630947647580902,0.15944370138568786,0.10792208575573968,0.9904848878897512,-0.0057724858882356915,4183,1956.0,"{""params"": {""hidden"": [128, 64], ""message_passing"": 3, ""atomic_dipoles"": true, ""loss"": ""mae"", ""lr"": 0.002, ""weight_decay"": 0.0001, ""batch_size"": 64, ""max_epochs"": 300, ""min_steps"": 4000, ""max_steps"": 120000, ""patience"": 30, ""lr_patience"": 10, ""min_lr"": 1e-05, ""val_frac"": 0.1, ""max_val"": 5000, ""huber_delta"": 1.0, ""seed"": 0}, ""n_parameters"": 118346, ""epochs"": [81], ""best_epoch"": [78], ""inner_val_mae_D"": [0.04088351867920768], ""train_seconds"": [1955.4]}",A
1,100,mean,dev,1.2656437336,1.579363615635361,1.4832604793070685,-0.07767034448096655,0.4240008999999999,5000,0.0,"{""mean_D"": 3.127106}",A
1,100,mean,dev_unseen,1.2658202404972507,1.63509203503889,1.5274649044224986,-0.0006531808871521605,-0.04177506622041602,4183,0.0,"{""mean_D"": 3.127106}",A
1,100,ridge,dev,0.7601663546744961,1.105091643283538,0.9991434169002831,0.4723836271333196,0.12509487229247732,5000,0.1,"{""params"": {""regressor__model__alpha"": 31.622776601683793}, ""tuning"": ""5-fold CV"", ""tuning_mae_D"": 0.8936389068814664}",A
1,100,ridge,dev_unseen,1.0447924271846967,1.4326299769463617,1.3549175696341216,0.23181248792842635,0.4406544567061002,4183,0.1,"{""params"": {""regressor__model__alpha"": 31.622776601683793}, ""tuning"": ""5-fold CV"", ""tuning_mae_D"": 0.8936389068814664}",A
1,100,rbf_krr,dev,0.7535782090429641,1.099194562683365,0.9922539298781288,0.4779996222441587,0.12806368285787784,5000,0.5,"{""params"": {""regressor__model__alpha"": 0.01, ""regressor__model__gamma"": 0.00016820625851959463}, ""tuning"": ""5-fold CV"", ""tuning_mae_D"": 0.8905031880452576}",A
1,100,rbf_krr,dev_unseen,1.057108753452181,1.4455123791100586,1.3684190695546958,0.21793508181057608,0.47462495041070074,4183,0.5,"{""params"": {""regressor__model__alpha"": 0.01, ""regressor__model__gamma"": 0.00016820625851959463}, ""tuning"": ""5-fold CV"", ""tuning_mae_D"": 0.8905031880452576}",A
1,100,xgb,dev,0.7049278992906189,1.037511402155007,0.9306061230839471,0.534941666543484,0.07889174472084046,5000,34.1,"{""params"": {""max_depth"": 6, ""learning_rate"": 0.02480079299532621, ""min_child_weight"": 5.894938943278639, ""subsample"": 0.5670208486235824, ""colsample_bytree"": 0.5821790905129904, ""reg_lambda"": 0.06513598165269568, ""reg_alpha"": 0.011200911395398852}, ""n_trees"": 465, ""tuning"": ""5-fold CV"", ""tuning_mae_D"": 0.8726125608062744, ""n_trials"": 20}",A
1,100,xgb,dev_unseen,1.0881550170166596,1.4703480066395282,1.399556064751788,0.19083060442168787,0.6126190796972261,4183,34.1,"{""params"": {""max_depth"": 6, ""learning_rate"": 0.02480079299532621, ""min_child_weight"": 5.894938943278639, ""subsample"": 0.5670208486235824, ""colsample_bytree"": 0.5821790905129904, ""reg_lambda"": 0.06513598165269568, ""reg_alpha"": 0.011200911395398852}, ""n_trees"": 465, ""tuning"": ""5-fold CV"", ""tuning_mae_D"": 0.8726125608062744, ""n_trials"": 20}",A
1,100,charge_linear,dev,1.1673133749423783,1.8546083977020293,1.8077721910483089,-0.4860250086679352,0.08953656736156547,5000,0.1,"{""params"": {""hidden"": [], ""message_passing"": 0, ""atomic_dipoles"": true, ""loss"": ""mae"", ""lr"": 0.002, ""weight_decay"": 0.0001, ""batch_size"": 64, ""max_epochs"": 300, ""min_steps"": 4000, ""max_steps"": 120000, ""patience"": 30, ""lr_patience"": 10, ""min_lr"": 1e-05, ""val_frac"": 0.1, ""max_val"": 5000, ""huber_delta"": 1.0, ""seed"": 1000}, ""n_parameters"": 520, ""epochs"": [64], ""best_epoch"": [34], ""inner_val_mae_D"": [0.7110437138943959], ""train_seconds"": [0.1]}",A
1,100,charge_linear,dev_unseen,1.5172755096260993,2.4927225504087436,2.453979210710409,-1.3256644771504753,0.5353188815385456,4183,0.1,"{""params"": {""hidden"": [], ""message_passing"": 0, ""atomic_dipoles"": true, ""loss"": ""mae"", ""lr"": 0.002, ""weight_decay"": 0.0001, ""batch_size"": 64, ""max_epochs"": 300, ""min_steps"": 4000, ""max_steps"": 120000, ""patience"": 30, ""lr_patience"": 10, ""min_lr"": 1e-05, ""val_frac"": 0.1, ""max_val"": 5000, ""huber_delta"": 1.0, ""seed"": 1000}, ""n_parameters"": 520, ""epochs"": [64], ""best_epoch"": [34], ""inner_val_mae_D"": [0.7110437138943959], ""train_seconds"": [0.1]}",A
1,100,charge_net,dev,1.2705360441120035,1.7978550005795402,1.7194266957732198,-0.39646803498667227,-0.533663835899068,5000,1.6,"{""params"": {""hidden"": [128, 64], ""message_passing"": 3, ""atomic_dipoles"": true, ""loss"": ""mae"", ""lr"": 0.002, ""weight_decay"": 0.0001, ""batch_size"": 64, ""max_epochs"": 300, ""min_steps"": 4000, ""max_steps"": 120000, ""patience"": 30, ""lr_patience"": 10, ""min_lr"": 1e-05, ""val_frac"": 0.1, ""max_val"": 5000, ""huber_delta"": 1.0, ""seed"": 1000}, ""n_parameters"": 118346, ""epochs"": [64], ""best_epoch"": [34], ""inner_val_mae_D"": [1.029275822898017], ""train_seconds"": [1.6]}",A
1,100,charge_net,dev_unseen,1.620274132319379,2.28742745733415,2.1984241665716904,-0.9583658805667117,-0.4276764734257252,4183,1.6,"{""params"": {""hidden"": [128, 64], ""message_passing"": 3, ""atomic_dipoles"": true, ""loss"": ""mae"", ""lr"": 0.002, ""weight_decay"": 0.0001, ""batch_size"": 64, ""max_epochs"": 300, ""min_steps"": 4000, ""max_steps"": 120000, ""patience"": 30, ""lr_patience"": 10, ""min_lr"": 1e-05, ""val_frac"": 0.1, ""max_val"": 5000, ""huber_delta"": 1.0, ""seed"": 1000}, ""n_parameters"": 118346, ""epochs"": [64], ""best_epoch"": [34], ""inner_val_mae_D"": [1.029275822898017], ""train_seconds"": [1.6]}",A
1,300,mean,dev,1.2131859256,1.5382502504603077,1.4352387886414772,-0.022293650501710394,0.22715889999999972,5000,0.0,"{""mean_D"": 2.9302639999999998}",A
1,300,mean,dev_unseen,1.26507452163519,1.6518834435823662,1.5407583621499454,-0.02131091897389492,-0.23861706622041623,4183,0.0,"{""mean_D"": 2.9302639999999998}",A
1,300,ridge,dev,0.6036811605846802,0.9483118762762206,0.8447451043812105,0.6114704514351765,0.05981048217977129,5000,0.1,"{""params"": {""regressor__model__alpha"": 31.622776601683793}, ""tuning"": ""5-fold CV"", ""tuning_mae_D"": 0.6682597374611903}",A
1,300,ridge,dev_unseen,0.9085103820229837,1.2795694441834105,1.210436251466095,0.3871885155153323,0.45420754602242835,4183,0.1,"{""params"": {""regressor__model__alpha"": 31.622776601683793}, ""tuning"": ""5-fold CV"", ""tuning_mae_D"": 0.6682597374611903}",A
1,300,rbf_krr,dev,0.5818070740972854,0.9184267471354648,0.8202563596503607,0.6355728533719871,0.08598852986775896,5000,0.8,"{""params"": {""regressor__model__alpha"": 0.01, ""regressor__model__gamma"": 0.0005319148936170213}, ""tuning"": ""5-fold CV"", ""tuning_mae_D"": 0.6439416317645181}",A
1,300,rbf_krr,dev_unseen,0.9163106224945896,1.274484399765752,1.211326079041886,0.3920494970779219,0.4849628720090445,4183,0.8,"{""params"": {""regressor__model__alpha"": 0.01, ""regressor__model__gamma"": 0.0005319148936170213}, ""tuning"": ""5-fold CV"", ""tuning_mae_D"": 0.6439416317645181}",A
1,300,xgb,dev,0.5780944223495103,0.9172462275982837,0.8056726469331214,0.6365090997864586,0.08985884293308258,5000,94.0,"{""params"": {""max_depth"": 6, ""learning_rate"": 0.02480079299532621, ""min_child_weight"": 5.894938943278639, ""subsample"": 0.5670208486235824, ""colsample_bytree"": 0.5821790905129904, ""reg_lambda"": 0.06513598165269568, ""reg_alpha"": 0.011200911395398852}, ""n_trees"": 480, ""tuning"": ""5-fold CV"", ""tuning_mae_D"": 0.6287301783676148, ""n_trials"": 20}",A
1,300,xgb,dev_unseen,0.8732337180539123,1.2144951547599787,1.1334264218611219,0.44793432263163646,0.2858643718140849,4183,94.0,"{""params"": {""max_depth"": 6, ""learning_rate"": 0.02480079299532621, ""min_child_weight"": 5.894938943278639, ""subsample"": 0.5670208486235824, ""colsample_bytree"": 0.5821790905129904, ""reg_lambda"": 0.06513598165269568, ""reg_alpha"": 0.011200911395398852}, ""n_trees"": 480, ""tuning"": ""5-fold CV"", ""tuning_mae_D"": 0.6287301783676148, ""n_trials"": 20}",A
1,300,charge_linear,dev,0.6051315417167014,1.4025965463125845,1.3032723363960945,0.15006208182787473,0.0632725793959193,5000,0.4,"{""params"": {""hidden"": [], ""message_passing"": 0, ""atomic_dipoles"": true, ""loss"": ""mae"", ""lr"": 0.002, ""weight_decay"": 0.0001, ""batch_size"": 64, ""max_epochs"": 300, ""min_steps"": 4000, ""max_steps"": 120000, ""patience"": 30, ""lr_patience"": 10, ""min_lr"": 1e-05, ""val_frac"": 0.1, ""max_val"": 5000, ""huber_delta"": 1.0, ""seed"": 1000}, ""n_parameters"": 520, ""epochs"": [84], ""best_epoch"": [54], ""inner_val_mae_D"": [0.37331246733071655], ""train_seconds"": [0.4]}",A
1,300,charge_linear,dev_unseen,0.8444732399578332,1.6617797159073382,1.5797207174235788,-0.03358472262386947,0.13145005062197487,4183,0.4,"{""params"": {""hidden"": [], ""message_passing"": 0, ""atomic_dipoles"": true, ""loss"": ""mae"", ""lr"": 0.002, ""weight_decay"": 0.0001, ""batch_size"": 64, ""max_epochs"": 300, ""min_steps"": 4000, ""max_steps"": 120000, ""patience"": 30, ""lr_patience"": 10, ""min_lr"": 1e-05, ""val_frac"": 0.1, ""max_val"": 5000, ""huber_delta"": 1.0, ""seed"": 1000}, ""n_parameters"": 520, ""epochs"": [84], ""best_epoch"": [54], ""inner_val_mae_D"": [0.37331246733071655], ""train_seconds"": [0.4]}",A
1,300,charge_net,dev,1.1670760680255765,2.0292908253652917,1.9675546211921133,-0.7791405500720743,0.03199823623006494,5000,3.1,"{""params"": {""hidden"": [128, 64], ""message_passing"": 3, ""atomic_dipoles"": true, ""loss"": ""mae"", ""lr"": 0.002, ""weight_decay"": 0.0001, ""batch_size"": 64, ""max_epochs"": 300, ""min_steps"": 4000, ""max_steps"": 120000, ""patience"": 30, ""lr_patience"": 10, ""min_lr"": 1e-05, ""val_frac"": 0.1, ""max_val"": 5000, ""huber_delta"": 1.0, ""seed"": 1000}, ""n_parameters"": 118346, ""epochs"": [46], ""best_epoch"": [16], ""inner_val_mae_D"": [1.1308478298574574], ""train_seconds"": [3.0]}",A
1,300,charge_net,dev_unseen,1.5529498206215324,2.3824052172642625,2.3242330211045665,-1.1243713573401206,0.1347570655266293,4183,3.1,"{""params"": {""hidden"": [128, 64], ""message_passing"": 3, ""atomic_dipoles"": true, ""loss"": ""mae"", ""lr"": 0.002, ""weight_decay"": 0.0001, ""batch_size"": 64, ""max_epochs"": 300, ""min_steps"": 4000, ""max_steps"": 120000, ""patience"": 30, ""lr_patience"": 10, ""min_lr"": 1e-05, ""val_frac"": 0.1, ""max_val"": 5000, ""huber_delta"": 1.0, ""seed"": 1000}, ""n_parameters"": 118346, ""epochs"": [46], ""best_epoch"": [16], ""inner_val_mae_D"": [1.1308478298574574], ""train_seconds"": [3.0]}",A
1,1000,mean,dev,1.1949336872799998,1.527369617948452,1.4216019873060621,-0.007882650474796193,0.13507509999999961,5000,0.0,"{""mean_D"": 2.8381801999999996}",A
1,1000,mean,dev_unseen,1.2703127544346164,1.6676761885356617,1.5555134984374743,-0.04093264785678197,-0.3307008662204164,4183,0.0,"{""mean_D"": 2.8381801999999996}",A
1,1000,ridge,dev,0.5059853031072684,0.7503911107745483,0.7032265689026488,0.7567252494938695,0.03533028144055954,5000,0.4,"{""params"": {""regressor__model__alpha"": 10.0}, ""tuning"": ""5-fold CV"", ""tuning_mae_D"": 0.5171752282774059}",A
1,1000,ridge,dev_unseen,0.7389656070701431,1.0148109743283797,0.9620954343317764,0.6145487268410661,0.21945127541487844,4183,0.4,"{""params"": {""regressor__model__alpha"": 10.0}, ""tuning"": ""5-fold CV"", ""tuning_mae_D"": 0.5171752282774059}",A
1,1000,rbf_krr,dev,0.464976682196429,0.7209710954873367,0.6719662192823376,0.7754270820790014,0.044285367195409694,5000,4.9,"{""params"": {""regressor__model__alpha"": 0.01, ""regressor__model__gamma"": 0.0005319148936170213}, ""tuning"": ""5-fold CV"", ""tuning_mae_D"": 0.4788831042888682}",A
1,1000,rbf_krr,dev_unseen,0.7205691797147897,1.0082759185032846,0.9475322103683551,0.6194971064946586,0.17100088473871067,4183,4.9,"{""params"": {""regressor__model__alpha"": 0.01, ""regressor__model__gamma"": 0.0005319148936170213}, ""tuning"": ""5-fold CV"", ""tuning_mae_D"": 0.4788831042888682}",A
1,1000,xgb,dev,0.47645010080650335,0.7784262387845199,0.687316666598121,0.7382078574886011,0.041941904699707024,5000,326.6,"{""params"": {""max_depth"": 4, ""learning_rate"": 0.041112009036050716, ""min_child_weight"": 2.921460320003708, ""subsample"": 0.5035459143015831, ""colsample_bytree"": 0.7520046269024634, ""reg_lambda"": 7.579447236923701, ""reg_alpha"": 2.199261471714223}, ""n_trees"": 955, ""tuning"": ""5-fold CV"", ""tuning_mae_D"": 0.5113833990198136, ""n_trials"": 20}",A
1,1000,xgb,dev_unseen,0.7417338005497727,1.059949990895234,0.9849980714189563,0.5794961995753627,0.0863560754735875,4183,326.6,"{""params"": {""max_depth"": 4, ""learning_rate"": 0.041112009036050716, ""min_child_weight"": 2.921460320003708, ""subsample"": 0.5035459143015831, ""colsample_bytree"": 0.7520046269024634, ""reg_lambda"": 7.579447236923701, ""reg_alpha"": 2.199261471714223}, ""n_trees"": 955, ""tuning"": ""5-fold CV"", ""tuning_mae_D"": 0.5113833990198136, ""n_trials"": 20}",A
1,1000,charge_linear,dev,0.3769828497921311,1.1374255450303636,1.0985888237111783,0.44105686068972483,0.09839344540338131,5000,2.1,"{""params"": {""hidden"": [], ""message_passing"": 0, ""atomic_dipoles"": true, ""loss"": ""mae"", ""lr"": 0.002, ""weight_decay"": 0.0001, ""batch_size"": 64, ""max_epochs"": 300, ""min_steps"": 4000, ""max_steps"": 120000, ""patience"": 30, ""lr_patience"": 10, ""min_lr"": 1e-05, ""val_frac"": 0.1, ""max_val"": 5000, ""huber_delta"": 1.0, ""seed"": 1000}, ""n_parameters"": 520, ""epochs"": [138], ""best_epoch"": [108], ""inner_val_mae_D"": [0.3783478253143901], ""train_seconds"": [2.1]}",A
1,1000,charge_linear,dev_unseen,0.5517996705464641,1.31916601632054,1.274524717047172,0.3486744967523395,0.08250669647316444,4183,2.1,"{""params"": {""hidden"": [], ""message_passing"": 0, ""atomic_dipoles"": true, ""loss"": ""mae"", ""lr"": 0.002, ""weight_decay"": 0.0001, ""batch_size"": 64, ""max_epochs"": 300, ""min_steps"": 4000, ""max_steps"": 120000, ""patience"": 30, ""lr_patience"": 10, ""min_lr"": 1e-05, ""val_frac"": 0.1, ""max_val"": 5000, ""huber_delta"": 1.0, ""seed"": 1000}, ""n_parameters"": 520, ""epochs"": [138], ""best_epoch"": [108], ""inner_val_mae_D"": [0.3783478253143901], ""train_seconds"": [2.1]}",A
1,1000,charge_net,dev,0.28622252142420074,0.5846468831294538,0.47606294534771004,0.8523243293368561,-0.013810869360204049,5000,24.1,"{""params"": {""hidden"": [128, 64], ""message_passing"": 3, ""atomic_dipoles"": true, ""loss"": ""mae"", ""lr"": 0.002, ""weight_decay"": 0.0001, ""batch_size"": 64, ""max_epochs"": 300, ""min_steps"": 4000, ""max_steps"": 120000, ""patience"": 30, ""lr_patience"": 10, ""min_lr"": 1e-05, ""val_frac"": 0.1, ""max_val"": 5000, ""huber_delta"": 1.0, ""seed"": 1000}, ""n_parameters"": 118346, ""epochs"": [122], ""best_epoch"": [92], ""inner_val_mae_D"": [0.3385219610416541], ""train_seconds"": [24.1]}",A
1,1000,charge_net,dev_unseen,0.5138652484866725,0.814890926797738,0.7457821243594146,0.7514589442124692,-0.040453027066720826,4183,24.1,"{""params"": {""hidden"": [128, 64], ""message_passing"": 3, ""atomic_dipoles"": true, ""loss"": ""mae"", ""lr"": 0.002, ""weight_decay"": 0.0001, ""batch_size"": 64, ""max_epochs"": 300, ""min_steps"": 4000, ""max_steps"": 120000, ""patience"": 30, ""lr_patience"": 10, ""min_lr"": 1e-05, ""val_frac"": 0.1, ""max_val"": 5000, ""huber_delta"": 1.0, ""seed"": 1000}, ""n_parameters"": 118346, ""epochs"": [122], ""best_epoch"": [92], ""inner_val_mae_D"": [0.3385219610416541], ""train_seconds"": [24.1]}",A
1,3000,mean,dev,1.1768940433600001,1.52140460836294,1.4124506956606877,-2.5626385287802478e-05,0.007701633333333447,5000,0.0,"{""mean_D"": 2.7108067333333334}",A
1,3000,mean,dev_unseen,1.2846820719898,1.6975314139478668,1.5845408158130623,-0.0785364180732333,-0.45807433288708255,4183,0.0,"{""mean_D"": 2.7108067333333334}",A
1,3000,ridge,dev,0.4750991970993493,0.7372805404209068,0.6767138366913078,0.7651518100681611,0.02684955656728512,5000,2.1,"{""params"": {""regressor__model__alpha"": 10.0}, ""tuning"": ""holdout"", ""tuning_mae_D"": 0.4289728168970392}",A
1,3000,ridge,dev_unseen,0.7058594232202733,0.9839622624862393,0.9134972361130922,0.6376268099911773,0.10850891883700636,4183,2.1,"{""params"": {""regressor__model__alpha"": 10.0}, ""tuning"": ""holdout"", ""tuning_mae_D"": 0.4289728168970392}",A
1,3000,rbf_krr,dev,0.404882987505265,0.6475748448822611,0.5842062833894506,0.8188236046279701,0.03196885000816875,5000,15.5,"{""params"": {""regressor__model__alpha"": 0.01, ""regressor__model__gamma"": 0.0005319148936170213}, ""tuning"": ""holdout"", ""tuning_mae_D"": 0.38203208590664306}",A
1,3000,rbf_krr,dev_unseen,0.6407893871434128,0.9174681533741826,0.8457499006885187,0.6849487763797233,0.10081078308882786,4183,15.5,"{""params"": {""regressor__model__alpha"": 0.01, ""regressor__model__gamma"": 0.0005319148936170213}, ""tuning"": ""holdout"", ""tuning_mae_D"": 0.38203208590664306}",A
1,3000,xgb,dev,0.4027901900580216,0.6768165535136835,0.6010937454748128,0.802091877572817,0.037441475284004204,5000,173.2,"{""params"": {""max_depth"": 5, ""learning_rate"": 0.022921538381733234, ""min_child_weight"": 1.8747481946113305, ""subsample"": 0.9849627066080663, ""colsample_bytree"": 0.6612480098835151, ""reg_lambda"": 0.029071165924758384, ""reg_alpha"": 0.311859531519227}, ""n_trees"": 4418, ""tuning"": ""holdout"", ""tuning_mae_D"": 0.3713901540495555, ""n_trials"": 20}",A
1,3000,xgb,dev_unseen,0.6525754012530767,0.9472415637767064,0.8745355169377607,0.6641690898324072,0.019792411273898847,4183,173.2,"{""params"": {""max_depth"": 5, ""learning_rate"": 0.022921538381733234, ""min_child_weight"": 1.8747481946113305, ""subsample"": 0.9849627066080663, ""colsample_bytree"": 0.6612480098835151, ""reg_lambda"": 0.029071165924758384, ""reg_alpha"": 0.311859531519227}, ""n_trees"": 4418, ""tuning"": ""holdout"", ""tuning_mae_D"": 0.3713901540495555, ""n_trials"": 20}",A
1,3000,charge_linear,dev,0.2755728136223628,0.6605599561434128,0.5464508307038611,0.8114848925502772,-0.0057407503538117795,5000,5.8,"{""params"": {""hidden"": [], ""message_passing"": 0, ""atomic_dipoles"": true, ""loss"": ""mae"", ""lr"": 0.002, ""weight_decay"": 0.0001, ""batch_size"": 64, ""max_epochs"": 300, ""min_steps"": 4000, ""max_steps"": 120000, ""patience"": 30, ""lr_patience"": 10, ""min_lr"": 1e-05, ""val_frac"": 0.1, ""max_val"": 5000, ""huber_delta"": 1.0, ""seed"": 1000}, ""n_parameters"": 520, ""epochs"": [139], ""best_epoch"": [109], ""inner_val_mae_D"": [0.2247031589578008], ""train_seconds"": [5.8]}",A
1,3000,charge_linear,dev_unseen,0.41173194721795175,0.7302142401826194,0.6379721109732669,0.8004279261268556,-0.04985284401558553,4183,5.8,"{""params"": {""hidden"": [], ""message_passing"": 0, ""atomic_dipoles"": true, ""loss"": ""mae"", ""lr"": 0.002, ""weight_decay"": 0.0001, ""batch_size"": 64, ""max_epochs"": 300, ""min_steps"": 4000, ""max_steps"": 120000, ""patience"": 30, ""lr_patience"": 10, ""min_lr"": 1e-05, ""val_frac"": 0.1, ""max_val"": 5000, ""huber_delta"": 1.0, ""seed"": 1000}, ""n_parameters"": 520, ""epochs"": [139], ""best_epoch"": [109], ""inner_val_mae_D"": [0.2247031589578008], ""train_seconds"": [5.8]}",A
1,3000,charge_net,dev,0.18302966633337878,0.4545189888489326,0.281936127055783,0.9107464008330685,-0.008742612664051927,5000,70.0,"{""params"": {""hidden"": [128, 64], ""message_passing"": 3, ""atomic_dipoles"": true, ""loss"": ""mae"", ""lr"": 0.002, ""weight_decay"": 0.0001, ""batch_size"": 64, ""max_epochs"": 300, ""min_steps"": 4000, ""max_steps"": 120000, ""patience"": 30, ""lr_patience"": 10, ""min_lr"": 1e-05, ""val_frac"": 0.1, ""max_val"": 5000, ""huber_delta"": 1.0, ""seed"": 1000}, ""n_parameters"": 118346, ""epochs"": [125], ""best_epoch"": [95], ""inner_val_mae_D"": [0.16916308234703914], ""train_seconds"": [70.0]}",A
1,3000,charge_net,dev_unseen,0.3125863237840562,0.6211872374393672,0.44808835845261574,0.8555743858319235,-0.02871053845322877,4183,70.0,"{""params"": {""hidden"": [128, 64], ""message_passing"": 3, ""atomic_dipoles"": true, ""loss"": ""mae"", ""lr"": 0.002, ""weight_decay"": 0.0001, ""batch_size"": 64, ""max_epochs"": 300, ""min_steps"": 4000, ""max_steps"": 120000, ""patience"": 30, ""lr_patience"": 10, ""min_lr"": 1e-05, ""val_frac"": 0.1, ""max_val"": 5000, ""huber_delta"": 1.0, ""seed"": 1000}, ""n_parameters"": 118346, ""epochs"": [125], ""best_epoch"": [95], ""inner_val_mae_D"": [0.16916308234703914], ""train_seconds"": [70.0]}",A
1,10000,mean,dev,1.17597435634,1.5213853183502113,1.4122470815766957,-2.677336008449771e-07,-0.0007872100000002206,5000,0.0,"{""mean_D"": 2.70231789}",A
1,10000,mean,dev_unseen,1.2858918987162322,1.6998417586042476,1.5868199185316594,-0.08147419760016761,-0.46656317622041615,4183,0.0,"{""mean_D"": 2.70231789}",A
1,10000,ridge,dev,0.4593427134708145,0.7096195907628696,0.6637631586759054,0.7824430969673364,0.008589614915753337,5000,1.0,"{""params"": {""regressor__model__alpha"": 0.001}, ""tuning"": ""holdout"", ""tuning_mae_D"": 0.4496534037390598}",A
1,10000,ridge,dev_unseen,0.6965104850355359,0.9525145938314422,0.9040673951264461,0.6604197286236192,-0.0032476725082471467,4183,1.0,"{""params"": {""regressor__model__alpha"": 0.001}, ""tuning"": ""holdout"", ""tuning_mae_D"": 0.4496534037390598}",A
1,10000,rbf_krr,dev,0.32925778190060917,0.5357652041543131,0.4918564316000266,0.8759860092139108,0.008322172851273004,5000,297.0,"{""params"": {""regressor__model__alpha"": 0.01, ""regressor__model__gamma"": 0.0016820625851959464}, ""tuning"": ""holdout"", ""tuning_mae_D"": 0.3291053818896938}",A
1,10000,rbf_krr,dev_unseen,0.577294263542251,0.8264878642100258,0.7843726967683093,0.7443344948339548,-0.016605161908169578,4183,297.0,"{""params"": {""regressor__model__alpha"": 0.01, ""regressor__model__gamma"": 0.0016820625851959464}, ""tuning"": ""holdout"", ""tuning_mae_D"": 0.3291053818896938}",A
1,10000,xgb,dev,0.33993246118686676,0.5606661043023284,0.5079278935990779,0.8641904604734995,0.01655820726146698,5000,648.6,"{""params"": {""max_depth"": 5, ""learning_rate"": 0.022921538381733234, ""min_child_weight"": 1.8747481946113305, ""subsample"": 0.9849627066080663, ""colsample_bytree"": 0.6612480098835151, ""reg_lambda"": 0.029071165924758384, ""reg_alpha"": 0.311859531519227}, ""n_trees"": 4445, ""tuning"": ""holdout"", ""tuning_mae_D"": 0.3247767312416077, ""n_trials"": 20}",A
1,10000,xgb,dev_unseen,0.5714874452452781,0.8145694912117558,0.7693203138072411,0.7516549807147702,-0.024483166416267618,4183,648.6,"{""params"": {""max_depth"": 5, ""learning_rate"": 0.022921538381733234, ""min_child_weight"": 1.8747481946113305, ""subsample"": 0.9849627066080663, ""colsample_bytree"": 0.6612480098835151, ""reg_lambda"": 0.029071165924758384, ""reg_alpha"": 0.311859531519227}, ""n_trees"": 4445, ""tuning"": ""holdout"", ""tuning_mae_D"": 0.3247767312416077, ""n_trials"": 20}",A
1,10000,charge_linear,dev,0.4261600063201324,0.8872251410217882,0.818000371852009,0.6599135302339383,-0.010409512812885114,5000,22.8,"{""params"": {""hidden"": [], ""message_passing"": 0, ""atomic_dipoles"": true, ""loss"": ""mae"", ""lr"": 0.002, ""weight_decay"": 0.0001, ""batch_size"": 64, ""max_epochs"": 300, ""min_steps"": 4000, ""max_steps"": 120000, ""patience"": 30, ""lr_patience"": 10, ""min_lr"": 1e-05, ""val_frac"": 0.1, ""max_val"": 5000, ""huber_delta"": 1.0, ""seed"": 1000}, ""n_parameters"": 520, ""epochs"": [148], ""best_epoch"": [128], ""inner_val_mae_D"": [0.40205156611807924], ""train_seconds"": [22.7]}",A
1,10000,charge_linear,dev_unseen,0.6212886723073301,1.0484377039363022,0.9883285722332558,0.5885809134489666,-0.08827902180525604,4183,22.8,"{""params"": {""hidden"": [], ""message_passing"": 0, ""atomic_dipoles"": true, ""loss"": ""mae"", ""lr"": 0.002, ""weight_decay"": 0.0001, ""batch_size"": 64, ""max_epochs"": 300, ""min_steps"": 4000, ""max_steps"": 120000, ""patience"": 30, ""lr_patience"": 10, ""min_lr"": 1e-05, ""val_frac"": 0.1, ""max_val"": 5000, ""huber_delta"": 1.0, ""seed"": 1000}, ""n_parameters"": 520, ""epochs"": [148], ""best_epoch"": [128], ""inner_val_mae_D"": [0.40205156611807924], ""train_seconds"": [22.7]}",A
1,10000,charge_net,dev,0.1001733015317324,0.23782394855469358,0.16584349094354242,0.9755638464664749,-0.017252717065366515,5000,271.8,"{""params"": {""hidden"": [128, 64], ""message_passing"": 3, ""atomic_dipoles"": true, ""loss"": ""mae"", ""lr"": 0.002, ""weight_decay"": 0.0001, ""batch_size"": 64, ""max_epochs"": 300, ""min_steps"": 4000, ""max_steps"": 120000, ""patience"": 30, ""lr_patience"": 10, ""min_lr"": 1e-05, ""val_frac"": 0.1, ""max_val"": 5000, ""huber_delta"": 1.0, ""seed"": 1000}, ""n_parameters"": 118346, ""epochs"": [135], ""best_epoch"": [105], ""inner_val_mae_D"": [0.09060870542753506], ""train_seconds"": [271.7]}",A
1,10000,charge_net,dev_unseen,0.1641452302246037,0.3409506381504307,0.26053257998023016,0.9564906906452014,-0.029718666388426584,4183,271.8,"{""params"": {""hidden"": [128, 64], ""message_passing"": 3, ""atomic_dipoles"": true, ""loss"": ""mae"", ""lr"": 0.002, ""weight_decay"": 0.0001, ""batch_size"": 64, ""max_epochs"": 300, ""min_steps"": 4000, ""max_steps"": 120000, ""patience"": 30, ""lr_patience"": 10, ""min_lr"": 1e-05, ""val_frac"": 0.1, ""max_val"": 5000, ""huber_delta"": 1.0, ""seed"": 1000}, ""n_parameters"": 118346, ""epochs"": [135], ""best_epoch"": [105], ""inner_val_mae_D"": [0.09060870542753506], ""train_seconds"": [271.7]}",A
1,30000,mean,dev,1.1765214946240001,1.5213911903288144,1.412362972054939,-7.987002922371644e-06,0.0042996299999994905,5000,0.0,"{""mean_D"": 2.7074047299999995}",A
1,30000,mean,dev_unseen,1.2851643545565385,1.6984525945051623,1.5854491287262689,-0.07970729048664604,-0.4614763362204165,4183,0.0,"{""mean_D"": 2.7074047299999995}",A
1,30000,ridge,dev,0.4467113018000724,0.6791326691208538,0.6299214294393163,0.8007350478960468,0.011041784506954741,5000,4.1,"{""params"": {""regressor__model__alpha"": 0.31622776601683794}, ""tuning"": ""holdout"", ""tuning_mae_D"": 0.4538392065654559}",A
1,30000,ridge,dev_unseen,0.6890376760291534,0.9388574275359757,0.8938174106998861,0.6700877306377799,0.0040519319510569024,4183,4.1,"{""params"": {""regressor__model__alpha"": 0.31622776601683794}, ""tuning"": ""holdout"", ""tuning_mae_D"": 0.4538392065654559}",A
1,30000,xgb,dev,0.2825602816106415,0.46018695220139305,0.4246652137464211,0.9085064926939496,0.012612831938171386,5000,597.6,"{""params"": {""max_depth"": 7, ""learning_rate"": 0.03407064462592137, ""min_child_weight"": 8.585057137362838, ""subsample"": 0.5137795566215342, ""colsample_bytree"": 0.8274591760723646, ""reg_lambda"": 1.4209318626224794, ""reg_alpha"": 0.020841398900843845}, ""n_trees"": 4440, ""tuning"": ""holdout"", ""tuning_mae_D"": 0.2893430249069214, ""n_trials"": 10}",A
1,30000,xgb,dev_unseen,0.5128870665115913,0.7344987902937711,0.7061706718375935,0.7980790671331277,-0.07665651018232526,4183,597.6,"{""params"": {""max_depth"": 7, ""learning_rate"": 0.03407064462592137, ""min_child_weight"": 8.585057137362838, ""subsample"": 0.5137795566215342, ""colsample_bytree"": 0.8274591760723646, ""reg_lambda"": 1.4209318626224794, ""reg_alpha"": 0.020841398900843845}, ""n_trees"": 4440, ""tuning"": ""holdout"", ""tuning_mae_D"": 0.2893430249069214, ""n_trials"": 10}",A
1,30000,charge_linear,dev,0.20675936591423028,0.4316125505215681,0.32120211077754296,0.9195159533997828,-0.04636496446919486,5000,58.3,"{""params"": {""hidden"": [], ""message_passing"": 0, ""atomic_dipoles"": true, ""loss"": ""mae"", ""lr"": 0.002, ""weight_decay"": 0.0001, ""batch_size"": 64, ""max_epochs"": 300, ""min_steps"": 4000, ""max_steps"": 120000, ""patience"": 30, ""lr_patience"": 10, ""min_lr"": 1e-05, ""val_frac"": 0.1, ""max_val"": 5000, ""huber_delta"": 1.0, ""seed"": 1000}, ""n_parameters"": 520, ""epochs"": [133], ""best_epoch"": [123], ""inner_val_mae_D"": [0.21166236403607044], ""train_seconds"": [58.0]}",A
1,30000,charge_linear,dev_unseen,0.34774396900295185,0.5967486556141313,0.5043954209785493,0.8667147555447097,-0.09504488974947968,4183,58.3,"{""params"": {""hidden"": [], ""message_passing"": 0, ""atomic_dipoles"": true, ""loss"": ""mae"", ""lr"": 0.002, ""weight_decay"": 0.0001, ""batch_size"": 64, ""max_epochs"": 300, ""min_steps"": 4000, ""max_steps"": 120000, ""patience"": 30, ""lr_patience"": 10, ""min_lr"": 1e-05, ""val_frac"": 0.1, ""max_val"": 5000, ""huber_delta"": 1.0, ""seed"": 1000}, ""n_parameters"": 520, ""epochs"": [133], ""best_epoch"": [123], ""inner_val_mae_D"": [0.21166236403607044], ""train_seconds"": [58.0]}",A
1,30000,charge_net,dev,0.06403371024949651,0.13374679231613387,0.11185076918867312,0.9922716207733554,-0.004633397432018094,5000,1045.8,"{""params"": {""hidden"": [128, 64], ""message_passing"": 3, ""atomic_dipoles"": true, ""loss"": ""mae"", ""lr"": 0.002, ""weight_decay"": 0.0001, ""batch_size"": 64, ""max_epochs"": 300, ""min_steps"": 4000, ""max_steps"": 120000, ""patience"": 30, ""lr_patience"": 10, ""min_lr"": 1e-05, ""val_frac"": 0.1, ""max_val"": 5000, ""huber_delta"": 1.0, ""seed"": 1000}, ""n_parameters"": 118346, ""epochs"": [175], ""best_epoch"": [145], ""inner_val_mae_D"": [0.06042354270162474], ""train_seconds"": [1045.5]}",A
1,30000,charge_net,dev_unseen,0.10620982301270343,0.2291165530306046,0.168603268347659,0.980352282366407,-0.013007737175135179,4183,1045.8,"{""params"": {""hidden"": [128, 64], ""message_passing"": 3, ""atomic_dipoles"": true, ""loss"": ""mae"", ""lr"": 0.002, ""weight_decay"": 0.0001, ""batch_size"": 64, ""max_epochs"": 300, ""min_steps"": 4000, ""max_steps"": 120000, ""patience"": 30, ""lr_patience"": 10, ""min_lr"": 1e-05, ""val_frac"": 0.1, ""max_val"": 5000, ""huber_delta"": 1.0, ""seed"": 1000}, ""n_parameters"": 118346, ""epochs"": [175], ""best_epoch"": [145], ""inner_val_mae_D"": [0.06042354270162474], ""train_seconds"": [1045.5]}",A
1,99198,mean,dev,1.176405853772455,1.5213885458517364,1.4123371100121638,-4.510584868056e-06,0.0032311386338436535,5000,0.0,"{""mean_D"": 2.7063362386338436}",A
1,99198,mean,dev_unseen,1.285316289269152,1.6987432190937481,1.5857358077946078,-0.0800768225355053,-0.46254482758657234,4183,0.0,"{""mean_D"": 2.7063362386338436}",A
1,99198,ridge,dev,0.4461956127354066,0.6776568079980125,0.6269538250509713,0.8016001744330017,0.0156487881405329,5000,13.2,"{""params"": {""regressor__model__alpha"": 0.0001}, ""tuning"": ""holdout"", ""tuning_mae_D"": 0.44328436014393713}",A
1,99198,ridge,dev_unseen,0.687398547541518,0.9326273062272691,0.8890524568520345,0.6744517027453234,0.0005860815331127703,4183,13.2,"{""params"": {""regressor__model__alpha"": 0.0001}, ""tuning"": ""holdout"", ""tuning_mae_D"": 0.44328436014393713}",A
1,99198,xgb,dev,0.2273331453884125,0.3638726353883141,0.3424771538038495,0.9427967812234156,0.012781567346954346,5000,1647.4,"{""params"": {""max_depth"": 9, ""learning_rate"": 0.09467753599272122, ""min_child_weight"": 2.9950637360677077, ""subsample"": 0.7425954872158176, ""colsample_bytree"": 0.986516039860867, ""reg_lambda"": 70.24716059460062, ""reg_alpha"": 0.7927929200841649}, ""n_trees"": 4213, ""tuning"": ""holdout"", ""tuning_mae_D"": 0.2337680876187134, ""n_trials"": 10}",A
1,99198,xgb,dev_unseen,0.44495064153814895,0.6367265382434453,0.6232195142022917,0.8482582540236847,-0.026946049204403886,4183,1647.4,"{""params"": {""max_depth"": 9, ""learning_rate"": 0.09467753599272122, ""min_child_weight"": 2.9950637360677077, ""subsample"": 0.7425954872158176, ""colsample_bytree"": 0.986516039860867, ""reg_lambda"": 70.24716059460062, ""reg_alpha"": 0.7927929200841649}, ""n_trees"": 4213, ""tuning"": ""holdout"", ""tuning_mae_D"": 0.2337680876187134, ""n_trials"": 10}",A
1,99198,charge_linear,dev,0.22674533664646368,0.4487230893054855,0.33747187485007835,0.9130081616981157,-0.029478801778116497,5000,135.9,"{""params"": {""hidden"": [], ""message_passing"": 0, ""atomic_dipoles"": true, ""loss"": ""mae"", ""lr"": 0.002, ""weight_decay"": 0.0001, ""batch_size"": 64, ""max_epochs"": 300, ""min_steps"": 4000, ""max_steps"": 120000, ""patience"": 30, ""lr_patience"": 10, ""min_lr"": 1e-05, ""val_frac"": 0.1, ""max_val"": 5000, ""huber_delta"": 1.0, ""seed"": 1000}, ""n_parameters"": 520, ""epochs"": [81], ""best_epoch"": [80], ""inner_val_mae_D"": [0.22396223418568498], ""train_seconds"": [135.3]}",A
1,99198,charge_linear,dev_unseen,0.3503079012757724,0.5848165403922102,0.4880817010180974,0.8719916001214064,-0.10418708324332589,4183,135.9,"{""params"": {""hidden"": [], ""message_passing"": 0, ""atomic_dipoles"": true, ""loss"": ""mae"", ""lr"": 0.002, ""weight_decay"": 0.0001, ""batch_size"": 64, ""max_epochs"": 300, ""min_steps"": 4000, ""max_steps"": 120000, ""patience"": 30, ""lr_patience"": 10, ""min_lr"": 1e-05, ""val_frac"": 0.1, ""max_val"": 5000, ""huber_delta"": 1.0, ""seed"": 1000}, ""n_parameters"": 520, ""epochs"": [81], ""best_epoch"": [80], ""inner_val_mae_D"": [0.22396223418568498], ""train_seconds"": [135.3]}",A
1,99198,charge_net,dev,0.04212169876786891,0.08705580115032163,0.07357974892240862,0.9967257102575531,-0.00043096280006188926,5000,1972.9,"{""params"": {""hidden"": [128, 64], ""message_passing"": 3, ""atomic_dipoles"": true, ""loss"": ""mae"", ""lr"": 0.002, ""weight_decay"": 0.0001, ""batch_size"": 64, ""max_epochs"": 300, ""min_steps"": 4000, ""max_steps"": 120000, ""patience"": 30, ""lr_patience"": 10, ""min_lr"": 1e-05, ""val_frac"": 0.1, ""max_val"": 5000, ""huber_delta"": 1.0, ""seed"": 1000}, ""n_parameters"": 118346, ""epochs"": [81], ""best_epoch"": [78], ""inner_val_mae_D"": [0.04085909766532755], ""train_seconds"": [1972.4]}",A
1,99198,charge_net,dev_unseen,0.06611270174976967,0.15012393342200894,0.11919029004658863,0.9915647289148954,-0.007524126106449847,4183,1972.9,"{""params"": {""hidden"": [128, 64], ""message_passing"": 3, ""atomic_dipoles"": true, ""loss"": ""mae"", ""lr"": 0.002, ""weight_decay"": 0.0001, ""batch_size"": 64, ""max_epochs"": 300, ""min_steps"": 4000, ""max_steps"": 120000, ""patience"": 30, ""lr_patience"": 10, ""min_lr"": 1e-05, ""val_frac"": 0.1, ""max_val"": 5000, ""huber_delta"": 1.0, ""seed"": 1000}, ""n_parameters"": 118346, ""epochs"": [81], ""best_epoch"": [78], ""inner_val_mae_D"": [0.04085909766532755], ""train_seconds"": [1972.4]}",A
2,100,mean,dev,1.16512164,1.5302348487353175,1.4182725879339113,-0.011667621747172507,-0.16433509999999957,5000,0.0,"{""mean_D"": 2.5387700000000004}",A
2,100,mean,dev_unseen,1.3169506454697586,1.7518050013238708,1.63871509144388,-0.14860498838435987,-0.6301110662204157,4183,0.0,"{""mean_D"": 2.5387700000000004}",A
2,100,ridge,dev,0.6573506215563745,1.0106113766075528,0.870973499220953,0.5587445929915942,-0.0585921099371284,5000,0.1,"{""params"": {""regressor__model__alpha"": 31.622776601683793}, ""tuning"": ""5-fold CV"", ""tuning_mae_D"": 0.6631474722341727}",A
2,100,ridge,dev_unseen,0.913420483994855,1.2702429947174023,1.1556493820172662,0.396089207068278,0.04186039504462872,4183,0.1,"{""params"": {""regressor__model__alpha"": 31.622776601683793}, ""tuning"": ""5-fold CV"", ""tuning_mae_D"": 0.6631474722341727}",A
2,100,rbf_krr,dev,0.6766910516836051,1.049762570733289,0.9041741651725024,0.5238937941830784,-0.0809444918873831,5000,0.5,"{""params"": {""regressor__model__alpha"": 0.1, ""regressor__model__gamma"": 0.0016820625851959464}, ""tuning"": ""5-fold CV"", ""tuning_mae_D"": 0.6135559285669627}",A
2,100,rbf_krr,dev_unseen,0.9615165724282009,1.3287324178775244,1.2049582361918196,0.33919360683864375,-0.15056823238313935,4183,0.5,"{""params"": {""regressor__model__alpha"": 0.1, ""regressor__model__gamma"": 0.0016820625851959464}, ""tuning"": ""5-fold CV"", ""tuning_mae_D"": 0.6135559285669627}",A
2,100,xgb,dev,0.6610132311135484,1.0457920913720675,0.8915344548278908,0.5274885021245562,-0.1388204183221817,5000,38.2,"{""params"": {""max_depth"": 6, ""learning_rate"": 0.015577729042825918, ""min_child_weight"": 2.2729553868729, ""subsample"": 0.7202522593743488, ""colsample_bytree"": 0.5116123564169064, ""reg_lambda"": 2.8399500785457685, ""reg_alpha"": 0.01385895300684748}, ""n_trees"": 529, ""tuning"": ""5-fold CV"", ""tuning_mae_D"": 0.6135804335098267, ""n_trials"": 20}",A
2,100,xgb,dev_unseen,0.9532957875257926,1.3545233920171855,1.2224114410990536,0.3132918633181313,-0.3594883930884336,4183,38.2,"{""params"": {""max_depth"": 6, ""learning_rate"": 0.015577729042825918, ""min_child_weight"": 2.2729553868729, ""subsample"": 0.7202522593743488, ""colsample_bytree"": 0.5116123564169064, ""reg_lambda"": 2.8399500785457685, ""reg_alpha"": 0.01385895300684748}, ""n_trees"": 529, ""tuning"": ""5-fold CV"", ""tuning_mae_D"": 0.6135804335098267, ""n_trials"": 20}",A
2,100,charge_linear,dev,1.222844295456441,1.876766211155848,1.8208201219609148,-0.5217455003429818,0.03171913008758348,5000,0.1,"{""params"": {""hidden"": [], ""message_passing"": 0, ""atomic_dipoles"": true, ""loss"": ""mae"", ""lr"": 0.002, ""weight_decay"": 0.0001, ""batch_size"": 64, ""max_epochs"": 300, ""min_steps"": 4000, ""max_steps"": 120000, ""patience"": 30, ""lr_patience"": 10, ""min_lr"": 1e-05, ""val_frac"": 0.1, ""max_val"": 5000, ""huber_delta"": 1.0, ""seed"": 2000}, ""n_parameters"": 520, ""epochs"": [42], ""best_epoch"": [12], ""inner_val_mae_D"": [0.9245058036508971], ""train_seconds"": [0.1]}",A
2,100,charge_linear,dev_unseen,1.4451515812334776,2.3293469435690723,2.2625720103998823,-1.0308017669423184,-0.11328527873482944,4183,0.1,"{""params"": {""hidden"": [], ""message_passing"": 0, ""atomic_dipoles"": true, ""loss"": ""mae"", ""lr"": 0.002, ""weight_decay"": 0.0001, ""batch_size"": 64, ""max_epochs"": 300, ""min_steps"": 4000, ""max_steps"": 120000, ""patience"": 30, ""lr_patience"": 10, ""min_lr"": 1e-05, ""val_frac"": 0.1, ""max_val"": 5000, ""huber_delta"": 1.0, ""seed"": 2000}, ""n_parameters"": 520, ""epochs"": [42], ""best_epoch"": [12], ""inner_val_mae_D"": [0.9245058036508971], ""train_seconds"": [0.1]}",A
2,100,charge_net,dev,1.133088564465533,1.569257915713645,1.478445446699506,-0.06392332545965074,-0.5919157485258025,5000,1.2,"{""params"": {""hidden"": [128, 64], ""message_passing"": 3, ""atomic_dipoles"": true, ""loss"": ""mae"", ""lr"": 0.002, ""weight_decay"": 0.0001, ""batch_size"": 64, ""max_epochs"": 300, ""min_steps"": 4000, ""max_steps"": 120000, ""patience"": 30, ""lr_patience"": 10, ""min_lr"": 1e-05, ""val_frac"": 0.1, ""max_val"": 5000, ""huber_delta"": 1.0, ""seed"": 2000}, ""n_parameters"": 118346, ""epochs"": [48], ""best_epoch"": [18], ""inner_val_mae_D"": [1.0359844047140263], ""train_seconds"": [1.2]}",A
2,100,charge_net,dev_unseen,1.398380546819427,1.910144142167093,1.8116674350375217,-0.36562499230709444,-0.7951607514891998,4183,1.2,"{""params"": {""hidden"": [128, 64], ""message_passing"": 3, ""atomic_dipoles"": true, ""loss"": ""mae"", ""lr"": 0.002, ""weight_decay"": 0.0001, ""batch_size"": 64, ""max_epochs"": 300, ""min_steps"": 4000, ""max_steps"": 120000, ""patience"": 30, ""lr_patience"": 10, ""min_lr"": 1e-05, ""val_frac"": 0.1, ""max_val"": 5000, ""huber_delta"": 1.0, ""seed"": 2000}, ""n_parameters"": 118346, ""epochs"": [48], ""best_epoch"": [18], ""inner_val_mae_D"": [1.0359844047140263], ""train_seconds"": [1.2]}",A
2,300,mean,dev,1.176391032,1.5213882605729545,1.4123338467995887,-4.135558984152965e-06,0.0030938999999998032,5000,0.0,"{""mean_D"": 2.706199}",A
2,300,mean,dev_unseen,1.2853358104231412,1.6987805924520953,1.585772677702516,-0.08012434771967247,-0.46268206622041613,4183,0.0,"{""mean_D"": 2.706199}",A
2,300,ridge,dev,0.5879549739797402,0.8939743119582871,0.8125299218767131,0.654719737012913,0.01741464142169841,5000,0.1,"{""params"": {""regressor__model__alpha"": 31.622776601683793}, ""tuning"": ""5-fold CV"", ""tuning_mae_D"": 0.5718788399003781}",A
2,300,ridge,dev_unseen,0.8183255826968782,1.145496787219368,1.0539135782832099,0.5088807861235725,0.0812489808524228,4183,0.1,"{""params"": {""regressor__model__alpha"": 31.622776601683793}, ""tuning"": ""5-fold CV"", ""tuning_mae_D"": 0.5718788399003781}",A
2,300,rbf_krr,dev,0.5567549991985569,0.8825637128243152,0.7933969846301675,0.6634777307517294,0.010370922784657729,5000,0.7,"{""params"": {""regressor__model__alpha"": 0.01, ""regressor__model__gamma"": 0.0005319148936170213}, ""tuning"": ""5-fold CV"", ""tuning_mae_D"": 0.5557272772945427}",A
2,300,rbf_krr,dev_unseen,0.8252919308516823,1.1724317552632857,1.0691432850327665,0.4855131015220312,-0.051875243549149144,4183,0.7,"{""params"": {""regressor__model__alpha"": 0.01, ""regressor__model__gamma"": 0.0005319148936170213}, ""tuning"": ""5-fold CV"", ""tuning_mae_D"": 0.5557272772945427}",A
2,300,xgb,dev,0.5812103572816848,0.927456325110629,0.7974785699790686,0.6283718450261276,-0.039314558088874824,5000,120.3,"{""params"": {""max_depth"": 10, ""learning_rate"": 0.01799794580389003, ""min_child_weight"": 1.9581411586700284, ""subsample"": 0.5906031131154934, ""colsample_bytree"": 0.7226638620837069, ""reg_lambda"": 0.028218337304349524, ""reg_alpha"": 0.0012012765389703044}, ""n_trees"": 569, ""tuning"": ""5-fold CV"", ""tuning_mae_D"": 0.5774965853347779, ""n_trials"": 20}",A
2,300,xgb,dev_unseen,0.8153163648851118,1.1536126044698682,1.0413669006338295,0.5018969977777092,-0.17760987191561617,4183,120.3,"{""params"": {""max_depth"": 10, ""learning_rate"": 0.01799794580389003, ""min_child_weight"": 1.9581411586700284, ""subsample"": 0.5906031131154934, ""colsample_bytree"": 0.7226638620837069, ""reg_lambda"": 0.028218337304349524, ""reg_alpha"": 0.0012012765389703044}, ""n_trees"": 569, ""tuning"": ""5-fold CV"", ""tuning_mae_D"": 0.5774965853347779, ""n_trials"": 20}",A
2,300,charge_linear,dev,0.746093974576714,1.2322798713805574,1.1594804845997446,0.34394479779120335,0.37485333417835004,5000,0.3,"{""params"": {""hidden"": [], ""message_passing"": 0, ""atomic_dipoles"": true, ""loss"": ""mae"", ""lr"": 0.002, ""weight_decay"": 0.0001, ""batch_size"": 64, ""max_epochs"": 300, ""min_steps"": 4000, ""max_steps"": 120000, ""patience"": 30, ""lr_patience"": 10, ""min_lr"": 1e-05, ""val_frac"": 0.1, ""max_val"": 5000, ""huber_delta"": 1.0, ""seed"": 2000}, ""n_parameters"": 520, ""epochs"": [48], ""best_epoch"": [18], ""inner_val_mae_D"": [0.47200104435785356], ""train_seconds"": [0.2]}",A
2,300,charge_linear,dev_unseen,1.0092830680324505,1.5588009461137482,1.4809755587460842,0.09054650615833681,0.39132004297882367,4183,0.3,"{""params"": {""hidden"": [], ""message_passing"": 0, ""atomic_dipoles"": true, ""loss"": ""mae"", ""lr"": 0.002, ""weight_decay"": 0.0001, ""batch_size"": 64, ""max_epochs"": 300, ""min_steps"": 4000, ""max_steps"": 120000, ""patience"": 30, ""lr_patience"": 10, ""min_lr"": 1e-05, ""val_frac"": 0.1, ""max_val"": 5000, ""huber_delta"": 1.0, ""seed"": 2000}, ""n_parameters"": 520, ""epochs"": [48], ""best_epoch"": [18], ""inner_val_mae_D"": [0.47200104435785356], ""train_seconds"": [0.2]}",A
2,300,charge_net,dev,0.4677862261236003,0.7664364280058155,0.6547350439844638,0.746210324301492,0.007114417803577681,5000,4.4,"{""params"": {""hidden"": [128, 64], ""message_passing"": 3, ""atomic_dipoles"": true, ""loss"": ""mae"", ""lr"": 0.002, ""weight_decay"": 0.0001, ""batch_size"": 64, ""max_epochs"": 300, ""min_steps"": 4000, ""max_steps"": 120000, ""patience"": 30, ""lr_patience"": 10, ""min_lr"": 1e-05, ""val_frac"": 0.1, ""max_val"": 5000, ""huber_delta"": 1.0, ""seed"": 2000}, ""n_parameters"": 118346, ""epochs"": [69], ""best_epoch"": [39], ""inner_val_mae_D"": [0.49672733599281127], ""train_seconds"": [4.4]}",A
2,300,charge_net,dev_unseen,0.7045697450603012,1.0603901289715958,0.9496223131944516,0.5791469035480895,-0.018352312989588376,4183,4.4,"{""params"": {""hidden"": [128, 64], ""message_passing"": 3, ""atomic_dipoles"": true, ""loss"": ""mae"", ""lr"": 0.002, ""weight_decay"": 0.0001, ""batch_size"": 64, ""max_epochs"": 300, ""min_steps"": 4000, ""max_steps"": 120000, ""patience"": 30, ""lr_patience"": 10, ""min_lr"": 1e-05, ""val_frac"": 0.1, ""max_val"": 5000, ""huber_delta"": 1.0, ""seed"": 2000}, ""n_parameters"": 118346, ""epochs"": [69], ""best_epoch"": [39], ""inner_val_mae_D"": [0.49672733599281127], ""train_seconds"": [4.4]}",A
2,1000,mean,dev,1.1752944478,1.5214023634203906,1.4121263480155763,-2.2675167169250443e-05,-0.00724460000000023,5000,0.0,"{""mean_D"": 2.6958604999999998}",A
2,1000,mean,dev_unseen,1.2868360816399715,1.7016254767008459,1.5885818002127141,-0.0837450645241884,-0.4730205662204162,4183,0.0,"{""mean_D"": 2.6958604999999998}",A
2,1000,ridge,dev,0.48824594997587517,0.7506766524904142,0.6871727666321118,0.7565400705778337,0.013253683961216024,5000,0.3,"{""params"": {""regressor__model__alpha"": 31.622776601683793}, ""tuning"": ""5-fold CV"", ""tuning_mae_D"": 0.47982454586883927}",A
2,1000,ridge,dev_unseen,0.7296150173455138,1.007938316125267,0.944182460875299,0.6197518724239773,0.05292076693904164,4183,0.3,"{""params"": {""regressor__model__alpha"": 31.622776601683793}, ""tuning"": ""5-fold CV"", ""tuning_mae_D"": 0.47982454586883927}",A
2,1000,rbf_krr,dev,0.45504551243775004,0.7269013227756619,0.6587453922744313,0.7717175143199978,0.0037079995754616193,5000,4.6,"{""params"": {""regressor__model__alpha"": 0.01, ""regressor__model__gamma"": 0.0005319148936170213}, ""tuning"": ""5-fold CV"", ""tuning_mae_D"": 0.4531621874172099}",A
2,1000,rbf_krr,dev_unseen,0.7211866863362505,1.0127120716486482,0.9348552323900132,0.6161415122759506,-0.10958132455704243,4183,4.6,"{""params"": {""regressor__model__alpha"": 0.01, ""regressor__model__gamma"": 0.0005319148936170213}, ""tuning"": ""5-fold CV"", ""tuning_mae_D"": 0.4531621874172099}",A
2,1000,xgb,dev,0.46476359271137246,0.7373825373899583,0.6713028839472087,0.7650868267703331,0.0025431582330703714,5000,497.7,"{""params"": {""max_depth"": 5, ""learning_rate"": 0.011796343661652752, ""min_child_weight"": 2.932005010827617, ""subsample"": 0.8287165074377962, ""colsample_bytree"": 0.6935859639462996, ""reg_lambda"": 0.03983355370476319, ""reg_alpha"": 0.053767910962505126}, ""n_trees"": 1250, ""tuning"": ""5-fold CV"", ""tuning_mae_D"": 0.4584218819221496, ""n_trials"": 20}",A
2,1000,xgb,dev_unseen,0.7109262565958879,0.9985448342434409,0.9341982541553271,0.6268062921093699,-0.06691113465988777,4183,497.7,"{""params"": {""max_depth"": 5, ""learning_rate"": 0.011796343661652752, ""min_child_weight"": 2.932005010827617, ""subsample"": 0.8287165074377962, ""colsample_bytree"": 0.6935859639462996, ""reg_lambda"": 0.03983355370476319, ""reg_alpha"": 0.053767910962505126}, ""n_trees"": 1250, ""tuning"": ""5-fold CV"", ""tuning_mae_D"": 0.4584218819221496, ""n_trials"": 20}",A
2,1000,charge_linear,dev,0.35263803152185,0.7717851558280788,0.7091985184418483,0.7426557215384131,-0.03510233350117656,5000,2.0,"{""params"": {""hidden"": [], ""message_passing"": 0, ""atomic_dipoles"": true, ""loss"": ""mae"", ""lr"": 0.002, ""weight_decay"": 0.0001, ""batch_size"": 64, ""max_epochs"": 300, ""min_steps"": 4000, ""max_steps"": 120000, ""patience"": 30, ""lr_patience"": 10, ""min_lr"": 1e-05, ""val_frac"": 0.1, ""max_val"": 5000, ""huber_delta"": 1.0, ""seed"": 2000}, ""n_parameters"": 520, ""epochs"": [132], ""best_epoch"": [102], ""inner_val_mae_D"": [0.2784522721524969], ""train_seconds"": [2.0]}",A
2,1000,charge_linear,dev_unseen,0.5011256190952096,0.8223573094538427,0.7411009407525903,0.7468835981349156,-0.1464568141367596,4183,2.0,"{""params"": {""hidden"": [], ""message_passing"": 0, ""atomic_dipoles"": true, ""loss"": ""mae"", ""lr"": 0.002, ""weight_decay"": 0.0001, ""batch_size"": 64, ""max_epochs"": 300, ""min_steps"": 4000, ""max_steps"": 120000, ""patience"": 30, ""lr_patience"": 10, ""min_lr"": 1e-05, ""val_frac"": 0.1, ""max_val"": 5000, ""huber_delta"": 1.0, ""seed"": 2000}, ""n_parameters"": 520, ""epochs"": [132], ""best_epoch"": [102], ""inner_val_mae_D"": [0.2784522721524969], ""train_seconds"": [2.0]}",A
2,1000,charge_net,dev,0.28437237207508276,0.5813982436271868,0.4288937321316607,0.8539609142885851,-0.0853852840260399,5000,16.9,"{""params"": {""hidden"": [128, 64], ""message_passing"": 3, ""atomic_dipoles"": true, ""loss"": ""mae"", ""lr"": 0.002, ""weight_decay"": 0.0001, ""batch_size"": 64, ""max_epochs"": 300, ""min_steps"": 4000, ""max_steps"": 120000, ""patience"": 30, ""lr_patience"": 10, ""min_lr"": 1e-05, ""val_frac"": 0.1, ""max_val"": 5000, ""huber_delta"": 1.0, ""seed"": 2000}, ""n_parameters"": 118346, ""epochs"": [89], ""best_epoch"": [59], ""inner_val_mae_D"": [0.24518666654322108], ""train_seconds"": [16.9]}",A
2,1000,charge_net,dev_unseen,0.4948105205542763,0.7999753643434293,0.6860188717386352,0.7604741444709485,-0.1899813511228096,4183,16.9,"{""params"": {""hidden"": [128, 64], ""message_passing"": 3, ""atomic_dipoles"": true, ""loss"": ""mae"", ""lr"": 0.002, ""weight_decay"": 0.0001, ""batch_size"": 64, ""max_epochs"": 300, ""min_steps"": 4000, ""max_steps"": 120000, ""patience"": 30, ""lr_patience"": 10, ""min_lr"": 1e-05, ""val_frac"": 0.1, ""max_val"": 5000, ""huber_delta"": 1.0, ""seed"": 2000}, ""n_parameters"": 118346, ""epochs"": [89], ""best_epoch"": [59], ""inner_val_mae_D"": [0.24518666654322108], ""train_seconds"": [16.9]}",A
2,3000,mean,dev,1.1770264416266667,1.5214111263880454,1.4124834502925974,-3.4195054089858345e-05,0.008896533333333661,5000,0.0,"{""mean_D"": 2.7120016333333337}",A
2,3000,mean,dev_unseen,1.2845127742529283,1.6972093633624343,1.5842233952582427,-0.07812722348215573,-0.4568794328870823,4183,0.0,"{""mean_D"": 2.7120016333333337}",A
2,3000,ridge,dev,0.4730364566189983,0.7325115034923108,0.6718705936872191,0.7681801753035776,0.02427048625053022,5000,0.4,"{""params"": {""regressor__model__alpha"": 31.622776601683793}, ""tuning"": ""holdout"", ""tuning_mae_D"": 0.43004881886675045}",A
2,3000,ridge,dev_unseen,0.7078838003353535,0.9730010191625913,0.9180262679950562,0.6456554441704037,0.09942384206253832,4183,0.4,"{""params"": {""regressor__model__alpha"": 31.622776601683793}, ""tuning"": ""holdout"", ""tuning_mae_D"": 0.43004881886675045}",A
2,3000,rbf_krr,dev,0.4115689071631302,0.6774637368798831,0.61432894266166,0.8017132104681485,0.01575959251362474,5000,13.2,"{""params"": {""regressor__model__alpha"": 0.001, ""regressor__model__gamma"": 0.0005319148936170213}, ""tuning"": ""holdout"", ""tuning_mae_D"": 0.3500661435469972}",A
2,3000,rbf_krr,dev_unseen,0.6581048358833649,0.9307143383302341,0.878597619300351,0.6757858364205317,-0.006295284134048587,4183,13.2,"{""params"": {""regressor__model__alpha"": 0.001, ""regressor__model__gamma"": 0.0005319148936170213}, ""tuning"": ""holdout"", ""tuning_mae_D"": 0.3500661435469972}",A
2,3000,xgb,dev,0.39597441528079985,0.6528923353341521,0.5827868209561373,0.8158359679007471,0.014588894212150573,5000,219.1,"{""params"": {""max_depth"": 6, ""learning_rate"": 0.015577729042825918, ""min_child_weight"": 2.2729553868729, ""subsample"": 0.7202522593743488, ""colsample_bytree"": 0.5116123564169064, ""reg_lambda"": 2.8399500785457685, ""reg_alpha"": 0.01385895300684748}, ""n_trees"": 3732, ""tuning"": ""holdout"", ""tuning_mae_D"": 0.3651021717561086, ""n_trials"": 20}",A
2,3000,xgb,dev_unseen,0.6560747037920404,0.9377902367089507,0.874729320419828,0.6708373210112399,-0.08053042602333874,4183,219.1,"{""params"": {""max_depth"": 6, ""learning_rate"": 0.015577729042825918, ""min_child_weight"": 2.2729553868729, ""subsample"": 0.7202522593743488, ""colsample_bytree"": 0.5116123564169064, ""reg_lambda"": 2.8399500785457685, ""reg_alpha"": 0.01385895300684748}, ""n_trees"": 3732, ""tuning"": ""holdout"", ""tuning_mae_D"": 0.3651021717561086, ""n_trials"": 20}",A
2,3000,charge_linear,dev,0.28134912096963066,0.6312507261538016,0.534987822775015,0.8278426948414133,-0.03431208631554112,5000,4.5,"{""params"": {""hidden"": [], ""message_passing"": 0, ""atomic_dipoles"": true, ""loss"": ""mae"", ""lr"": 0.002, ""weight_decay"": 0.0001, ""batch_size"": 64, ""max_epochs"": 300, ""min_steps"": 4000, ""max_steps"": 120000, ""patience"": 30, ""lr_patience"": 10, ""min_lr"": 1e-05, ""val_frac"": 0.1, ""max_val"": 5000, ""huber_delta"": 1.0, ""seed"": 2000}, ""n_parameters"": 520, ""epochs"": [106], ""best_epoch"": [76], ""inner_val_mae_D"": [0.26704600111957877], ""train_seconds"": [4.5]}",A
2,3000,charge_linear,dev_unseen,0.42315248781841325,0.7184702170554237,0.6230405449811333,0.8067957328443599,-0.1152833535960579,4183,4.5,"{""params"": {""hidden"": [], ""message_passing"": 0, ""atomic_dipoles"": true, ""loss"": ""mae"", ""lr"": 0.002, ""weight_decay"": 0.0001, ""batch_size"": 64, ""max_epochs"": 300, ""min_steps"": 4000, ""max_steps"": 120000, ""patience"": 30, ""lr_patience"": 10, ""min_lr"": 1e-05, ""val_frac"": 0.1, ""max_val"": 5000, ""huber_delta"": 1.0, ""seed"": 2000}, ""n_parameters"": 520, ""epochs"": [106], ""best_epoch"": [76], ""inner_val_mae_D"": [0.26704600111957877], ""train_seconds"": [4.5]}",A
2,3000,charge_net,dev,0.36995929169617864,0.7526723002899988,0.710202000166654,0.7552438904125087,-0.010465326184929522,5000,58.3,"{""params"": {""hidden"": [128, 64], ""message_passing"": 3, ""atomic_dipoles"": true, ""loss"": ""mae"", ""lr"": 0.002, ""weight_decay"": 0.0001, ""batch_size"": 64, ""max_epochs"": 300, ""min_steps"": 4000, ""max_steps"": 120000, ""patience"": 30, ""lr_patience"": 10, ""min_lr"": 1e-05, ""val_frac"": 0.1, ""max_val"": 5000, ""huber_delta"": 1.0, ""seed"": 2000}, ""n_parameters"": 118346, ""epochs"": [105], ""best_epoch"": [75], ""inner_val_mae_D"": [0.35120952553432794], ""train_seconds"": [58.3]}",A
2,3000,charge_net,dev_unseen,0.6093600034202918,1.0575652379712086,0.9956955083656396,0.5813862313551723,-0.01448275672930639,4183,58.3,"{""params"": {""hidden"": [128, 64], ""message_passing"": 3, ""atomic_dipoles"": true, ""loss"": ""mae"", ""lr"": 0.002, ""weight_decay"": 0.0001, ""batch_size"": 64, ""max_epochs"": 300, ""min_steps"": 4000, ""max_steps"": 120000, ""patience"": 30, ""lr_patience"": 10, ""min_lr"": 1e-05, ""val_frac"": 0.1, ""max_val"": 5000, ""huber_delta"": 1.0, ""seed"": 2000}, ""n_parameters"": 118346, ""epochs"": [105], ""best_epoch"": [75], ""inner_val_mae_D"": [0.35120952553432794], ""train_seconds"": [58.3]}",A
2,10000,mean,dev,1.1767096214400001,1.5213970499129015,1.412406472369986,-1.569000818379962e-05,0.006026299999999966,5000,0.0,"{""mean_D"": 2.7091314}",A
2,10000,mean,dev_unseen,1.2849195744202724,1.6979842644970777,1.5849872714959887,-0.07911193726847299,-0.459749666220416,4183,0.0,"{""mean_D"": 2.7091314}",A
2,10000,ridge,dev,0.4510865101952979,0.697737909996233,0.6352730734123652,0.7896675336022735,0.011028073318050358,5000,1.0,"{""params"": {""regressor__model__alpha"": 0.1}, ""tuning"": ""holdout"", ""tuning_mae_D"": 0.4248916068996944}",A
2,10000,ridge,dev_unseen,0.6949833759715487,0.9400825691240847,0.8958138739371283,0.6692261451643259,-0.0017848557618389274,4183,1.0,"{""params"": {""regressor__model__alpha"": 0.1}, ""tuning"": ""holdout"", ""tuning_mae_D"": 0.4248916068996944}",A
2,10000,rbf_krr,dev,0.3354967012543344,0.5440755504204714,0.5026196264315963,0.8721089671886838,0.006858947279762772,5000,274.0,"{""params"": {""regressor__model__alpha"": 0.01, ""regressor__model__gamma"": 0.0016820625851959464}, ""tuning"": ""holdout"", ""tuning_mae_D"": 0.3211671612907862}",A
2,10000,rbf_krr,dev_unseen,0.5673120162084873,0.8039366127080423,0.7658808864023201,0.7580961448687004,-0.07674445605947736,4183,274.0,"{""params"": {""regressor__model__alpha"": 0.01, ""regressor__model__gamma"": 0.0016820625851959464}, ""tuning"": ""holdout"", ""tuning_mae_D"": 0.3211671612907862}",A
2,10000,xgb,dev,0.3364820519026565,0.5623511578332941,0.5046343089163331,0.8633728963817964,0.011012493884468077,5000,579.0,"{""params"": {""max_depth"": 6, ""learning_rate"": 0.015577729042825918, ""min_child_weight"": 2.2729553868729, ""subsample"": 0.7202522593743488, ""colsample_bytree"": 0.5116123564169064, ""reg_lambda"": 2.8399500785457685, ""reg_alpha"": 0.01385895300684748}, ""n_trees"": 4433, ""tuning"": ""holdout"", ""tuning_mae_D"": 0.325346398285675, ""n_trials"": 20}",A
2,10000,xgb,dev_unseen,0.5743529000836526,0.8264500101787904,0.7771830430234016,0.7443579138067109,-0.026504121274033884,4183,579.0,"{""params"": {""max_depth"": 6, ""learning_rate"": 0.015577729042825918, ""min_child_weight"": 2.2729553868729, ""subsample"": 0.7202522593743488, ""colsample_bytree"": 0.5116123564169064, ""reg_lambda"": 2.8399500785457685, ""reg_alpha"": 0.01385895300684748}, ""n_trees"": 4433, ""tuning"": ""holdout"", ""tuning_mae_D"": 0.325346398285675, ""n_trials"": 20}",A
2,10000,charge_linear,dev,0.22505327349893042,0.5488614101083613,0.3582640396709855,0.8698491320918917,-0.0041717978462026215,5000,19.7,"{""params"": {""hidden"": [], ""message_passing"": 0, ""atomic_dipoles"": true, ""loss"": ""mae"", ""lr"": 0.002, ""weight_decay"": 0.0001, ""batch_size"": 64, ""max_epochs"": 300, ""min_steps"": 4000, ""max_steps"": 120000, ""patience"": 30, ""lr_patience"": 10, ""min_lr"": 1e-05, ""val_frac"": 0.1, ""max_val"": 5000, ""huber_delta"": 1.0, ""seed"": 2000}, ""n_parameters"": 520, ""epochs"": [142], ""best_epoch"": [132], ""inner_val_mae_D"": [0.21524445937349798], ""train_seconds"": [19.6]}",A
2,10000,charge_linear,dev_unseen,0.3587556739632084,0.6391819896788004,0.5477145158459292,0.8470856535550425,-0.06416965417050333,4183,19.7,"{""params"": {""hidden"": [], ""message_passing"": 0, ""atomic_dipoles"": true, ""loss"": ""mae"", ""lr"": 0.002, ""weight_decay"": 0.0001, ""batch_size"": 64, ""max_epochs"": 300, ""min_steps"": 4000, ""max_steps"": 120000, ""patience"": 30, ""lr_patience"": 10, ""min_lr"": 1e-05, ""val_frac"": 0.1, ""max_val"": 5000, ""huber_delta"": 1.0, ""seed"": 2000}, ""n_parameters"": 520, ""epochs"": [142], ""best_epoch"": [132], ""inner_val_mae_D"": [0.21524445937349798], ""train_seconds"": [19.6]}",A
2,10000,charge_net,dev,0.09741574595140697,0.20284631848472418,0.15721890214053377,0.9822231038885985,-0.016671953942592178,5000,262.1,"{""params"": {""hidden"": [128, 64], ""message_passing"": 3, ""atomic_dipoles"": true, ""loss"": ""mae"", ""lr"": 0.002, ""weight_decay"": 0.0001, ""batch_size"": 64, ""max_epochs"": 300, ""min_steps"": 4000, ""max_steps"": 120000, ""patience"": 30, ""lr_patience"": 10, ""min_lr"": 1e-05, ""val_frac"": 0.1, ""max_val"": 5000, ""huber_delta"": 1.0, ""seed"": 2000}, ""n_parameters"": 118346, ""epochs"": [140], ""best_epoch"": [110], ""inner_val_mae_D"": [0.0944201045515023], ""train_seconds"": [262.0]}",A
2,10000,charge_net,dev_unseen,0.15937998420030405,0.32731244404610643,0.24773857177013311,0.9599018618027484,-0.030141560702742865,4183,262.1,"{""params"": {""hidden"": [128, 64], ""message_passing"": 3, ""atomic_dipoles"": true, ""loss"": ""mae"", ""lr"": 0.002, ""weight_decay"": 0.0001, ""batch_size"": 64, ""max_epochs"": 300, ""min_steps"": 4000, ""max_steps"": 120000, ""patience"": 30, ""lr_patience"": 10, ""min_lr"": 1e-05, ""val_frac"": 0.1, ""max_val"": 5000, ""huber_delta"": 1.0, ""seed"": 2000}, ""n_parameters"": 118346, ""epochs"": [140], ""best_epoch"": [110], ""inner_val_mae_D"": [0.0944201045515023], ""train_seconds"": [262.0]}",A
2,30000,mean,dev,1.1771661377386666,1.5214189910752591,1.412518976108924,-4.453410885152387e-05,0.010152793333333557,5000,0.0,"{""mean_D"": 2.7132578933333336}",A
2,30000,mean,dev_unseen,1.2843356444720697,1.6968716164051985,1.5838905781273853,-0.07769816862833956,-0.45562317288708243,4183,0.0,"{""mean_D"": 2.7132578933333336}",A
2,30000,ridge,dev,0.44528587524868735,0.6751451761908026,0.6248824576268753,0.8030681265186815,0.0151051949527244,5000,27.3,"{""params"": {""regressor__model__alpha"": 0.01}, ""tuning"": ""holdout"", ""tuning_mae_D"": 0.44145417793899233}",A
2,30000,ridge,dev_unseen,0.6856143530515683,0.927683376257242,0.8887531306634977,0.6778940681193762,0.017943035765875488,4183,27.3,"{""params"": {""regressor__model__alpha"": 0.01}, ""tuning"": ""holdout"", ""tuning_mae_D"": 0.44145417793899233}",A
2,30000,xgb,dev,0.2831947765433883,0.46825530584387226,0.431165577998155,0.9052700978617987,0.01638912142505646,5000,831.4,"{""params"": {""max_depth"": 8, ""learning_rate"": 0.03548587689828447, ""min_child_weight"": 11.905874534129941, ""subsample"": 0.9837179762468383, ""colsample_bytree"": 0.7781453756167376, ""reg_lambda"": 0.3685524752432374, ""reg_alpha"": 0.005610612550712955}, ""n_trees"": 4445, ""tuning"": ""holdout"", ""tuning_mae_D"": 0.28715042634073895, ""n_trials"": 10}",A
2,30000,xgb,dev_unseen,0.5089292723944562,0.7341602357395558,0.7053463859395751,0.7982651681787565,-0.014183554190412931,4183,831.4,"{""params"": {""max_depth"": 8, ""learning_rate"": 0.03548587689828447, ""min_child_weight"": 11.905874534129941, ""subsample"": 0.9837179762468383, ""colsample_bytree"": 0.7781453756167376, ""reg_lambda"": 0.3685524752432374, ""reg_alpha"": 0.005610612550712955}, ""n_trees"": 4445, ""tuning"": ""holdout"", ""tuning_mae_D"": 0.28715042634073895, ""n_trials"": 10}",A
2,30000,charge_linear,dev,0.20760493891419118,0.4374035466542505,0.321326228078082,0.917341736983656,-0.02105076069349816,5000,70.7,"{""params"": {""hidden"": [], ""message_passing"": 0, ""atomic_dipoles"": true, ""loss"": ""mae"", ""lr"": 0.002, ""weight_decay"": 0.0001, ""batch_size"": 64, ""max_epochs"": 300, ""min_steps"": 4000, ""max_steps"": 120000, ""patience"": 30, ""lr_patience"": 10, ""min_lr"": 1e-05, ""val_frac"": 0.1, ""max_val"": 5000, ""huber_delta"": 1.0, ""seed"": 2000}, ""n_parameters"": 520, ""epochs"": [135], ""best_epoch"": [125], ""inner_val_mae_D"": [0.21223764186480415], ""train_seconds"": [70.5]}",A
2,30000,charge_linear,dev_unseen,0.34015636193064147,0.5753374936143834,0.4940378647522523,0.8761076392551085,-0.07462299785979652,4183,70.7,"{""params"": {""hidden"": [], ""message_passing"": 0, ""atomic_dipoles"": true, ""loss"": ""mae"", ""lr"": 0.002, ""weight_decay"": 0.0001, ""batch_size"": 64, ""max_epochs"": 300, ""min_steps"": 4000, ""max_steps"": 120000, ""patience"": 30, ""lr_patience"": 10, ""min_lr"": 1e-05, ""val_frac"": 0.1, ""max_val"": 5000, ""huber_delta"": 1.0, ""seed"": 2000}, ""n_parameters"": 520, ""epochs"": [135], ""best_epoch"": [125], ""inner_val_mae_D"": [0.21223764186480415], ""train_seconds"": [70.5]}",A
2,30000,charge_net,dev,0.06553834756460329,0.12432527835547999,0.10591547460422678,0.9933220901029116,-0.007728207007663027,5000,1238.4,"{""params"": {""hidden"": [128, 64], ""message_passing"": 3, ""atomic_dipoles"": true, ""loss"": ""mae"", ""lr"": 0.002, ""weight_decay"": 0.0001, ""batch_size"": 64, ""max_epochs"": 300, ""min_steps"": 4000, ""max_steps"": 120000, ""patience"": 30, ""lr_patience"": 10, ""min_lr"": 1e-05, ""val_frac"": 0.1, ""max_val"": 5000, ""huber_delta"": 1.0, ""seed"": 2000}, ""n_parameters"": 118346, ""epochs"": [170], ""best_epoch"": [140], ""inner_val_mae_D"": [0.0639637625160317], ""train_seconds"": [1238.1]}",A
2,30000,charge_net,dev_unseen,0.10760212236632001,0.23489330287469423,0.17971836586849171,0.979349030581738,-0.016694730656876954,4183,1238.4,"{""params"": {""hidden"": [128, 64], ""message_passing"": 3, ""atomic_dipoles"": true, ""loss"": ""mae"", ""lr"": 0.002, ""weight_decay"": 0.0001, ""batch_size"": 64, ""max_epochs"": 300, ""min_steps"": 4000, ""max_steps"": 120000, ""patience"": 30, ""lr_patience"": 10, ""min_lr"": 1e-05, ""val_frac"": 0.1, ""max_val"": 5000, ""huber_delta"": 1.0, ""seed"": 2000}, ""n_parameters"": 118346, ""epochs"": [170], ""best_epoch"": [140], ""inner_val_mae_D"": [0.0639637625160317], ""train_seconds"": [1238.1]}",A
2,99198,mean,dev,1.176405853772455,1.5213885458517364,1.4123371100121638,-4.510584868056e-06,0.0032311386338436535,5000,0.0,"{""mean_D"": 2.7063362386338436}",A
2,99198,mean,dev_unseen,1.285316289269152,1.6987432190937481,1.5857358077946078,-0.0800768225355053,-0.46254482758657234,4183,0.0,"{""mean_D"": 2.7063362386338436}",A
2,99198,ridge,dev,0.4461956127354066,0.6776568079980125,0.6269538250509713,0.8016001744330017,0.0156487881405329,5000,41.7,"{""params"": {""regressor__model__alpha"": 0.0001}, ""tuning"": ""holdout"", ""tuning_mae_D"": 0.4394869749835982}",A
2,99198,ridge,dev_unseen,0.687398547541518,0.9326273062272691,0.8890524568520345,0.6744517027453234,0.0005860815331127703,4183,41.7,"{""params"": {""regressor__model__alpha"": 0.0001}, ""tuning"": ""holdout"", ""tuning_mae_D"": 0.4394869749835982}",A
2,99198,xgb,dev,0.22658966144016268,0.36811033700241674,0.3403566915655006,0.9414566324082105,0.009372919404411317,5000,1751.3,"{""params"": {""max_depth"": 8, ""learning_rate"": 0.0281906573731355, ""min_child_weight"": 7.383899199453147, ""subsample"": 0.9456047047502896, ""colsample_bytree"": 0.8428947597308825, ""reg_lambda"": 0.1873209719186111, ""reg_alpha"": 4.975853508419415}, ""n_trees"": 4213, ""tuning"": ""holdout"", ""tuning_mae_D"": 0.23074152946777343, ""n_trials"": 10}",A
2,99198,xgb,dev_unseen,0.43711510105201457,0.6306813247586862,0.6108981563482844,0.8511259110875997,-0.03757264125458281,4183,1751.3,"{""params"": {""max_depth"": 8, ""learning_rate"": 0.0281906573731355, ""min_child_weight"": 7.383899199453147, ""subsample"": 0.9456047047502896, ""colsample_bytree"": 0.8428947597308825, ""reg_lambda"": 0.1873209719186111, ""reg_alpha"": 4.975853508419415}, ""n_trees"": 4213, ""tuning"": ""holdout"", ""tuning_mae_D"": 0.23074152946777343, ""n_trials"": 10}",A
2,99198,charge_linear,dev,0.2339662287903734,0.4587004299438065,0.35635186605717334,0.9090966331373748,0.016538581186303757,5000,144.4,"{""params"": {""hidden"": [], ""message_passing"": 0, ""atomic_dipoles"": true, ""loss"": ""mae"", ""lr"": 0.002, ""weight_decay"": 0.0001, ""batch_size"": 64, ""max_epochs"": 300, ""min_steps"": 4000, ""max_steps"": 120000, ""patience"": 30, ""lr_patience"": 10, ""min_lr"": 1e-05, ""val_frac"": 0.1, ""max_val"": 5000, ""huber_delta"": 1.0, ""seed"": 2000}, ""n_parameters"": 520, ""epochs"": [81], ""best_epoch"": [75], ""inner_val_mae_D"": [0.22259384153819428], ""train_seconds"": [143.8]}",A
2,99198,charge_linear,dev_unseen,0.34834535419990664,0.5846952124135039,0.4982118388666908,0.872044708706016,-0.02562604612062774,4183,144.4,"{""params"": {""hidden"": [], ""message_passing"": 0, ""atomic_dipoles"": true, ""loss"": ""mae"", ""lr"": 0.002, ""weight_decay"": 0.0001, ""batch_size"": 64, ""max_epochs"": 300, ""min_steps"": 4000, ""max_steps"": 120000, ""patience"": 30, ""lr_patience"": 10, ""min_lr"": 1e-05, ""val_frac"": 0.1, ""max_val"": 5000, ""huber_delta"": 1.0, ""seed"": 2000}, ""n_parameters"": 520, ""epochs"": [81], ""best_epoch"": [75], ""inner_val_mae_D"": [0.22259384153819428], ""train_seconds"": [143.8]}",A
2,99198,charge_net,dev,0.044028845674217235,0.0801608487307035,0.06284403278694595,0.9972238285220213,0.0016211330358955791,5000,1996.7,"{""params"": {""hidden"": [128, 64], ""message_passing"": 3, ""atomic_dipoles"": true, ""loss"": ""mae"", ""lr"": 0.002, ""weight_decay"": 0.0001, ""batch_size"": 64, ""max_epochs"": 300, ""min_steps"": 4000, ""max_steps"": 120000, ""patience"": 30, ""lr_patience"": 10, ""min_lr"": 1e-05, ""val_frac"": 0.1, ""max_val"": 5000, ""huber_delta"": 1.0, ""seed"": 2000}, ""n_parameters"": 118346, ""epochs"": [81], ""best_epoch"": [81], ""inner_val_mae_D"": [0.045653962762185134], ""train_seconds"": [1996.0]}",A
2,99198,charge_net,dev_unseen,0.06789239154203132,0.16881854011642122,0.11923413835188958,0.989333069758737,0.0007354491785329873,4183,1996.7,"{""params"": {""hidden"": [128, 64], ""message_passing"": 3, ""atomic_dipoles"": true, ""loss"": ""mae"", ""lr"": 0.002, ""weight_decay"": 0.0001, ""batch_size"": 64, ""max_epochs"": 300, ""min_steps"": 4000, ""max_steps"": 120000, ""patience"": 30, ""lr_patience"": 10, ""min_lr"": 1e-05, ""val_frac"": 0.1, ""max_val"": 5000, ""huber_delta"": 1.0, ""seed"": 2000}, ""n_parameters"": 118346, ""epochs"": [81], ""best_epoch"": [81], ""inner_val_mae_D"": [0.045653962762185134], ""train_seconds"": [1996.0]}",A
