model,mode,seed,n_train,shots,rep,eval_set,mae_D,rmse_D,rmse_below_tail_D,r2,bias_D
qkrr,exact,0,100,inf,0,dev,0.6908219684715283,1.0668562406402307,0.9135424812331013,0.5082623307450356,-0.16089027223581592
qkrr,exact,0,100,inf,0,dev_unseen,0.9289096929546897,1.3110246974292776,1.1886035952823815,0.3566890843600711,-0.36525547168827915
qkrr,test kernel from shots,0,100,100.0,0,dev,0.7188966987279956,1.0922478115361567,0.9415747586093711,0.48457670749169546,-0.15310150696756067
qkrr,training and test kernels from shots,0,100,100.0,0,dev,0.7140528208413964,1.0871445551365395,0.9363309425382628,0.48938183026672655,-0.13640616424936258
qkrr,test kernel from shots,0,100,100.0,0,dev_unseen,0.948764122618998,1.3319490250119896,1.210505067417657,0.33599036243713154,-0.36240195636494577
qkrr,training and test kernels from shots,0,100,100.0,0,dev_unseen,0.9459650078535717,1.3264684779646092,1.2059368259048784,0.34144349772393034,-0.3442662359040947
qkrr,test kernel from shots,0,100,100.0,1,dev,0.7162007289474362,1.0946873216976911,0.9417539720107158,0.4822717643987273,-0.15464547936453577
qkrr,training and test kernels from shots,0,100,100.0,1,dev,0.7145193703709801,1.0916276421716433,0.9390849511132965,0.48516184757647063,-0.140804646365223
qkrr,test kernel from shots,0,100,100.0,1,dev_unseen,0.9459205166063024,1.3315304358230127,1.2119753085174678,0.3364076510502141,-0.35782626780761057
qkrr,training and test kernels from shots,0,100,100.0,1,dev_unseen,0.9401217979060799,1.3237206299398083,1.2054544425499523,0.344169139320997,-0.32387978235936743
qkrr,test kernel from shots,0,100,100.0,2,dev,0.7105123932626579,1.0855416208352118,0.9386148862416208,0.4908864764854438,-0.15360551543617434
qkrr,training and test kernels from shots,0,100,100.0,2,dev,0.7059218791774023,1.0818739000105093,0.9343929813967226,0.49432094962830153,-0.15816666670871685
qkrr,test kernel from shots,0,100,100.0,2,dev_unseen,0.9528080732988843,1.331632313868101,1.216993709925952,0.3363061016214619,-0.3659328288149213
qkrr,training and test kernels from shots,0,100,100.0,2,dev_unseen,0.9475751735496344,1.3227512285922314,1.208265515495381,0.3451293578312018,-0.344205705102852
qkrr,test kernel from shots,0,100,100.0,3,dev,0.7226207457251745,1.0941718125919662,0.9426021428387705,0.48275926575516137,-0.15006775148920967
qkrr,training and test kernels from shots,0,100,100.0,3,dev,0.718138182170924,1.0919060444647504,0.9392938144254374,0.48489921150173865,-0.12369963902450129
qkrr,test kernel from shots,0,100,100.0,3,dev_unseen,0.9535174408553989,1.3325069522947925,1.216664889363687,0.3354339647417319,-0.3663492063180263
qkrr,training and test kernels from shots,0,100,100.0,3,dev_unseen,0.9636694181864571,1.342641692214925,1.2276067455433621,0.3252864497622524,-0.37845637993735437
qkrr,test kernel from shots,0,100,100.0,4,dev,0.7210104700050116,1.096051985003351,0.9466692874623678,0.48098013509655635,-0.1582986501137977
qkrr,training and test kernels from shots,0,100,100.0,4,dev,0.7266880246959987,1.1009588477853613,0.9508033120188362,0.47632258230602265,-0.15988894023806705
qkrr,test kernel from shots,0,100,100.0,4,dev_unseen,0.9518073895919914,1.3345345592989843,1.2138069313872897,0.333409954375525,-0.3622357639701849
qkrr,training and test kernels from shots,0,100,100.0,4,dev_unseen,0.9504162129434206,1.3316673407821296,1.2104625734478849,0.336271185894919,-0.3483296245835445
qkrr,test kernel from shots,0,100,1000.0,0,dev,0.6940988409112723,1.0696772580963134,0.9171401241677507,0.5056583536818868,-0.16096465997485807
qkrr,training and test kernels from shots,0,100,1000.0,0,dev,0.6937343695229016,1.069246790108153,0.9169102896193114,0.5060561473796874,-0.15734949770293502
qkrr,test kernel from shots,0,100,1000.0,0,dev_unseen,0.9309814524094789,1.3119957565353355,1.1904464449825758,0.35573574721106915,-0.36421252883024013
qkrr,training and test kernels from shots,0,100,1000.0,0,dev_unseen,0.9303386622639993,1.3111015737732372,1.1899789037233575,0.35661363674827196,-0.3575223692715585
qkrr,test kernel from shots,0,100,1000.0,1,dev,0.6952402430827755,1.0692984848901224,0.9169571516415191,0.5060083849037926,-0.16084649475440682
qkrr,training and test kernels from shots,0,100,1000.0,1,dev,0.6955207165505929,1.069513175185272,0.9170137009736167,0.5058100009093214,-0.1603781993358258
qkrr,test kernel from shots,0,100,1000.0,1,dev_unseen,0.9327671033058286,1.3161292273930607,1.1936123713714077,0.3516698156033886,-0.3655166174524096
qkrr,training and test kernels from shots,0,100,1000.0,1,dev_unseen,0.9344438602685439,1.3170521702436948,1.1948471193947818,0.3507602065744203,-0.36721663535836085
qkrr,test kernel from shots,0,100,1000.0,2,dev,0.6946377525738691,1.0707399508251874,0.917061312335849,0.5046756381559077,-0.16050318131801505
qkrr,training and test kernels from shots,0,100,1000.0,2,dev,0.6940703266983894,1.0703881267676658,0.9166505568596989,0.5050010923360431,-0.1622176098601125
qkrr,test kernel from shots,0,100,1000.0,2,dev_unseen,0.9316011542651075,1.3142769790992357,1.1922460934197883,0.35349338039413725,-0.3661045453292593
qkrr,training and test kernels from shots,0,100,1000.0,2,dev_unseen,0.9306729301480826,1.3142498541445269,1.1918949612470955,0.35352006621773424,-0.3663407682260835
qkrr,test kernel from shots,0,100,1000.0,3,dev,0.6937834133947347,1.0682698619752582,0.9158034374420747,0.5069583286308101,-0.1597976634412108
qkrr,training and test kernels from shots,0,100,1000.0,3,dev,0.6920955774866802,1.066457938901375,0.9138963707757968,0.5086294343901856,-0.15527990192000599
qkrr,test kernel from shots,0,100,1000.0,3,dev_unseen,0.9334795156329577,1.3168926506813559,1.194964310447268,0.35091746712662397,-0.3654873201415011
qkrr,training and test kernels from shots,0,100,1000.0,3,dev_unseen,0.9345616980061473,1.3177699209301938,1.1959846491153532,0.35005238452559573,-0.36860450221465346
qkrr,test kernel from shots,0,100,1000.0,4,dev,0.6950776898155738,1.0701097696462272,0.9186069170232639,0.5052585102795879,-0.16014280909324308
qkrr,training and test kernels from shots,0,100,1000.0,4,dev,0.6959447200333482,1.0725801531425578,0.920895850654468,0.5029716197349885,-0.17241384506452795
qkrr,test kernel from shots,0,100,1000.0,4,dev_unseen,0.9287536666732624,1.3112282460398854,1.189247688917931,0.35648930901101195,-0.36424240419886367
qkrr,training and test kernels from shots,0,100,1000.0,4,dev_unseen,0.9323476991586274,1.315975964133048,1.1940357519160685,0.3518208029228984,-0.37831989793004694
qkrr,test kernel from shots,0,100,10000.0,0,dev,0.6908075607421496,1.0666508020382948,0.9132174192986505,0.5084516949139442,-0.16049359107451613
qkrr,training and test kernels from shots,0,100,10000.0,0,dev,0.6906340790049701,1.0666739014809261,0.9132669069670785,0.5084304046945043,-0.16122545674695654
qkrr,test kernel from shots,0,100,10000.0,0,dev_unseen,0.9296740754329633,1.3114633553687762,1.1890905520943564,0.3562585193965704,-0.36568147526013245
qkrr,training and test kernels from shots,0,100,10000.0,0,dev_unseen,0.9301596021322605,1.3121175991224536,1.1897935720029715,0.35561607842711807,-0.36623324811653635
qkrr,test kernel from shots,0,100,10000.0,1,dev,0.6911186004177602,1.0667638833616062,0.9136777936655021,0.5083474660901688,-0.1609292910101476
qkrr,training and test kernels from shots,0,100,10000.0,1,dev,0.6911528696895844,1.0670538609843292,0.9139904973444655,0.5080801386856315,-0.16200193060453474
qkrr,test kernel from shots,0,100,10000.0,1,dev_unseen,0.9288726621185515,1.3111660164775958,1.1886530735259133,0.35655038829067687,-0.36546320550366196
qkrr,training and test kernels from shots,0,100,10000.0,1,dev_unseen,0.929480062660113,1.3126434348878206,1.1901364826992706,0.35509949666873963,-0.36896378127868984
qkrr,test kernel from shots,0,100,10000.0,2,dev,0.6906565980085716,1.0660990975130236,0.9134079606623697,0.5089600511445707,-0.16094344900465482
qkrr,training and test kernels from shots,0,100,10000.0,2,dev,0.6905435772276999,1.0661674215513803,0.9134811785907594,0.5088971097023587,-0.16153897878527138
qkrr,test kernel from shots,0,100,10000.0,2,dev_unseen,0.9293217095133159,1.3119572449215617,1.1896273139011488,0.35577356942473726,-0.3646214561343841
qkrr,training and test kernels from shots,0,100,10000.0,2,dev_unseen,0.9295272474270249,1.3122475294104896,1.189924988444548,0.3554884539916917,-0.3658455332153454
qkrr,test kernel from shots,0,100,10000.0,3,dev,0.6908551660028422,1.066853845976764,0.91372974677978,0.5082645382494122,-0.16065920214812873
qkrr,training and test kernels from shots,0,100,10000.0,3,dev,0.6914948546059991,1.0675301741026348,0.9144476149191993,0.5076408728022077,-0.1621000640710894
qkrr,test kernel from shots,0,100,10000.0,3,dev_unseen,0.9293804562430709,1.311269110432307,1.1887831765868877,0.35644919839983347,-0.3644045116861273
qkrr,training and test kernels from shots,0,100,10000.0,3,dev_unseen,0.9304004512056883,1.312579935951358,1.1901143240914542,0.3551618890968895,-0.3667965036541613
qkrr,test kernel from shots,0,100,10000.0,4,dev,0.6913261420057606,1.066722412604914,0.9137200337174589,0.5083856916180682,-0.16067985027212203
qkrr,training and test kernels from shots,0,100,10000.0,4,dev,0.6913871589884156,1.0667749668168667,0.9137207813782033,0.5083372497016008,-0.15878674091391698
qkrr,test kernel from shots,0,100,10000.0,4,dev_unseen,0.9293723058518056,1.3117277869168655,1.189279884132614,0.3559988968658224,-0.36523480497648353
qkrr,training and test kernels from shots,0,100,10000.0,4,dev_unseen,0.9296926631785989,1.312383524223162,1.1899137583785344,0.3553548591221003,-0.3665017253686207
pqk,exact,0,100,inf,0,dev,0.6810535427122478,1.0564736081302366,0.903380659094464,0.5177869280263725,-0.16530799843013547
pqk,exact,0,100,inf,0,dev_unseen,0.9522804825424473,1.3201320663239524,1.2000503760669947,0.3477201917003796,-0.41436150240975655
pqk,features from shots,0,100,100.0,0,dev,0.8191729019402634,1.1978767856818162,1.0608401368902183,0.3800652636122557,-0.27278463478741843
pqk,features from shots,0,100,100.0,0,dev_unseen,1.081553198557899,1.4830530612315023,1.365042825400501,0.17678636782019252,-0.6448545292280473
pqk,features from shots,0,100,100.0,1,dev,0.8290055111369655,1.21473736278598,1.0758152217680788,0.3624908039847675,-0.3282715215525827
pqk,features from shots,0,100,100.0,1,dev_unseen,1.0820364521413508,1.4837284342337895,1.3611425991680723,0.17603642451625257,-0.6470310861671628
pqk,features from shots,0,100,100.0,2,dev,0.8171760919258655,1.1948492814326337,1.0534966225896278,0.38319493988077225,-0.25579396635460705
pqk,features from shots,0,100,100.0,2,dev_unseen,1.0598658780301353,1.4647066968201714,1.3478526536125979,0.19702780176522694,-0.5938663843524512
pqk,features from shots,0,100,100.0,3,dev,0.8422885959674544,1.2255962857489981,1.0913618370483966,0.3510420655115395,-0.31869512999839417
pqk,features from shots,0,100,100.0,3,dev_unseen,1.103997576214676,1.522196655625032,1.4037025962429428,0.13275720357717324,-0.6688546482527783
pqk,features from shots,0,100,100.0,4,dev,0.8251968725733192,1.200728349448035,1.0626066465752626,0.37711022254220905,-0.2612784289603618
pqk,features from shots,0,100,100.0,4,dev_unseen,1.0846414015287758,1.4975996474726727,1.3748059260088585,0.1605581197654372,-0.6389131127183327
pqk,features from shots,0,100,1000.0,0,dev,0.6967087061009335,1.0684771899621153,0.9153865602545589,0.5067669326918781,-0.1640156410141671
pqk,features from shots,0,100,1000.0,0,dev_unseen,0.9622797351071543,1.33913820501241,1.2196047733241833,0.32880304870093346,-0.4346478900563481
pqk,features from shots,0,100,1000.0,1,dev,0.7033739117163798,1.0820354303542772,0.9301832594033026,0.49416993644887386,-0.192431683451774
pqk,features from shots,0,100,1000.0,1,dev_unseen,0.9652276192505264,1.3373230362054258,1.2182304055377435,0.3306213973265516,-0.44302453198104025
pqk,features from shots,0,100,1000.0,2,dev,0.6949158539191611,1.0701627561268652,0.920240991185259,0.5052095148211448,-0.16439316131291742
pqk,features from shots,0,100,1000.0,2,dev_unseen,0.9550961590524647,1.335287405253297,1.21418246208736,0.3326576603776171,-0.4540771132052358
pqk,features from shots,0,100,1000.0,3,dev,0.6946637079907508,1.0702451571258973,0.9185770634457002,0.5051333155706663,-0.16529013064984788
pqk,features from shots,0,100,1000.0,3,dev_unseen,0.9705390419588891,1.339334004378363,1.218880892044334,0.32860675896078384,-0.4336408406626616
pqk,features from shots,0,100,1000.0,4,dev,0.6949118275494175,1.070675678285528,0.9190125486955905,0.5047351013321445,-0.18277110895384585
pqk,features from shots,0,100,1000.0,4,dev_unseen,0.9722474813804984,1.3466206628185073,1.2258987363559646,0.32128144462545205,-0.4545157570860506
pqk,features from shots,0,100,10000.0,0,dev,0.6825951946512463,1.0574300821666391,0.9046413082304349,0.5169133935366139,-0.16743146383430882
pqk,features from shots,0,100,10000.0,0,dev_unseen,0.9552770629946452,1.3223343825574319,1.2024119605572827,0.3455420389335849,-0.4159676138079353
pqk,features from shots,0,100,10000.0,1,dev,0.6831932436076195,1.0583906110155927,0.9056876705848234,0.5160353603158417,-0.164192917172546
pqk,features from shots,0,100,10000.0,1,dev_unseen,0.9527340027118736,1.3202845495839868,1.2001036581878075,0.3475694984502431,-0.4132637706973826
pqk,features from shots,0,100,10000.0,2,dev,0.6819531045857675,1.0571730462055782,0.9047525274952538,0.5171482185918241,-0.16617031292639714
pqk,features from shots,0,100,10000.0,2,dev_unseen,0.9524012766614197,1.3210660999298462,1.201130626857821,0.34679684954568446,-0.41861247277658453
pqk,features from shots,0,100,10000.0,3,dev,0.6837164960035137,1.0597408591867221,0.9062498434334207,0.5147997310529457,-0.16720492879178628
pqk,features from shots,0,100,10000.0,3,dev_unseen,0.9540818256936237,1.3241041431080167,1.2041527859138166,0.3437890648534533,-0.4189898139967584
pqk,features from shots,0,100,10000.0,4,dev,0.6832696470873385,1.0592921554319858,0.9056711228243931,0.5152105203325288,-0.17299837862921597
pqk,features from shots,0,100,10000.0,4,dev_unseen,0.9557832409378433,1.322610453490807,1.2019349463380495,0.3452687409191181,-0.42269951982614634
qridge,exact,0,100,inf,0,dev,0.6711905807240637,1.0538288836832383,0.8968821412430261,0.520198203428849,-0.18683085701691898
qridge,exact,0,100,inf,0,dev_unseen,0.9318407082178954,1.3030626209650704,1.177861824590263,0.36447923056499043,-0.45397325823814544
qridge,features from shots,0,100,100.0,0,dev,0.7624711044630242,1.138775657147674,0.9945117260007295,0.43972915395586976,-0.2042979298114291
qridge,features from shots,0,100,100.0,0,dev_unseen,1.0095324215589,1.400590577199888,1.2792602273087728,0.2657878371300264,-0.537939148545908
qridge,features from shots,0,100,100.0,1,dev,0.753157912990038,1.1292246082504942,0.9858597285681784,0.44908786081022833,-0.1974632691250707
qridge,features from shots,0,100,100.0,1,dev_unseen,0.9837341812649003,1.3656060053191872,1.2440993551196469,0.3020086988593005,-0.476160432901554
qridge,features from shots,0,100,100.0,2,dev,0.7613903634236536,1.1392050075576725,0.9912811430933426,0.439306598620274,-0.20002668197467183
qridge,features from shots,0,100,100.0,2,dev_unseen,1.0021605447382556,1.384691672437394,1.264538843848637,0.28236215232439144,-0.5162743024685236
qridge,features from shots,0,100,100.0,3,dev,0.7609655116528377,1.1374872476330327,0.9884919157812674,0.44099621640044817,-0.22101617100900411
qridge,features from shots,0,100,100.0,3,dev_unseen,1.0101542588345043,1.3942115332398752,1.2744910937824716,0.2724606021547835,-0.5373998151191319
qridge,features from shots,0,100,100.0,4,dev,0.7651933371271104,1.1383746200359017,0.9927765392621093,0.44012370021545666,-0.16765378350784796
qridge,features from shots,0,100,100.0,4,dev_unseen,0.9934086206824959,1.3816810734553167,1.26109849104793,0.2854793387909439,-0.46621943148092077
qridge,features from shots,0,100,1000.0,0,dev,0.6853973223304402,1.0661692454786214,0.9101927430296279,0.508895429409587,-0.20383876574492066
qridge,features from shots,0,100,1000.0,0,dev_unseen,0.9487785851313559,1.3214572479838518,1.1973559664249533,0.3464099847764883,-0.4816816782176849
qridge,features from shots,0,100,1000.0,1,dev,0.6814735356292767,1.0635996504948042,0.9067064798884985,0.5112598178661758,-0.17597057139289451
qridge,features from shots,0,100,1000.0,1,dev_unseen,0.9375519351528944,1.3111413635456013,1.1864807000057267,0.3565745847237607,-0.44701829791174136
qridge,features from shots,0,100,1000.0,2,dev,0.683448051172572,1.0625809356365072,0.9091218917878418,0.512195599383842,-0.19921686175902742
qridge,features from shots,0,100,1000.0,2,dev_unseen,0.9374124873891374,1.3083257119901883,1.1847717297962728,0.3593351055443932,-0.4570475680426538
qridge,features from shots,0,100,1000.0,3,dev,0.680764243271973,1.0622197052293394,0.9067015440255172,0.5125272067458555,-0.18283236874010528
qridge,features from shots,0,100,1000.0,3,dev_unseen,0.9438563108688951,1.3153474490670525,1.1904317468643135,0.3524398007106053,-0.46767926093228446
qridge,features from shots,0,100,1000.0,4,dev,0.6850898435733476,1.0657425013097908,0.911379382609777,0.5092884890861795,-0.1954837623158991
qridge,features from shots,0,100,1000.0,4,dev_unseen,0.9344649816235691,1.308048733585204,1.1836538188810695,0.3596063400778954,-0.444536573959476
qridge,features from shots,0,100,10000.0,0,dev,0.6704646565031589,1.0533475580685607,0.8966052450336797,0.5206363925092237,-0.1863290526059609
qridge,features from shots,0,100,10000.0,0,dev_unseen,0.9335034700787384,1.3053807639261705,1.1800476226393615,0.36221604166247257,-0.45795386630709345
qridge,features from shots,0,100,10000.0,1,dev,0.6730706060201916,1.0560381577397504,0.8993796283383636,0.5181843569726466,-0.1901728565646538
qridge,features from shots,0,100,10000.0,1,dev_unseen,0.9310411332504323,1.3034351585987707,1.1781892070197582,0.36411579561832885,-0.4538238707508067
qridge,features from shots,0,100,10000.0,2,dev,0.6739241502302883,1.05609238368522,0.8995750204202227,0.5181348747084269,-0.18987974373971092
qridge,features from shots,0,100,10000.0,2,dev_unseen,0.9368843268183332,1.3087464817572456,1.1838600612317018,0.35892295165269084,-0.46467218134171995
qridge,features from shots,0,100,10000.0,3,dev,0.6719402245044318,1.0543172856288423,0.8971092439468541,0.5197533675799384,-0.18318693217542284
qridge,features from shots,0,100,10000.0,3,dev_unseen,0.9313671229965758,1.303480920366018,1.1782082947738926,0.3640711448421382,-0.4530477993072111
qridge,features from shots,0,100,10000.0,4,dev,0.6719146696462404,1.0545941555009217,0.897988446974818,0.5195011033245799,-0.18629681212519805
qridge,features from shots,0,100,10000.0,4,dev_unseen,0.934161087165373,1.3059399215375265,1.1807297564559964,0.36166953731106666,-0.4584418955509513
qkrr,exact,0,300,inf,0,dev,0.5728994331579205,0.8755229632463527,0.7767792347778681,0.6688256009150699,-0.04243883539773301
qkrr,exact,0,300,inf,0,dev_unseen,0.8125921409657124,1.139435131324343,1.0645771783825497,0.5140647709018351,-0.10965160757962682
qkrr,test kernel from shots,0,300,100.0,0,dev,2.590428321028575,3.7415777032557593,3.7125487695981723,-5.048270584505291,0.8578494399262357
qkrr,training and test kernels from shots,0,300,100.0,0,dev,2.152719772449704,3.059604858151207,3.015986525408384,-3.0443837626531005,0.5921348732863793
qkrr,test kernel from shots,0,300,100.0,0,dev_unseen,2.8141785207524648,3.969834201603114,3.924016478526934,-4.898531626388492,0.7914582503916726
qkrr,training and test kernels from shots,0,300,100.0,0,dev_unseen,2.4434197700334175,3.39309131335819,3.3624311214517193,-3.309136674347422,0.6647550415592722
qkrr,test kernel from shots,0,300,100.0,1,dev,2.5581213277207753,3.7032451050266872,3.6775839090733538,-4.924975915966757,0.9157196101064342
qkrr,training and test kernels from shots,0,300,100.0,1,dev,2.2803789821181004,3.252807233894157,3.22563217261972,-3.571285317344424,0.9049432146553507
qkrr,test kernel from shots,0,300,100.0,1,dev_unseen,2.8440911135611793,4.09504577951694,4.075040216264496,-5.276487911394204,0.8660153436540258
qkrr,training and test kernels from shots,0,300,100.0,1,dev_unseen,2.6077727972548264,3.633547801060793,3.6146210316333898,-3.941524240516708,1.0121000023256141
qkrr,test kernel from shots,0,300,100.0,2,dev,2.494986333345911,3.6649288775548747,3.63367262282559,-4.80300275200279,0.831009067613873
qkrr,training and test kernels from shots,0,300,100.0,2,dev,2.2063674731498155,3.207402935446002,3.1646548183394185,-3.4445594444914187,0.6298542474108021
qkrr,test kernel from shots,0,300,100.0,2,dev_unseen,2.91408288016839,4.14663290024369,4.120650080413085,-5.435619405994172,0.9318025437737114
qkrr,training and test kernels from shots,0,300,100.0,2,dev_unseen,2.5635682890158358,3.5415003912093743,3.516316088275512,-3.6943315816150353,0.6625983975290569
qkrr,test kernel from shots,0,300,100.0,3,dev,2.61653107190698,3.895445316003688,3.860282010793567,-5.5559540155736995,0.9341522885873427
qkrr,training and test kernels from shots,0,300,100.0,3,dev,2.3725126459211117,3.5363971218829606,3.5093778947936918,-4.403109030261237,0.8441868943964927
qkrr,test kernel from shots,0,300,100.0,3,dev_unseen,2.8939346811447617,4.118917034237945,4.0997489353643415,-5.3498762664906865,0.8341017329512792
qkrr,training and test kernels from shots,0,300,100.0,3,dev_unseen,2.564460008138082,3.597447427387567,3.576965374859916,-3.843821004868359,0.712393600880087
qkrr,test kernel from shots,0,300,100.0,4,dev,2.595940911869627,3.8108807939922675,3.7904464309110337,-5.274402897672604,0.9365240833104299
qkrr,training and test kernels from shots,0,300,100.0,4,dev,2.3698905478331356,3.471286081301855,3.459905054081891,-4.2059799157923194,0.8399110077424013
qkrr,test kernel from shots,0,300,100.0,4,dev_unseen,2.941928749336114,4.094728631807399,4.070682047157185,-5.275515762709885,0.948864574121438
qkrr,training and test kernels from shots,0,300,100.0,4,dev_unseen,2.886785549138789,4.0956273932287255,4.052446211559512,-5.278270919870701,1.2563094745430587
qkrr,test kernel from shots,0,300,1000.0,0,dev,0.9829248690601791,1.340728340489179,1.2857271106607528,0.2233895076831156,0.04798081828660361
qkrr,training and test kernels from shots,0,300,1000.0,0,dev,0.8901749364930304,1.2316636560808367,1.166661665474498,0.34460076918580873,0.05780148811838252
qkrr,test kernel from shots,0,300,1000.0,0,dev_unseen,1.2112721442965284,1.5928397761718789,1.537173431899681,0.05039419924995581,0.0023374972185086613
qkrr,training and test kernels from shots,0,300,1000.0,0,dev_unseen,1.1175612035385294,1.4784604622883224,1.4234325963356877,0.18187699645382016,0.02527070816907693
qkrr,test kernel from shots,0,300,1000.0,1,dev,0.9781088711349581,1.341622124906048,1.2795711292832717,0.2223537218341337,0.053026811722353774
qkrr,training and test kernels from shots,0,300,1000.0,1,dev,0.8782040981935765,1.21952840808351,1.1499037991447596,0.3574520872526886,0.02200943868152698
qkrr,test kernel from shots,0,300,1000.0,1,dev_unseen,1.2388592473577662,1.5911000115500427,1.554745203486675,0.05246746281500969,-0.003492555187077235
qkrr,training and test kernels from shots,0,300,1000.0,1,dev_unseen,1.1475807604409283,1.4894856277771071,1.4473809813572032,0.16962969805255124,-0.053496501905902445
qkrr,test kernel from shots,0,300,1000.0,2,dev,0.9685552208365084,1.321994446902396,1.2574518259291478,0.244940917150952,0.043795405804724026
qkrr,training and test kernels from shots,0,300,1000.0,2,dev,0.9068140379007539,1.2466325628922894,1.1844992519647621,0.32857329915645406,0.040557570639562224
qkrr,test kernel from shots,0,300,1000.0,2,dev_unseen,1.2164807650642806,1.6047295161953354,1.5412002902688688,0.03616463839107331,-0.0036839226484627887
qkrr,training and test kernels from shots,0,300,1000.0,2,dev_unseen,1.1759837918743163,1.5522149319279048,1.494874748333661,0.09821524704169404,0.09382833506290063
qkrr,test kernel from shots,0,300,1000.0,3,dev,0.984934570328497,1.3461766023693869,1.2806819615500622,0.21706492388410015,0.05975160121911066
qkrr,training and test kernels from shots,0,300,1000.0,3,dev,0.9116158551366574,1.2565568487367875,1.1845525758843296,0.31784045923206805,0.017745788317938934
qkrr,test kernel from shots,0,300,1000.0,3,dev_unseen,1.2257218601119482,1.6056521784381825,1.5594574602326106,0.035055977842600394,-0.0031831396961766187
qkrr,training and test kernels from shots,0,300,1000.0,3,dev_unseen,1.1325956778313233,1.4933438319507548,1.4371939502261548,0.16532232184821471,-0.10108696765040937
qkrr,test kernel from shots,0,300,1000.0,4,dev,1.0074889227815622,1.3607554398949524,1.3094325193518586,0.2000150204612543,0.06774243788619083
qkrr,training and test kernels from shots,0,300,1000.0,4,dev,0.9504925167953011,1.3031347295386342,1.256109883099784,0.26633075702040465,0.15557867249600704
qkrr,test kernel from shots,0,300,1000.0,4,dev_unseen,1.203467463991377,1.5702515076823227,1.5246687661271758,0.07713619656965498,-0.01494075709077563
qkrr,training and test kernels from shots,0,300,1000.0,4,dev_unseen,1.1575619076525878,1.5082366891768184,1.4653175818195299,0.14859111768715083,0.0006644143825125012
qkrr,test kernel from shots,0,300,10000.0,0,dev,0.6366723005438023,0.9403932264947991,0.8459151544535226,0.6179320052239456,-0.0262981512061413
qkrr,training and test kernels from shots,0,300,10000.0,0,dev,0.6273193008785954,0.9327726388265161,0.8376095384519724,0.6240991816575014,-0.016823507360397845
qkrr,test kernel from shots,0,300,10000.0,0,dev_unseen,0.8616150216699685,1.1842941332304044,1.1120319213513394,0.4750495286188524,-0.09652685154796055
qkrr,training and test kernels from shots,0,300,10000.0,0,dev_unseen,0.8571097762734758,1.1825427855211648,1.1097439846357586,0.47660098613554314,-0.11764157423080375
qkrr,test kernel from shots,0,300,10000.0,1,dev,0.6358676927325905,0.938955206416381,0.8459955330008099,0.6190996048051527,-0.035938678755584354
qkrr,training and test kernels from shots,0,300,10000.0,1,dev,0.6320568313496939,0.9356840114890655,0.8456950825742588,0.6217489942200989,-0.019204613881245284
qkrr,test kernel from shots,0,300,10000.0,1,dev_unseen,0.8680626748735905,1.1941004790399834,1.1233447401762986,0.4663200100971918,-0.0935133389018205
qkrr,training and test kernels from shots,0,300,10000.0,1,dev_unseen,0.8664870235664683,1.1916347825112796,1.1235814021963875,0.4685217248253025,-0.0648336871657977
qkrr,test kernel from shots,0,300,10000.0,2,dev,0.6291471257292273,0.9337162932574627,0.8381662803495131,0.6233382247267634,-0.03784919179268509
qkrr,training and test kernels from shots,0,300,10000.0,2,dev,0.6170677172046708,0.9233123632946002,0.8266667511167294,0.6316853647712508,-0.03639463791985646
qkrr,test kernel from shots,0,300,10000.0,2,dev_unseen,0.8654956475551644,1.1961925879343824,1.1191044526800558,0.4644483171152145,-0.09120387713460414
qkrr,training and test kernels from shots,0,300,10000.0,2,dev_unseen,0.8526931330820033,1.1826471321942014,1.1055118466639133,0.4765086134010821,-0.08325977986281657
qkrr,test kernel from shots,0,300,10000.0,3,dev,0.6366981417606428,0.939688077307399,0.8483861402552293,0.6185047739737297,-0.031119510067956425
qkrr,training and test kernels from shots,0,300,10000.0,3,dev,0.6298761142479165,0.9327058765439618,0.8410797239206286,0.6241529891932103,-0.03511678588813436
qkrr,test kernel from shots,0,300,10000.0,3,dev_unseen,0.8660968111599143,1.1948618457681661,1.1187323006866507,0.4656392370246776,-0.10650211285736665
qkrr,training and test kernels from shots,0,300,10000.0,3,dev_unseen,0.8589592746750202,1.184644422042701,1.10957416646137,0.4747389445055187,-0.10307642560339914
qkrr,test kernel from shots,0,300,10000.0,4,dev,0.6310869235421896,0.9315997798736959,0.8409279103779173,0.62504389517854,-0.03865344505094881
qkrr,training and test kernels from shots,0,300,10000.0,4,dev,0.6252109433441212,0.9251707996092684,0.8357667291945652,0.6302011906432483,-0.0369742287829373
qkrr,test kernel from shots,0,300,10000.0,4,dev_unseen,0.8761510869915727,1.1993125730449712,1.1274098437157052,0.46165095424198754,-0.09063701128608245
qkrr,training and test kernels from shots,0,300,10000.0,4,dev_unseen,0.8706067142066353,1.1941182327409106,1.1242244474118743,0.4663041406364006,-0.06886875685921569
pqk,exact,0,300,inf,0,dev,0.5789547455501232,0.8775653524681165,0.7845816350542697,0.6672786947170843,-0.03807254406529207
pqk,exact,0,300,inf,0,dev_unseen,0.8166405427044933,1.144482661669721,1.0668598060937855,0.5097499916591823,-0.2038345017624949
pqk,features from shots,0,300,100.0,0,dev,0.7464487748906369,1.0514121159015986,0.9710170929696463,0.5223963589528815,-0.12568832023665819
pqk,features from shots,0,300,100.0,0,dev_unseen,0.9614212600268764,1.300792672149582,1.225553571885162,0.3666914697663004,-0.4147121753543927
pqk,features from shots,0,300,100.0,1,dev,0.7555198170194294,1.0746912808847608,0.9783155711920428,0.5010131217285316,-0.06335263068514162
pqk,features from shots,0,300,100.0,1,dev_unseen,0.9969366182278282,1.3430627816429748,1.2712028220140053,0.32486316587687847,-0.3738346513216639
pqk,features from shots,0,300,100.0,2,dev,0.7614153316141201,1.0741154637265797,0.9905812064714411,0.5015476905618836,-0.13350470912262877
pqk,features from shots,0,300,100.0,2,dev_unseen,0.9996593416013672,1.3449800349958865,1.2689405313877857,0.32293424300652906,-0.46653202639936286
pqk,features from shots,0,300,100.0,3,dev,0.7632504355062629,1.0730192091681003,0.9902663228544157,0.502564623635047,-0.07757606372983405
pqk,features from shots,0,300,100.0,3,dev_unseen,0.9832564562882016,1.3378052417615156,1.2520297287393123,0.3301385876156794,-0.3894835055585084
pqk,features from shots,0,300,100.0,4,dev,0.7530848923441684,1.0678042447204574,0.9846719491725574,0.5073880303151169,-0.09781765521171774
pqk,features from shots,0,300,100.0,4,dev_unseen,0.9734773616431618,1.3264530081160308,1.243479689842503,0.34145885837536327,-0.4016324253778899
pqk,features from shots,0,300,1000.0,0,dev,0.6067435896552598,0.9092682220494712,0.8157197297531272,0.6428047286926781,-0.031739018706054896
pqk,features from shots,0,300,1000.0,0,dev_unseen,0.8389192187261892,1.17291371828351,1.0910983708977433,0.4850900242302917,-0.22252284815751236
pqk,features from shots,0,300,1000.0,1,dev,0.6044816946285954,0.9063469158703951,0.8144769300569278,0.6450962428610787,-0.05130295207503426
pqk,features from shots,0,300,1000.0,1,dev_unseen,0.8371359232539288,1.174683138575626,1.0942181560195066,0.4835352988181163,-0.2630689779893925
pqk,features from shots,0,300,1000.0,2,dev,0.6059125637589848,0.9038344966990751,0.809523943862834,0.6470611221469178,-0.040122634976009604
pqk,features from shots,0,300,1000.0,2,dev_unseen,0.8500647006791099,1.186715663423373,1.1062727871471003,0.4729005979148009,-0.3085615648089467
pqk,features from shots,0,300,1000.0,3,dev,0.6050638629633236,0.9060790288103818,0.812141754508853,0.6453060081771913,-0.0336824718400044
pqk,features from shots,0,300,1000.0,3,dev_unseen,0.8428429776472371,1.170384645651637,1.0936262989818584,0.4873081596945703,-0.24500405643697293
pqk,features from shots,0,300,1000.0,4,dev,0.5974461270857877,0.8941235183248735,0.8011123258338132,0.6546044712562968,-0.03771381845767559
pqk,features from shots,0,300,1000.0,4,dev_unseen,0.8375324548171429,1.1649119512562447,1.0833733208495162,0.4920916226809495,-0.21111800168818673
pqk,features from shots,0,300,10000.0,0,dev,0.5822445525368843,0.8810355810534415,0.7890777081844564,0.6646420776639645,-0.041543701840803415
pqk,features from shots,0,300,10000.0,0,dev_unseen,0.818997706553204,1.1470845812449926,1.0701271217485635,0.5075183438937613,-0.21846040949173068
pqk,features from shots,0,300,10000.0,1,dev,0.5843627989697189,0.8827854915777499,0.7912922670793505,0.6633085806595872,-0.042137789960375954
pqk,features from shots,0,300,10000.0,1,dev_unseen,0.8238233662616634,1.1539245891160421,1.0768681525320054,0.5016275459675095,-0.21960293886257887
pqk,features from shots,0,300,10000.0,2,dev,0.5845221619807061,0.8860484030162129,0.7918777127733535,0.6608150540193767,-0.03619933215850964
pqk,features from shots,0,300,10000.0,2,dev_unseen,0.8236060365683071,1.153033981591977,1.0747815223872212,0.5023965441785455,-0.2186409918875217
pqk,features from shots,0,300,10000.0,3,dev,0.5802640019254491,0.8775729618416145,0.7838834274110308,0.6672729246359111,-0.03557303700120332
pqk,features from shots,0,300,10000.0,3,dev_unseen,0.8144216378553472,1.1413851415690481,1.0620199023398584,0.5124001048158283,-0.18901781370899756
pqk,features from shots,0,300,10000.0,4,dev,0.5805604063551393,0.8806087222520302,0.7873039435659615,0.6649669585334425,-0.04375447750884496
pqk,features from shots,0,300,10000.0,4,dev_unseen,0.819250335777662,1.1448236208657974,1.0665824294525657,0.5094578419335563,-0.203689003566498
qridge,exact,0,300,inf,0,dev,0.5847631883033477,0.8775531285097753,0.7945667712208322,0.6672879638684632,-0.04712927596339824
qridge,exact,0,300,inf,0,dev_unseen,0.822298276676252,1.1487007420411477,1.0762175348821545,0.5061296228481144,-0.278303828445267
qridge,features from shots,0,300,100.0,0,dev,0.7106183920044677,1.0184851728960578,0.9343067208601029,0.5518420588842863,-0.03816961610841937
qridge,features from shots,0,300,100.0,0,dev_unseen,0.9545390693090424,1.2968544420068253,1.2234378759139433,0.3705204261458186,-0.41317284971981016
qridge,features from shots,0,300,100.0,1,dev,0.7225832988483426,1.0354003380967025,0.9458461728529036,0.5368322850184062,-0.0771613151500055
qridge,features from shots,0,300,100.0,1,dev_unseen,0.9706359237973,1.3211203693300204,1.2410207566719937,0.3467431812677836,-0.4478652198176652
qridge,features from shots,0,300,100.0,2,dev,0.7086592743934425,1.02233900253081,0.9248818719075619,0.5484440870343699,-0.08449842406182063
qridge,features from shots,0,300,100.0,2,dev_unseen,0.9590177822048742,1.3087950874294207,1.2225736988807012,0.3588753327136338,-0.44982764405230735
qridge,features from shots,0,300,100.0,3,dev,0.7127645340596753,1.0291573992238416,0.932905999731098,0.5424007794521728,-0.11741454278177971
qridge,features from shots,0,300,100.0,3,dev_unseen,0.9593547152207347,1.3084577713517458,1.2220781456034722,0.3592057645613105,-0.41911124446950954
qridge,features from shots,0,300,100.0,4,dev,0.7211420212171482,1.0283046290492839,0.9423756275671732,0.5431588079024038,-0.11106690488786701
qridge,features from shots,0,300,100.0,4,dev_unseen,0.9699931572336251,1.3213327515302344,1.2377121790165775,0.34653313035106026,-0.4574348076382256
qridge,features from shots,0,300,1000.0,0,dev,0.6095825114531632,0.9049324214224818,0.8212236757372688,0.6462031427767907,-0.03994359856257766
qridge,features from shots,0,300,1000.0,0,dev_unseen,0.8456924908740555,1.1776402382843731,1.1039962334926874,0.48093177133013754,-0.3050419401649996
qridge,features from shots,0,300,1000.0,1,dev,0.6032706652847867,0.8946794733943989,0.8116361286626725,0.6541748122875524,-0.035410490979192216
qridge,features from shots,0,300,1000.0,1,dev_unseen,0.8430386082524541,1.1750426138330303,1.1019184499393317,0.4832191545193406,-0.3019305466714479
qridge,features from shots,0,300,1000.0,2,dev,0.6100267534536682,0.904285851153846,0.8220498004128282,0.6467085347851821,-0.061554581139340474
qridge,features from shots,0,300,1000.0,2,dev_unseen,0.8506322485940578,1.1817044606880034,1.1077077149542436,0.4773428161438731,-0.35393540233477705
qridge,features from shots,0,300,1000.0,3,dev,0.6043077456539626,0.902166903968834,0.8191417995349572,0.648362279290507,-0.06788756801021803
qridge,features from shots,0,300,1000.0,3,dev_unseen,0.8510199873459823,1.1831596457281965,1.1078931987006024,0.47605479324136823,-0.35316606304313003
qridge,features from shots,0,300,1000.0,4,dev,0.605163612348049,0.9011984730997602,0.8204594377577636,0.6491168049716833,-0.06873247751853151
qridge,features from shots,0,300,1000.0,4,dev_unseen,0.8513626886085849,1.1848548985238363,1.109819302898046,0.4745522810345635,-0.33578735555592604
qridge,features from shots,0,300,10000.0,0,dev,0.5890432026351724,0.8818532717386994,0.798623314328991,0.6640192962308091,-0.05127661307914141
qridge,features from shots,0,300,10000.0,0,dev_unseen,0.8280079683266837,1.1538473801359237,1.0810678774795712,0.5016942358395349,-0.28995381888204924
qridge,features from shots,0,300,10000.0,1,dev,0.5877266961443727,0.883508840830843,0.7999621792134617,0.6627565886549636,-0.05361535983932847
qridge,features from shots,0,300,10000.0,1,dev_unseen,0.8273404724496163,1.1574132282502831,1.0840696805259717,0.4986095500520803,-0.3011266193083993
qridge,features from shots,0,300,10000.0,2,dev,0.5880045315889659,0.8805401881550756,0.7976656394525201,0.6650191049473493,-0.04650791569368399
qridge,features from shots,0,300,10000.0,2,dev_unseen,0.8246273862011113,1.1522509625919135,1.0798291736473729,0.5030721542088299,-0.2841930979147691
qridge,features from shots,0,300,10000.0,3,dev,0.5871215470515748,0.8808170380118494,0.7976371868168082,0.6648084297433707,-0.05296031608096371
qridge,features from shots,0,300,10000.0,3,dev_unseen,0.8236682482349422,1.151340796816199,1.0786693100690112,0.5038568931272414,-0.2873631688613673
qridge,features from shots,0,300,10000.0,4,dev,0.5876165977119541,0.880238038231984,0.7981449225227721,0.6652489572302929,-0.043240500269531024
qridge,features from shots,0,300,10000.0,4,dev_unseen,0.8239948752746843,1.1517830053708076,1.0795606427134323,0.5034757012850727,-0.27721765262070336
qkrr,exact,0,1000,inf,0,dev,0.5028652953122701,0.7843160187605223,0.7167747308662878,0.7342312923437695,-0.009189578475952953
qkrr,exact,0,1000,inf,0,dev_unseen,0.7410039313974798,1.0489233861183667,0.980229228691381,0.5881996505444018,-0.13248870408339053
qkrr,test kernel from shots,0,1000,100.0,0,dev,6.213122204742961,10.847244903324562,10.83036821998892,-49.834735185064524,4.0840202394015686
qkrr,training and test kernels from shots,0,1000,100.0,0,dev,4.836867171140347,8.170241676870456,8.112717640183153,-27.83974930434182,2.889491048120802
qkrr,test kernel from shots,0,1000,100.0,0,dev_unseen,6.89540554737358,12.005740947948976,11.904952003330708,-52.948218857460546,4.335715501797118
qkrr,training and test kernels from shots,0,1000,100.0,0,dev_unseen,5.654610031776523,9.20202049573452,9.175528691057915,-30.69316172402897,3.4255342661299277
qkrr,test kernel from shots,0,1000,100.0,1,dev,6.357538679737174,11.150935655223428,11.046591351581414,-52.72102544387365,4.172510843825179
qkrr,training and test kernels from shots,0,1000,100.0,1,dev,4.657527668533306,7.759348625239615,7.619602277151506,-25.011907711992958,2.507479198411931
qkrr,test kernel from shots,0,1000,100.0,1,dev_unseen,6.595143168042216,11.259282256324818,11.257816506285609,-46.448292390108115,4.031934708534936
qkrr,training and test kernels from shots,0,1000,100.0,1,dev_unseen,4.764412113084477,7.738487401044289,7.734021787504518,-21.41358538907603,2.2007701592930617
qkrr,test kernel from shots,0,1000,100.0,2,dev,6.234046509497317,10.823245524124342,10.819902574834257,-49.61004173004511,4.025801017515179
qkrr,training and test kernels from shots,0,1000,100.0,2,dev,4.728924351865522,8.020757033302022,7.95497646548149,-26.794085938927285,2.6943404929918864
qkrr,test kernel from shots,0,1000,100.0,2,dev_unseen,6.505320339221405,10.979822812317126,10.985646026393407,-44.12215548483337,3.8861033475967997
qkrr,training and test kernels from shots,0,1000,100.0,2,dev_unseen,5.380151898174868,8.764668021261985,8.760921757772438,-27.752136150103766,3.154182458714197
qkrr,test kernel from shots,0,1000,100.0,3,dev,6.1524442453871835,10.837929091454015,10.836690389779223,-49.74745708269394,3.982040366135944
qkrr,training and test kernels from shots,0,1000,100.0,3,dev,4.687800916587628,7.913187937912487,7.78507630825259,-26.053573251498015,2.6485173811938436
qkrr,test kernel from shots,0,1000,100.0,3,dev_unseen,6.793069752191826,11.535677363628745,11.512408827507967,-48.806425697263556,4.240838095644496
qkrr,training and test kernels from shots,0,1000,100.0,3,dev_unseen,5.025232883795903,8.135821121741174,8.060174011195274,-23.774332218525256,2.5756849476995716
qkrr,test kernel from shots,0,1000,100.0,4,dev,6.381890850671607,11.174954888108921,11.180644843962348,-52.95270600621453,4.240422099464539
qkrr,training and test kernels from shots,0,1000,100.0,4,dev,5.2442124731708315,8.932273668123496,8.863395067389321,-33.47035178419096,3.208241974464868
qkrr,test kernel from shots,0,1000,100.0,4,dev_unseen,6.4409447860145335,11.10549162689984,11.109447152632438,-45.160951511103825,3.806107977738432
qkrr,training and test kernels from shots,0,1000,100.0,4,dev_unseen,5.3888548296052425,8.829218171678123,8.827727502191903,-28.177203954030666,3.0636569292342126
qkrr,test kernel from shots,0,1000,1000.0,0,dev,1.8644873011696095,2.591561982451586,2.555111056249456,-1.9016489903843197,0.5061029240363486
qkrr,training and test kernels from shots,0,1000,1000.0,0,dev,1.5035500616574817,2.068027433556945,2.0247823267030554,-0.8477119418570016,0.27011061528246505
qkrr,test kernel from shots,0,1000,1000.0,0,dev_unseen,2.060485526967225,2.762986008369884,2.7472924542888375,-1.8573046347070115,0.3555709880813764
qkrr,training and test kernels from shots,0,1000,1000.0,0,dev_unseen,1.7049156558261158,2.261477770748011,2.2425814089501332,-0.9141846121503887,0.19013487038556964
qkrr,test kernel from shots,0,1000,1000.0,1,dev,1.8789536610018702,2.5974309652963528,2.5681062574309985,-1.9148063151599137,0.5229513960233567
qkrr,training and test kernels from shots,0,1000,1000.0,1,dev,1.548814119227354,2.1039629186767104,2.066363509482467,-0.9124841170669378,0.3148617130561715
qkrr,test kernel from shots,0,1000,1000.0,1,dev_unseen,2.05726061122505,2.747345867356413,2.722344179421359,-1.8250481085185086,0.3688040300479646
qkrr,training and test kernels from shots,0,1000,1000.0,1,dev_unseen,1.742165436248824,2.3115009630733865,2.287226062474161,-0.9998035349721617,0.3109698706250283
qkrr,test kernel from shots,0,1000,1000.0,2,dev,1.8430103877585755,2.5285023559453066,2.488048690776069,-1.7621572518987083,0.4528351335997474
qkrr,training and test kernels from shots,0,1000,1000.0,2,dev,1.5256446989705603,2.0689220581348455,2.0146628822969928,-0.849310920703553,0.26988587853157275
qkrr,test kernel from shots,0,1000,1000.0,2,dev_unseen,2.0706860450278484,2.7572372803564664,2.733582433595861,-1.84542706519293,0.3233528673254992
qkrr,training and test kernels from shots,0,1000,1000.0,2,dev_unseen,1.7257827738921765,2.269417368205838,2.2416831550670393,-0.9276488467291206,0.12437928748804701
qkrr,test kernel from shots,0,1000,1000.0,3,dev,1.8478911794192354,2.597621043383463,2.566904032910814,-1.9152329375327382,0.4710597136729917
qkrr,training and test kernels from shots,0,1000,1000.0,3,dev,1.5415772204361722,2.106734552831833,2.075938491216356,-0.9175262189677622,0.32702139820365944
qkrr,test kernel from shots,0,1000,1000.0,3,dev_unseen,2.046858045395635,2.7739999199472694,2.738173791801863,-1.8801298130533972,0.357707441608834
qkrr,training and test kernels from shots,0,1000,1000.0,3,dev_unseen,1.7517887074411442,2.3142035207997553,2.268625869441192,-1.004482524116987,0.22368255757488303
qkrr,test kernel from shots,0,1000,1000.0,4,dev,1.8713393442731672,2.5890207191580714,2.5558196825178072,-1.8959611166224484,0.4789596434591622
qkrr,training and test kernels from shots,0,1000,1000.0,4,dev,1.5803660758400306,2.1354419036300363,2.097553630689071,-0.9701404854537707,0.3381911697711105
qkrr,test kernel from shots,0,1000,1000.0,4,dev_unseen,2.0490780431391027,2.7702661566596234,2.742800359928604,-1.8723818057766053,0.38769982629413036
qkrr,training and test kernels from shots,0,1000,1000.0,4,dev_unseen,1.7395409245611266,2.308801871213692,2.274956769516547,-0.9951360032131233,0.1944280199337793
qkrr,test kernel from shots,0,1000,10000.0,0,dev,0.7727138820574136,1.0745270214246405,1.0148554559727998,0.5011656437651654,0.03566929317084821
qkrr,training and test kernels from shots,0,1000,10000.0,0,dev,0.7222588141675307,1.0129413583481848,0.9532492958378399,0.5567076038268488,0.05770318709481915
qkrr,test kernel from shots,0,1000,10000.0,0,dev_unseen,0.9881137880571312,1.3098335112412207,1.2548959349462072,0.3578575672277423,-0.08454206172310573
qkrr,training and test kernels from shots,0,1000,10000.0,0,dev_unseen,0.9359665470529698,1.250493120498238,1.1915155335511958,0.4147225549412892,-0.03533867070171382
qkrr,test kernel from shots,0,1000,10000.0,1,dev,0.7775728444202308,1.0768358538625205,1.0207564074309652,0.49901965343921606,0.03309311445514939
qkrr,training and test kernels from shots,0,1000,10000.0,1,dev,0.7203159726790928,1.016762940753476,0.9595804237856533,0.5533564244492637,0.04942807753029865
qkrr,test kernel from shots,0,1000,10000.0,1,dev_unseen,0.9767671130732677,1.2971537625803078,1.2376061963171858,0.37022981846519876,-0.06008729033637227
qkrr,training and test kernels from shots,0,1000,10000.0,1,dev_unseen,0.9272784228684033,1.2424064369557217,1.1800179005238305,0.4222678182998787,-0.012312453502980143
qkrr,test kernel from shots,0,1000,10000.0,2,dev,0.764213547142183,1.0562649135670394,1.0103014644914814,0.5179774208242325,0.0310861385583635
qkrr,training and test kernels from shots,0,1000,10000.0,2,dev,0.7165229945221728,1.0034400274545086,0.9563141482216964,0.5649847151664332,0.018753750667608263
qkrr,test kernel from shots,0,1000,10000.0,2,dev_unseen,0.9596174953760249,1.266501125080533,1.2197282482932694,0.39964195577202677,-0.10633750135637962
qkrr,training and test kernels from shots,0,1000,10000.0,2,dev_unseen,0.9204554445088228,1.223015529834102,1.173190179097696,0.4401610407716996,-0.08103599087277535
qkrr,test kernel from shots,0,1000,10000.0,3,dev,0.7836842450482432,1.0810586720788222,1.0401841242085232,0.4950827544313757,0.05361544793640928
qkrr,training and test kernels from shots,0,1000,10000.0,3,dev,0.7357728268005007,1.0320727294709937,0.9863971008852007,0.539804592787466,0.06768570294206855
qkrr,test kernel from shots,0,1000,10000.0,3,dev_unseen,0.9714523515276652,1.2892869180915698,1.2411734906989336,0.3778453857908268,-0.08389342540968141
qkrr,training and test kernels from shots,0,1000,10000.0,3,dev_unseen,0.9253890716043907,1.240982849798549,1.1878410116042184,0.4235910260592004,-0.07987670097958438
qkrr,test kernel from shots,0,1000,10000.0,4,dev,0.7728814814357262,1.060248673135631,1.0154158371732027,0.5143346164049037,0.04080820307739039
qkrr,training and test kernels from shots,0,1000,10000.0,4,dev,0.7254115502746954,1.0056861590757764,0.9533529122615644,0.5630350317819741,0.030071685073127286
qkrr,test kernel from shots,0,1000,10000.0,4,dev_unseen,0.9937781773625448,1.3016845564687824,1.2509373202388128,0.36582272011988637,-0.07832876694773676
qkrr,training and test kernels from shots,0,1000,10000.0,4,dev_unseen,0.9485603273814828,1.2522079383980544,1.1994304602728678,0.4131162567889042,-0.07204403966433141
pqk,exact,0,1000,inf,0,dev,0.5061865266575254,0.7885408544666899,0.7190672151200725,0.7313603749013435,-0.02146151765168807
pqk,exact,0,1000,inf,0,dev_unseen,0.754480263633722,1.0633896886081993,0.9931195229387967,0.5767625746385407,-0.16840704103294596
pqk,features from shots,0,1000,100.0,0,dev,0.7387274727017717,1.0324253286593212,0.9629741990410973,0.5394900950963756,-0.06484527693217518
pqk,features from shots,0,1000,100.0,0,dev_unseen,0.964344803945053,1.310735345830216,1.2264808615882516,0.3569730187527864,-0.39900269260378013
pqk,features from shots,0,1000,100.0,1,dev,0.7245621184868709,1.0125312678762046,0.9444549633258308,0.5570664660404039,-0.04903598515345379
pqk,features from shots,0,1000,100.0,1,dev_unseen,0.9539229475023263,1.3038205534869929,1.2249236030977084,0.3637397082457665,-0.36350038756393177
pqk,features from shots,0,1000,100.0,2,dev,0.7331101036290006,1.0241645842936786,0.9566326226387891,0.5468299683186518,-0.0243299103663807
pqk,features from shots,0,1000,100.0,2,dev_unseen,0.9604403036337973,1.2962171831110483,1.2162983251654451,0.3711389117477183,-0.32723748796531055
pqk,features from shots,0,1000,100.0,3,dev,0.7315388740973454,1.0295002473223296,0.9564856703420848,0.5420958442595332,-0.07503562346670899
pqk,features from shots,0,1000,100.0,3,dev_unseen,0.969171974543727,1.3130487244584854,1.2335758099179133,0.35470119840818803,-0.3744581789467454
pqk,features from shots,0,1000,100.0,4,dev,0.7426663826442024,1.0387316431547606,0.9682764976774201,0.5338470916605018,-0.059842476520627734
pqk,features from shots,0,1000,100.0,4,dev_unseen,0.961514221503538,1.3082991778163537,1.2247232687307246,0.35936109194997956,-0.3940892657768382
pqk,features from shots,0,1000,1000.0,0,dev,0.5629036656631023,0.839911247219322,0.773312973495331,0.6952185939337546,-0.023992767359679753
pqk,features from shots,0,1000,1000.0,0,dev_unseen,0.8029292214380248,1.1179726508091046,1.0499777172070621,0.5321985827826775,-0.3051519346369026
pqk,features from shots,0,1000,1000.0,1,dev,0.5571851488632672,0.8395083802866001,0.7704195036014071,0.6955109031583935,-0.04083206751504259
pqk,features from shots,0,1000,1000.0,1,dev_unseen,0.8185792628143439,1.1371873291658443,1.060838486799159,0.5159801214678619,-0.3095081872081684
pqk,features from shots,0,1000,1000.0,2,dev,0.5554476431032552,0.8316790854246091,0.7681247622400124,0.7011637796090309,-0.014916957259040776
pqk,features from shots,0,1000,1000.0,2,dev_unseen,0.7926146877059075,1.1087133241506397,1.0324797726180373,0.5399153882761546,-0.2463027593308534
pqk,features from shots,0,1000,1000.0,3,dev,0.5588471514756318,0.8365239459479353,0.766680071493145,0.6976719595191516,-0.025373502071241755
pqk,features from shots,0,1000,1000.0,3,dev_unseen,0.8137019592396605,1.1312447296223407,1.0580778305103513,0.5210255890010747,-0.28343395147457373
pqk,features from shots,0,1000,1000.0,4,dev,0.5524585268984529,0.8308935846521567,0.7641396281219395,0.7017280001955309,-0.02928036431271532
pqk,features from shots,0,1000,1000.0,4,dev_unseen,0.7957974313419183,1.111577765145541,1.0401517381195644,0.5375349935969229,-0.26856009571797324
pqk,features from shots,0,1000,10000.0,0,dev,0.5128715187740334,0.7949647166719402,0.7247398776065304,0.7269655913877022,-0.025877593293409957
pqk,features from shots,0,1000,10000.0,0,dev_unseen,0.7623076602250005,1.0720381059937587,1.0025633532728542,0.5698503044340323,-0.21756879827263217
pqk,features from shots,0,1000,10000.0,1,dev,0.5153494018002408,0.7960799323170237,0.7273522593142236,0.7261990018370058,-0.025788522863658965
pqk,features from shots,0,1000,10000.0,1,dev_unseen,0.7613895360695272,1.0730918904918787,1.0023018341681622,0.5690042377466307,-0.21660706750482753
pqk,features from shots,0,1000,10000.0,2,dev,0.5163504029056021,0.7963293719767911,0.7269878978737555,0.7260273921155592,-0.026817156976169428
pqk,features from shots,0,1000,10000.0,2,dev_unseen,0.7572797832827222,1.0636221810479813,0.9930918787547777,0.5765774867833743,-0.19446183123040178
pqk,features from shots,0,1000,10000.0,3,dev,0.5155941689705967,0.7972123759416708,0.7284070563533814,0.7254194702366384,-0.025390357979218868
pqk,features from shots,0,1000,10000.0,3,dev_unseen,0.7645183034814585,1.0736023296452983,1.0041672943614344,0.5685941154875171,-0.19133666901911148
pqk,features from shots,0,1000,10000.0,4,dev,0.5143043974776051,0.7962448060125211,0.7256066458915661,0.7260855779074812,-0.016916092560420468
pqk,features from shots,0,1000,10000.0,4,dev_unseen,0.7662414746004867,1.0760952070497423,1.0051944486162983,0.5665883624699806,-0.21344238167834287
qridge,exact,0,1000,inf,0,dev,0.5380765506435752,0.8175779374691732,0.7459845615313657,0.7112114293199352,-0.002801682691721413
qridge,exact,0,1000,inf,0,dev_unseen,0.7874864833677133,1.1136462483045888,1.0351004636319538,0.5358122331125821,-0.3071856511914735
qridge,features from shots,0,1000,100.0,0,dev,0.6752242194044257,0.9667304806780662,0.8840291542583293,0.5962314405693496,-0.027435520751635665
qridge,features from shots,0,1000,100.0,0,dev_unseen,0.9326940951696197,1.279101080343419,1.1997367830137342,0.38763705109469193,-0.40704356717566026
qridge,features from shots,0,1000,100.0,1,dev,0.6793160374463763,0.9712286798061881,0.893175148691349,0.592465226753281,-0.039239224451371575
qridge,features from shots,0,1000,100.0,1,dev_unseen,0.9153906384285759,1.2614602206494108,1.1743378180933843,0.4044115130338102,-0.39409412115510967
qridge,features from shots,0,1000,100.0,2,dev,0.6694200265941394,0.9599305629577239,0.8832820550071958,0.6018916258597058,-0.0183496542597832
qridge,features from shots,0,1000,100.0,2,dev_unseen,0.9197142914577597,1.2669668802588738,1.1828119876873788,0.3992003118169519,-0.4006120980724238
qridge,features from shots,0,1000,100.0,3,dev,0.661355008833316,0.9480479359277268,0.874894709145067,0.6116866974951748,-0.015699909435033528
qridge,features from shots,0,1000,100.0,3,dev_unseen,0.9078940128504958,1.2492292997896717,1.1687404894437343,0.41590498762898587,-0.3714530476511258
qridge,features from shots,0,1000,100.0,4,dev,0.6710465844099062,0.9577020667066377,0.8825911055038806,0.6037379119302613,-0.05471278704526144
qridge,features from shots,0,1000,100.0,4,dev_unseen,0.9168914456474281,1.2636630369429653,1.1810648108089548,0.40232961221293684,-0.41550019630572066
qridge,features from shots,0,1000,1000.0,0,dev,0.5561665660667509,0.8339140468757771,0.7613881292198607,0.6995555034180354,0.0002167987920894177
qridge,features from shots,0,1000,1000.0,0,dev_unseen,0.803051325375079,1.1387298617192458,1.0582108853804673,0.5146661377957233,-0.3411749487915686
qridge,features from shots,0,1000,1000.0,1,dev,0.5645746312304891,0.8453080654091442,0.7757466710068561,0.6912892875884011,-0.007375392519924913
qridge,features from shots,0,1000,1000.0,1,dev_unseen,0.8135150948973232,1.151027029330036,1.0688279502079425,0.5041272776450019,-0.3471375010455082
qridge,features from shots,0,1000,1000.0,2,dev,0.5573209343372475,0.8401303939335394,0.7661538313290498,0.695059528181361,-0.004652013867567154
qridge,features from shots,0,1000,1000.0,2,dev_unseen,0.8137191995528384,1.150311397441268,1.069254897756832,0.5047436871800947,-0.3496403991445755
qridge,features from shots,0,1000,1000.0,3,dev,0.5571878813288047,0.8389099672466506,0.764614289939408,0.6959448364207017,-0.009629778872115628
qridge,features from shots,0,1000,1000.0,3,dev_unseen,0.8117963268979955,1.1514625408027335,1.0719490331820996,0.5037519621921125,-0.36471859775061316
qridge,features from shots,0,1000,1000.0,4,dev,0.5541438644403889,0.8359717590083282,0.7629880236168998,0.6980709594459715,-4.397922314000198e-05
qridge,features from shots,0,1000,1000.0,4,dev_unseen,0.8082752386390667,1.1477001969002871,1.0681403406346845,0.5069895933947253,-0.3589469191730755
qridge,features from shots,0,1000,10000.0,0,dev,0.5427419412170142,0.8221623705909381,0.7505371349480089,0.7079636808366074,-0.002921922368058813
qridge,features from shots,0,1000,10000.0,0,dev_unseen,0.7901472483200478,1.1176300758390765,1.039524129853088,0.5324852311241511,-0.3095022626779574
qridge,features from shots,0,1000,10000.0,1,dev,0.5410872622538194,0.821415202308679,0.7498703240097238,0.7084942357105652,0.0008315314929344027
qridge,features from shots,0,1000,10000.0,1,dev_unseen,0.7880235510273816,1.1147999333362106,1.0357445217753487,0.5348499816446083,-0.30858070216860023
qridge,features from shots,0,1000,10000.0,2,dev,0.5386207331685556,0.8180210379068996,0.7457995805929637,0.7108983166198248,-0.0023109568855376496
qridge,features from shots,0,1000,10000.0,2,dev_unseen,0.7906957778981542,1.1195539914092811,1.040382022254931,0.5308742631700085,-0.31874730832134035
qridge,features from shots,0,1000,10000.0,3,dev,0.538383854828927,0.8193445561469542,0.7464655920391822,0.7099620549030872,-0.009700696622161217
qridge,features from shots,0,1000,10000.0,3,dev_unseen,0.7905916304977998,1.1196786375974614,1.0404803857256366,0.530769796586921,-0.32571427261016284
qridge,features from shots,0,1000,10000.0,4,dev,0.5444468639356799,0.8239504961098115,0.7528121938741307,0.7066919966081338,-0.002854774921299446
qridge,features from shots,0,1000,10000.0,4,dev_unseen,0.7950663775733209,1.1257287578731934,1.0477003009868675,0.5256851785764979,-0.3233801816583745
qkrr,exact,1,100,inf,0,dev,0.8101113982311609,1.1633231922847538,1.0590603230554243,0.4153143336291365,0.06363354052913034
qkrr,exact,1,100,inf,0,dev_unseen,1.076922770364219,1.4689250090113595,1.3986787177388813,0.19239606911812768,0.46185723214946284
qkrr,test kernel from shots,1,100,100.0,0,dev,1.6010411909152733,2.1919446307156254,2.1340880362094903,-1.0757776591415027,0.3959079386929227
qkrr,training and test kernels from shots,1,100,100.0,0,dev,1.5976822084991715,2.2033095027515546,2.158875442067364,-1.0973585920985678,0.3956163461091642
qkrr,test kernel from shots,1,100,100.0,0,dev_unseen,1.9238132085555504,2.5604864686074373,2.5270697654128367,-1.4538281505036483,0.7517815272804257
qkrr,training and test kernels from shots,1,100,100.0,0,dev_unseen,2.0917963658967067,2.869758025246243,2.8491441156417032,-2.0824052265918507,1.09010166799947
qkrr,test kernel from shots,1,100,100.0,1,dev,1.5924565715142849,2.1553341493748195,2.0979093578886303,-1.0070162759011425,0.30607942434226076
qkrr,training and test kernels from shots,1,100,100.0,1,dev,1.5212710925476451,2.072219287568725,2.0105660423323783,-0.8552100904991948,0.27098116216286466
qkrr,test kernel from shots,1,100,100.0,1,dev_unseen,1.9179875611583543,2.562455909585179,2.521945123949764,-1.4576044081293502,0.710286156546871
qkrr,training and test kernels from shots,1,100,100.0,1,dev_unseen,1.8921995824405315,2.5307433868040032,2.491989678263321,-1.39715102127243,0.7906274167688396
qkrr,test kernel from shots,1,100,100.0,2,dev,1.6193894565782785,2.1987248546427645,2.150740212427856,-1.0886393023541023,0.36538684503698343
qkrr,training and test kernels from shots,1,100,100.0,2,dev,1.67438106448268,2.2946841854386393,2.250829235390394,-1.274927285043424,0.3859751286953505
qkrr,test kernel from shots,1,100,100.0,2,dev_unseen,1.9684143055252823,2.6343793410784593,2.603479475660864,-1.597501447276085,0.7559688733668217
qkrr,training and test kernels from shots,1,100,100.0,2,dev_unseen,2.075492935364258,2.8172805771852016,2.7884390378212145,-1.9707039702198377,0.9440300177675832
qkrr,test kernel from shots,1,100,100.0,3,dev,1.6124012184152343,2.1841636785629666,2.126407095454494,-1.061066649454229,0.3518543574784485
qkrr,training and test kernels from shots,1,100,100.0,3,dev,1.5490172657002108,2.123344482766962,2.067982002646132,-0.9478817585348178,0.2850794514362745
qkrr,test kernel from shots,1,100,100.0,3,dev_unseen,1.9357576169723782,2.550319918839139,2.5043886808057474,-1.4343807215229019,0.6771298034061768
qkrr,training and test kernels from shots,1,100,100.0,3,dev_unseen,1.9476823879307177,2.5659582296360575,2.5247099404605238,-1.4643270208611603,0.8317888660081866
qkrr,test kernel from shots,1,100,100.0,4,dev,1.6225493696511344,2.218898110116248,2.173227631726364,-1.1271415701057625,0.37141614377713583
qkrr,training and test kernels from shots,1,100,100.0,4,dev,1.4394377423402525,1.958383652397944,1.8925224872985609,-0.6569798413106969,0.22260237295450688
qkrr,test kernel from shots,1,100,100.0,4,dev_unseen,1.9565474995998677,2.614469696676425,2.5776960067555748,-1.5583879400631542,0.7649887559461345
qkrr,training and test kernels from shots,1,100,100.0,4,dev_unseen,1.8145025975443654,2.420547091043093,2.384746969042906,-1.1929374613546377,0.7413482938287765
qkrr,test kernel from shots,1,100,1000.0,0,dev,0.9263868960671043,1.2977972597199166,1.2073452915991116,0.27232847585689834,0.10244750825906954
qkrr,training and test kernels from shots,1,100,1000.0,0,dev,0.9134833465026689,1.2812055000519342,1.1820650930428598,0.2908154540799587,0.13546061988116828
qkrr,test kernel from shots,1,100,1000.0,0,dev_unseen,1.2059866185903245,1.6180715704631987,1.5517445635964173,0.02007095777107515,0.4922397402450142
qkrr,training and test kernels from shots,1,100,1000.0,0,dev_unseen,1.1439311157668741,1.5441139607413565,1.4701827009428652,0.10760346896428086,0.407074282262784
qkrr,test kernel from shots,1,100,1000.0,1,dev,0.9151378151702325,1.2797393794981693,1.1861005051149283,0.2924376062344798,0.09125892796950365
qkrr,training and test kernels from shots,1,100,1000.0,1,dev,0.9551014795380619,1.3293623217055732,1.2422711869292915,0.23650111855892297,0.15093350070437508
qkrr,test kernel from shots,1,100,1000.0,1,dev_unseen,1.202448299848226,1.6113278810123481,1.5498404241813575,0.02822210061832442,0.48565169678566084
qkrr,training and test kernels from shots,1,100,1000.0,1,dev_unseen,1.2257305857292469,1.6397236810190523,1.5791027928237285,-0.006330213601788648,0.5193029310528482
qkrr,test kernel from shots,1,100,1000.0,2,dev,0.9217554007455785,1.3026838293009195,1.2049181317110715,0.26683838588819586,0.09835482017283655
qkrr,training and test kernels from shots,1,100,1000.0,2,dev,0.9065885447992634,1.2818364690264337,1.1780309431614169,0.29011676268085296,0.04306747489067223
qkrr,test kernel from shots,1,100,1000.0,2,dev_unseen,1.1973606512054464,1.604513397616123,1.543854230777553,0.036424231924005346,0.5073724924151705
qkrr,training and test kernels from shots,1,100,1000.0,2,dev_unseen,1.1639285225685236,1.5517584507044289,1.4851172972597082,0.0987455695755215,0.42293631366122736
qkrr,test kernel from shots,1,100,1000.0,3,dev,0.925184041863304,1.2923247462517589,1.1982179347419615,0.27845238495096203,0.0902292911300169
qkrr,training and test kernels from shots,1,100,1000.0,3,dev,0.9525444108076534,1.3165702587028014,1.2259146798757476,0.2511242720348488,0.09871036317770487
qkrr,test kernel from shots,1,100,1000.0,3,dev_unseen,1.2086285166254107,1.6231873121737956,1.5583701686748506,0.013864818697843728,0.5019302222956296
qkrr,training and test kernels from shots,1,100,1000.0,3,dev_unseen,1.208315632448916,1.6193586969165206,1.5529467690690233,0.018511330526510994,0.47658051912539157
qkrr,test kernel from shots,1,100,1000.0,4,dev,0.9289788192635742,1.2936372902474063,1.2110470943141995,0.2769859672681724,0.1028785401831223
qkrr,training and test kernels from shots,1,100,1000.0,4,dev,0.9568038486216089,1.3291061141050005,1.247699720593636,0.23679538801868694,0.12414754408858664
qkrr,test kernel from shots,1,100,1000.0,4,dev_unseen,1.1980568826782072,1.6134560270846674,1.5405528878941537,0.0256534725368599,0.4676644216851487
qkrr,training and test kernels from shots,1,100,1000.0,4,dev_unseen,1.2309710386575046,1.6491218099590512,1.578301703853125,-0.01789889989081317,0.5124476418814796
qkrr,test kernel from shots,1,100,10000.0,0,dev,0.8216203726638669,1.173666329854575,1.0693701894001078,0.40487120227098905,0.06152135745270029
qkrr,training and test kernels from shots,1,100,10000.0,0,dev,0.8203367216979081,1.1738893354326392,1.0700260051949544,0.4046450227397025,0.05517082521630459
qkrr,test kernel from shots,1,100,10000.0,0,dev_unseen,1.0888057878037014,1.4852780158425793,1.416260403711681,0.17431445773680987,0.4677182694727981
qkrr,training and test kernels from shots,1,100,10000.0,0,dev_unseen,1.090829920672778,1.4898786070665881,1.4211519339199017,0.16919147780742683,0.4795293424632344
qkrr,test kernel from shots,1,100,10000.0,1,dev,0.8252713395406356,1.178146213415702,1.076806124826819,0.4003193191413462,0.06210986076531598
qkrr,training and test kernels from shots,1,100,10000.0,1,dev,0.8292870922296224,1.1831002455256105,1.0830493603042612,0.3952654753847603,0.0615131623225162
qkrr,test kernel from shots,1,100,10000.0,1,dev_unseen,1.090371512353028,1.4877238036548284,1.4154112028241495,0.17159292773810275,0.4677691825969964
qkrr,training and test kernels from shots,1,100,10000.0,1,dev_unseen,1.0916815255504175,1.491324792929165,1.4199742985696293,0.16757780718017268,0.47077933830478663
qkrr,test kernel from shots,1,100,10000.0,2,dev,0.8194260715961241,1.1762641933678775,1.073254281261805,0.40223369887717864,0.0637800331472433
qkrr,training and test kernels from shots,1,100,10000.0,2,dev,0.8275019530527705,1.183739368075902,1.0814717111816725,0.39461193166601305,0.06814009804365749
qkrr,test kernel from shots,1,100,10000.0,2,dev_unseen,1.087756400569118,1.4851337314167055,1.4146338027760752,0.17447486915695976,0.4634268324970513
qkrr,training and test kernels from shots,1,100,10000.0,2,dev_unseen,1.0941816670506266,1.4938381216819825,1.423387268636807,0.16476968169106476,0.45872816602456956
qkrr,test kernel from shots,1,100,10000.0,3,dev,0.820214140160456,1.1742521143453626,1.0731768196776208,0.4042769887208165,0.0665717745939011
qkrr,training and test kernels from shots,1,100,10000.0,3,dev,0.8223547247574843,1.1778553197028476,1.0781023694953649,0.4006154144851476,0.06788940721725316
qkrr,test kernel from shots,1,100,10000.0,3,dev_unseen,1.0852776452734965,1.4777660085388835,1.406684385018814,0.18264538379740825,0.46289884363895295
qkrr,training and test kernels from shots,1,100,10000.0,3,dev_unseen,1.0918659257972647,1.4871511608036236,1.417348928714395,0.17223053276813827,0.46526338332672074
qkrr,test kernel from shots,1,100,10000.0,4,dev,0.8214833126776206,1.1788629885373,1.0747413017834928,0.39958941491966615,0.06543261412118018
qkrr,training and test kernels from shots,1,100,10000.0,4,dev,0.8326406726408936,1.1877720269591407,1.087156283087369,0.39048014036051926,0.08445844611439804
qkrr,test kernel from shots,1,100,10000.0,4,dev_unseen,1.0921192213972415,1.4844262896807698,1.4155879169584062,0.17526115772182727,0.4704427493935848
qkrr,training and test kernels from shots,1,100,10000.0,4,dev_unseen,1.1074018275207076,1.4963179866892948,1.4302184312874573,0.1619943104927879,0.5022125916047602
pqk,exact,1,100,inf,0,dev,0.7869478818126078,1.144229044438251,1.0370448937471919,0.43435023721510024,0.046977696978909265
pqk,exact,1,100,inf,0,dev_unseen,1.046421106678047,1.4315651438230825,1.3571779414691376,0.2329540074079679,0.44573617647957875
pqk,features from shots,1,100,100.0,0,dev,0.9676507333981823,1.3105048297971418,1.2088379955790196,0.25800850688112953,0.18592013282669173
pqk,features from shots,1,100,100.0,0,dev_unseen,1.1110318219669044,1.478930566019796,1.385246891696601,0.18135663918714284,0.1443391085693014
pqk,features from shots,1,100,100.0,1,dev,0.9532632644107336,1.2897452778540257,1.1855896595910111,0.2813299152273321,0.17305835204279138
pqk,features from shots,1,100,100.0,1,dev_unseen,1.1513654799148294,1.5103421816522007,1.4156603022072702,0.14621233156723834,0.15260830393180408
pqk,features from shots,1,100,100.0,2,dev,0.9430620502278368,1.2693589528842153,1.1687965234946398,0.30386963913834764,0.06866674303065937
pqk,features from shots,1,100,100.0,2,dev_unseen,1.123710247033114,1.479623791513062,1.384064078879188,0.1805890068654471,0.045959110141041905
pqk,features from shots,1,100,100.0,3,dev,0.9696110155005842,1.295359613225069,1.1935715191491358,0.27505947264591746,0.15888505874619577
pqk,features from shots,1,100,100.0,3,dev_unseen,1.1811827771961596,1.540050595016091,1.4477254898187235,0.1122940066441036,0.12264267019353713
pqk,features from shots,1,100,100.0,4,dev,0.9606839537827782,1.3070208929296052,1.1943096463052876,0.26194838610861004,0.058446794293371455
pqk,features from shots,1,100,100.0,4,dev_unseen,1.1697640627443469,1.5284294454406138,1.4237327851811334,0.12564063501554656,0.015251206609666964
pqk,features from shots,1,100,1000.0,0,dev,0.8052288284981687,1.1519855136403898,1.0461983879404089,0.42665542168346027,0.04348522423892726
pqk,features from shots,1,100,1000.0,0,dev_unseen,1.0442322306099179,1.4162990163686022,1.3332587054359473,0.24922624693091766,0.3591987367585639
pqk,features from shots,1,100,1000.0,1,dev,0.809915903879138,1.16175235754985,1.0525734547378984,0.4168922691026282,0.054309299356835164
pqk,features from shots,1,100,1000.0,1,dev_unseen,1.0509595183910032,1.432762150369434,1.3550167653700322,0.23167073652242187,0.38812550587438355
pqk,features from shots,1,100,1000.0,2,dev,0.8153843531461683,1.172289066320533,1.0658910934234205,0.40626711566308193,0.08003321170418358
pqk,features from shots,1,100,1000.0,2,dev_unseen,1.061589442185135,1.4379881540353179,1.3646037025862858,0.2260555484890443,0.4401433761097889
pqk,features from shots,1,100,1000.0,3,dev,0.8290889675823302,1.1911073631026259,1.0838356975132548,0.3870521964444036,0.10491287980843958
pqk,features from shots,1,100,1000.0,3,dev_unseen,1.0899787126262992,1.491191403938939,1.4127570238911884,0.16772670967352377,0.45937464001323586
pqk,features from shots,1,100,1000.0,4,dev,0.8142646010851149,1.165203931961535,1.059020834511637,0.413422287753338,0.033510535028821474
pqk,features from shots,1,100,1000.0,4,dev_unseen,1.0606934983939333,1.435606945455199,1.3585450962063996,0.22861662284403983,0.38201263464285745
pqk,features from shots,1,100,10000.0,0,dev,0.7870987728964168,1.1425534677079732,1.032333706174389,0.43600566735201685,0.03833113696714047
pqk,features from shots,1,100,10000.0,0,dev_unseen,1.038080821784462,1.421509466142114,1.344052722039903,0.2436920135361581,0.398145178921914
pqk,features from shots,1,100,10000.0,1,dev,0.7953186486783251,1.1506947674602204,1.0433045634604858,0.4279395137560176,0.04547720674919695
pqk,features from shots,1,100,10000.0,1,dev_unseen,1.039666955723795,1.4214019440830559,1.3447478269046063,0.2438064225055463,0.42534593624870765
pqk,features from shots,1,100,10000.0,2,dev,0.7854163854493881,1.142691918502227,1.034053814259443,0.43586897319006457,0.03956477868529255
pqk,features from shots,1,100,10000.0,2,dev_unseen,1.0387174851771381,1.413484878524615,1.3363261506863557,0.25220680653685124,0.4155320792476496
pqk,features from shots,1,100,10000.0,3,dev,0.7890101972168663,1.145898956937495,1.0381061696580884,0.43269798955026495,0.06789093440937886
pqk,features from shots,1,100,10000.0,3,dev_unseen,1.0503177488370972,1.432746449459319,1.3589902740808584,0.2316875758877036,0.4547525665005467
pqk,features from shots,1,100,10000.0,4,dev,0.7913667039968503,1.1477223478155432,1.0400549391354703,0.4308911351145043,0.06026618893063858
pqk,features from shots,1,100,10000.0,4,dev_unseen,1.0397154369330346,1.4222201841152948,1.3470147222756632,0.2429355556081375,0.4338824249337249
qridge,exact,1,100,inf,0,dev,0.8006380307275658,1.1837466883303385,1.0860023015679443,0.3946044441928158,0.060590270639773076
qridge,exact,1,100,inf,0,dev_unseen,1.053133632806113,1.4633875295457888,1.3889949795493997,0.19847352144019803,0.4743162326119472
qridge,features from shots,1,100,100.0,0,dev,0.877911334488648,1.2367274518067333,1.137555959774353,0.3392005445524898,0.04455600983500881
qridge,features from shots,1,100,100.0,0,dev_unseen,1.1185645499442753,1.5005804417316337,1.422729528696346,0.15721317545930824,0.4196121915803355
qridge,features from shots,1,100,100.0,1,dev,0.9021927671080142,1.2835155813053218,1.1878069767850192,0.2882557540600851,0.04090916390818908
qridge,features from shots,1,100,100.0,1,dev_unseen,1.105824672393931,1.5081899385040431,1.4302479946173277,0.148643898953435,0.3429492139794157
qridge,features from shots,1,100,100.0,2,dev,0.8598105391970338,1.2332520633976092,1.1294087514536524,0.3429092161153777,0.049034426658119246
qridge,features from shots,1,100,100.0,2,dev_unseen,1.0711853552591146,1.4568193319494154,1.374034150457715,0.20565243957566925,0.3288199618672529
qridge,features from shots,1,100,100.0,3,dev,0.8737610320930762,1.2435881810481257,1.1393094996685376,0.3318486561646784,-0.04678120549312654
qridge,features from shots,1,100,100.0,3,dev_unseen,1.0693047733187613,1.4574769433541686,1.3780916821309637,0.20493513729453627,0.3108808370162836
qridge,features from shots,1,100,100.0,4,dev,0.8452938962673805,1.2094486753836313,1.106332011773272,0.3680298569514875,0.08012044617011793
qridge,features from shots,1,100,100.0,4,dev_unseen,1.0617285111180375,1.4445215401046734,1.3586325199804454,0.2190068607254706,0.2917744023342934
qridge,features from shots,1,100,1000.0,0,dev,0.8127778706509501,1.1938579022361584,1.098067395261835,0.38421805473792603,0.08685029171609164
qridge,features from shots,1,100,1000.0,0,dev_unseen,1.0757291289177575,1.4777762657417186,1.4065094973661085,0.18263403720920157,0.4902677302341536
qridge,features from shots,1,100,1000.0,1,dev,0.8096877406336799,1.1873257658723526,1.0896695293563716,0.39093806307790535,0.062425227373409255
qridge,features from shots,1,100,1000.0,1,dev_unseen,1.0543089462282411,1.4576376677438752,1.382323378328361,0.20475977484879027,0.4615379013752171
qridge,features from shots,1,100,1000.0,2,dev,0.8074573648187544,1.183931553026794,1.0847755433879538,0.39441534122729716,0.07650416724715244
qridge,features from shots,1,100,1000.0,2,dev_unseen,1.0569720651578958,1.456565049035546,1.3803384793442792,0.2059297167638684,0.4579650320072837
qridge,features from shots,1,100,1000.0,3,dev,0.8444638110636099,1.2306936908026989,1.1373282492174386,0.3456326485851996,0.08789795900346423
qridge,features from shots,1,100,1000.0,3,dev_unseen,1.071597871662817,1.4767993398698163,1.4016877022365715,0.18371436585823198,0.4542838478213084
qridge,features from shots,1,100,1000.0,4,dev,0.8025042213652773,1.1770982586819165,1.0776083908227185,0.4013856701679096,0.04978680638012044
qridge,features from shots,1,100,1000.0,4,dev_unseen,1.0599041755032286,1.4651146805368234,1.3894793320719148,0.19658041498425372,0.46870307571240655
qridge,features from shots,1,100,10000.0,0,dev,0.8043970968981335,1.1860380168769806,1.0887356832905573,0.39225849861781603,0.06326318494670868
qridge,features from shots,1,100,10000.0,0,dev_unseen,1.0606699772982517,1.4727601687957868,1.3983330610834326,0.18817347995090317,0.48440216090818733
qridge,features from shots,1,100,10000.0,1,dev,0.8060676238102172,1.1912281465580705,1.0945143927244227,0.38692787900720826,0.06314711784643579
qridge,features from shots,1,100,10000.0,1,dev_unseen,1.053088843276949,1.4636630540626008,1.3902336558709547,0.19817167250272028,0.4685293318286786
qridge,features from shots,1,100,10000.0,2,dev,0.8011247898006939,1.1829768332983694,1.0842324250345874,0.39539163162950086,0.061361909703879565
qridge,features from shots,1,100,10000.0,2,dev_unseen,1.0490588800299734,1.4585168433910132,1.3824243474357498,0.20380018564039792,0.4603052520754506
qridge,features from shots,1,100,10000.0,3,dev,0.8012072895200819,1.1849262623963155,1.0869281520995575,0.39339731989808535,0.06490591308915354
qridge,features from shots,1,100,10000.0,3,dev_unseen,1.0556904125112692,1.4667087883992431,1.392489877224659,0.194831153656002,0.47960511387050764
qridge,features from shots,1,100,10000.0,4,dev,0.802760254963181,1.1864757561968609,1.0888447802690269,0.39180980904648843,0.0756257607247556
qridge,features from shots,1,100,10000.0,4,dev_unseen,1.0548631864583806,1.4653027960173783,1.390495789573325,0.19637408934166833,0.47616270371656083
qkrr,exact,1,300,inf,0,dev,0.5979503502250068,0.9455568386479262,0.8214673015107254,0.6137246858678409,-0.007606679740371536
qkrr,exact,1,300,inf,0,dev_unseen,0.8735157278505907,1.2104241047053501,1.1215536691613441,0.4516292244208323,0.28305162112505966
qkrr,test kernel from shots,1,300,100.0,0,dev,3.1028311984594605,4.698808033127458,4.67844057684441,-8.538873283264447,1.3256769413911111
qkrr,training and test kernels from shots,1,300,100.0,0,dev,2.4802618913726526,3.643004581523404,3.6137525392474936,-4.7337811069275055,0.9501733775551625
qkrr,test kernel from shots,1,300,100.0,0,dev_unseen,3.662458597605072,5.331397078524219,5.319084123240467,-9.638520471289503,1.758353912090117
qkrr,training and test kernels from shots,1,300,100.0,0,dev_unseen,3.0123398108529424,4.273470229913442,4.266393615853605,-5.835346581898335,1.4846140837458635
qkrr,test kernel from shots,1,300,100.0,1,dev,3.186890705940113,4.763138219391207,4.74492810174965,-8.80184979482936,1.3528636956267588
qkrr,training and test kernels from shots,1,300,100.0,1,dev,2.7126999419552353,4.02970335431877,4.005588430997812,-6.0156486024540605,0.9968770972539329
qkrr,test kernel from shots,1,300,100.0,1,dev_unseen,3.555061204192476,5.247405279489094,5.220246509941568,-9.305958518828717,1.5758308992894525
qkrr,training and test kernels from shots,1,300,100.0,1,dev_unseen,3.250053998663661,4.748835833654406,4.719969278582206,-7.440603254894725,1.482810001233785
qkrr,test kernel from shots,1,300,100.0,2,dev,3.1999210736177504,4.802581872665608,4.786120070573427,-8.9648606311473,1.4295547196082175
qkrr,training and test kernels from shots,1,300,100.0,2,dev,2.9363778442466875,4.4836043116024875,4.467982935174488,-7.68512814604456,1.2778392276541997
qkrr,test kernel from shots,1,300,100.0,2,dev_unseen,3.710328168409767,5.471918602260193,5.453978005103714,-10.206717674050205,1.7618786595550007
qkrr,training and test kernels from shots,1,300,100.0,2,dev_unseen,3.568656890004314,5.218222979785512,5.209036240790816,-9.191648580056482,1.92232308530075
qkrr,test kernel from shots,1,300,100.0,3,dev,3.1423079940288843,4.822854632437874,4.773899690893296,-9.049165951314707,1.3202079325722884
qkrr,training and test kernels from shots,1,300,100.0,3,dev,2.827166335741616,4.313101246785695,4.2682093852368235,-7.037129766334797,1.0059985921447412
qkrr,test kernel from shots,1,300,100.0,3,dev_unseen,3.6811531110393734,5.417371334924618,5.399487294338272,-9.984401154758478,1.6863615978569724
qkrr,training and test kernels from shots,1,300,100.0,3,dev_unseen,3.4913880390390157,5.172169294839947,5.15715023882722,-9.012548613830788,1.7087699605099216
qkrr,test kernel from shots,1,300,100.0,4,dev,3.213047148211005,4.843479749198568,4.827122097632159,-9.135301000212989,1.3985265210456812
qkrr,training and test kernels from shots,1,300,100.0,4,dev,2.616980841670198,3.8250855164468756,3.8009511489044514,-5.321264639876804,0.9756278509162439
qkrr,test kernel from shots,1,300,100.0,4,dev_unseen,3.6977247871490504,5.457075011078534,5.444636337951336,-10.145999551962861,1.7723981023927602
qkrr,training and test kernels from shots,1,300,100.0,4,dev_unseen,3.0949368341895975,4.475355368066039,4.45862421008057,-6.496425462308849,1.3371390375839454
qkrr,test kernel from shots,1,300,1000.0,0,dev,1.1442394623624965,1.5627802872240875,1.4941561538358312,-0.05515806629499531,0.11887861447980022
qkrr,training and test kernels from shots,1,300,1000.0,0,dev,1.0129220718213803,1.4001953592652334,1.3223485259382042,0.1529697076762454,0.07749973664319186
qkrr,test kernel from shots,1,300,1000.0,0,dev_unseen,1.4091849026231973,1.869009480695829,1.8115261280791675,-0.3074412503910331,0.4102839087054223
qkrr,training and test kernels from shots,1,300,1000.0,0,dev_unseen,1.2399037947469684,1.651449501699644,1.581540157994278,-0.020774402462571118,0.2510103020021731
qkrr,test kernel from shots,1,300,1000.0,1,dev,1.1442135182103654,1.5586164483699125,1.4977178301825287,-0.049542874953832916,0.1423643717011048
qkrr,training and test kernels from shots,1,300,1000.0,1,dev,1.0555176427175552,1.4665327146724132,1.4020541651559313,0.07080859199927525,0.17563586192505826
qkrr,test kernel from shots,1,300,1000.0,1,dev_unseen,1.4494815507317274,1.913846935591388,1.861427855433072,-0.3709246220449727,0.44969617094246644
qkrr,training and test kernels from shots,1,300,1000.0,1,dev_unseen,1.3355256474115913,1.771503049184787,1.716845963027618,-0.17458103044166395,0.4440175168898755
qkrr,test kernel from shots,1,300,1000.0,2,dev,1.1520290419146175,1.5803628046683733,1.5083420976497992,-0.07903435843943019,0.13893236679890725
qkrr,training and test kernels from shots,1,300,1000.0,2,dev,1.1267420257372232,1.5591946836067103,1.4873478935042794,-0.050321764780084655,0.16068193456282387
qkrr,test kernel from shots,1,300,1000.0,2,dev_unseen,1.434228252910612,1.8863067879759676,1.835339347955395,-0.33175344668565865,0.43819339121567397
qkrr,training and test kernels from shots,1,300,1000.0,2,dev_unseen,1.4157147843698359,1.8606255704723915,1.8127061668828306,-0.2957378481678625,0.4689145999788461
qkrr,test kernel from shots,1,300,1000.0,3,dev,1.1359676674456796,1.5602234749123158,1.4844332714537263,-0.051708273341763755,0.13082870850938602
qkrr,training and test kernels from shots,1,300,1000.0,3,dev,1.0438111836388397,1.4410975628153944,1.3615266804323731,0.10276038190358316,0.14068813827373794
qkrr,test kernel from shots,1,300,1000.0,3,dev_unseen,1.4391658179901643,1.9070412949810154,1.8466509761426682,-0.36119194036591384,0.43255465519378467
qkrr,training and test kernels from shots,1,300,1000.0,3,dev_unseen,1.3928984564526687,1.8344985146891974,1.777899905631893,-0.2596036290545731,0.5270257155252991
qkrr,test kernel from shots,1,300,1000.0,4,dev,1.1550663101934115,1.5827687289522288,1.5113215945448393,-0.08232227571286299,0.13859693765277278
qkrr,training and test kernels from shots,1,300,1000.0,4,dev,1.046868945219173,1.4497771222276765,1.3721145663306122,0.09191989920081878,0.13595761508356155
qkrr,test kernel from shots,1,300,1000.0,4,dev_unseen,1.3939143439757227,1.8335309861555507,1.780003046805283,-0.25827533026779603,0.3953246257800661
qkrr,training and test kernels from shots,1,300,1000.0,4,dev_unseen,1.3057171294972407,1.7169994823752108,1.6559125399252104,-0.1034165732736434,0.3817583321309216
qkrr,test kernel from shots,1,300,10000.0,0,dev,0.673403211132744,1.013117657482327,0.902940598853932,0.5565532832118816,0.010413293167354664
qkrr,training and test kernels from shots,1,300,10000.0,0,dev,0.657148225854807,1.001509492436367,0.8899224369808192,0.5666569713121887,0.01855875977377452
qkrr,test kernel from shots,1,300,10000.0,0,dev_unseen,0.9426498104493194,1.281339636831769,1.200550084827298,0.38549178110634275,0.2917755779419601
qkrr,training and test kernels from shots,1,300,10000.0,0,dev_unseen,0.9261836589035802,1.2654647023727403,1.1845662829087613,0.4006241422119323,0.30321834128254954
qkrr,test kernel from shots,1,300,10000.0,1,dev,0.6785654213209443,1.012484578676622,0.9078620722318532,0.5571073136389494,0.00755384701941164
qkrr,training and test kernels from shots,1,300,10000.0,1,dev,0.6688142991678532,1.0038071338335717,0.8981285523459458,0.5646663581265234,0.0018648023221302197
qkrr,test kernel from shots,1,300,10000.0,1,dev_unseen,0.9456712748014294,1.290295997969998,1.208874778666929,0.3768711272705836,0.3011296845726005
qkrr,training and test kernels from shots,1,300,10000.0,1,dev_unseen,0.9377195745418919,1.2804192001102532,1.1987420411031393,0.3863743149201603,0.2952031059205326
qkrr,test kernel from shots,1,300,10000.0,2,dev,0.6784338559432125,1.0231572862579954,0.9073963703187393,0.5477209438705657,0.008499560052507854
qkrr,training and test kernels from shots,1,300,10000.0,2,dev,0.674713034016487,1.0203166996281163,0.9040518905288335,0.55022877810352,-0.021014021789484635
qkrr,test kernel from shots,1,300,10000.0,2,dev_unseen,0.9451457698309014,1.2816656506588011,1.2073923928490857,0.3851790401957398,0.30312726474377394
qkrr,training and test kernels from shots,1,300,10000.0,2,dev_unseen,0.9406211530190901,1.2761076696304676,1.1996445542451588,0.39049985676582877,0.2752270866971204
qkrr,test kernel from shots,1,300,10000.0,3,dev,0.6865329033573185,1.028187321044552,0.9212794640223473,0.5432630339661562,0.005770121583741826
qkrr,training and test kernels from shots,1,300,10000.0,3,dev,0.6780768021116788,1.022500554868819,0.9148541431875513,0.5483013639705785,0.028846828972828656
qkrr,test kernel from shots,1,300,10000.0,3,dev_unseen,0.9442570542355877,1.2853345997588763,1.205481525410518,0.3816539780969421,0.29318229052863076
qkrr,training and test kernels from shots,1,300,10000.0,3,dev_unseen,0.9460887586464098,1.2866997501902435,1.2063730789173621,0.3803397932681306,0.32017984470185995
qkrr,test kernel from shots,1,300,10000.0,4,dev,0.6871340176589857,1.0252782567621,0.9142060095995841,0.5458438819206819,0.0030793126836030863
qkrr,training and test kernels from shots,1,300,10000.0,4,dev,0.6832862887720644,1.0207466855184597,0.90662244608875,0.5498496094981851,-0.024376385341864985
qkrr,test kernel from shots,1,300,10000.0,4,dev_unseen,0.9575216734037373,1.2967907262474407,1.2153947556120215,0.3705822785519155,0.2938958847095776
qkrr,training and test kernels from shots,1,300,10000.0,4,dev_unseen,0.9465259695619779,1.2868841854976194,1.2031795498124211,0.38016213657450826,0.2642627813436773
pqk,exact,1,300,inf,0,dev,0.5956104357736093,0.9561364978091379,0.8304313679581239,0.6050324033040929,-0.006177702312545867
pqk,exact,1,300,inf,0,dev_unseen,0.8554469309916883,1.2078411278625956,1.1156420689042272,0.45396711197480133,0.29563677904849067
pqk,features from shots,1,300,100.0,0,dev,0.8317526174935345,1.1673020912973455,1.0578604157536138,0.41130790837664855,-0.026851638986867658
pqk,features from shots,1,300,100.0,0,dev_unseen,1.0398769089508033,1.4008377182206504,1.309507886615467,0.26552870365368086,0.24821474864509055
pqk,features from shots,1,300,100.0,1,dev,0.8403191671450464,1.1824651484660593,1.0683753919714567,0.3959145531536652,-0.0019016441673166014
pqk,features from shots,1,300,100.0,1,dev_unseen,1.0577030846218212,1.4161829812506004,1.3271945598394048,0.24934926128223878,0.1973684489805214
pqk,features from shots,1,300,100.0,2,dev,0.8550594370437193,1.194450122884007,1.0856246443837054,0.3836069782731909,-0.03344441181101091
pqk,features from shots,1,300,100.0,2,dev_unseen,1.0150678890135167,1.3797017046045785,1.2804319796523305,0.2875250885926345,0.15967528150630245
pqk,features from shots,1,300,100.0,3,dev,0.827378687489516,1.174758567846266,1.06361844916672,0.4037630086927462,-0.02781265627748633
pqk,features from shots,1,300,100.0,3,dev_unseen,1.0186780222628848,1.374744328204312,1.2715889930371647,0.2926358468268587,0.15568776821985147
pqk,features from shots,1,300,100.0,4,dev,0.8280917597248896,1.1716064682917822,1.0610822869529848,0.4069583494466874,0.0032434430017479455
pqk,features from shots,1,300,100.0,4,dev_unseen,1.0466177082384356,1.4044363589209354,1.3119531669747997,0.26175025991180534,0.21991828000279467
pqk,features from shots,1,300,1000.0,0,dev,0.6736018995388203,1.0266361193988613,0.9090708500274428,0.5446401306819908,-0.03011852047004559
pqk,features from shots,1,300,1000.0,0,dev_unseen,0.9118033743834619,1.2663627371203006,1.177400537253586,0.39977314836931344,0.3169659410307441
pqk,features from shots,1,300,1000.0,1,dev,0.6704164807978366,1.0359229310094962,0.9178675637223341,0.536364621950679,-0.014237255241063385
pqk,features from shots,1,300,1000.0,1,dev_unseen,0.8890051155359785,1.2552600858152014,1.1622237660866572,0.4102518144536851,0.26269332567535253
pqk,features from shots,1,300,1000.0,2,dev,0.6514099757658826,1.0020343637759856,0.8785660485453646,0.5662026392493342,0.026003973562091734
pqk,features from shots,1,300,1000.0,2,dev_unseen,0.9166787746575621,1.2728573630962636,1.1850261079850706,0.3936007539951091,0.3569932128011846
pqk,features from shots,1,300,1000.0,3,dev,0.656689028702423,1.0032971696386466,0.881137364450938,0.5651085709186501,-0.0002905923092643178
pqk,features from shots,1,300,1000.0,3,dev_unseen,0.8982622222696817,1.2575847462339849,1.1700275187516656,0.40806544089169783,0.29686937338609626
pqk,features from shots,1,300,1000.0,4,dev,0.674952793521828,1.0405692175408023,0.9218111936482836,0.5321963316622321,0.0031810299801935285
pqk,features from shots,1,300,1000.0,4,dev_unseen,0.9222107257334378,1.281368303848769,1.1957769935967737,0.3854642843925734,0.3179984754057752
pqk,features from shots,1,300,10000.0,0,dev,0.6124226922377882,0.9734002795972662,0.8503527197761316,0.5906407505021041,-0.008849588042403352
pqk,features from shots,1,300,10000.0,0,dev_unseen,0.87212153968465,1.228583297504418,1.1363618932701056,0.43505211392551535,0.30446408151265897
pqk,features from shots,1,300,10000.0,1,dev,0.6055268931986039,0.959791008493435,0.8340658319337984,0.6020073712365825,-0.005766595591010212
pqk,features from shots,1,300,10000.0,1,dev_unseen,0.8630709043313443,1.214052643668496,1.1212907963178291,0.44833654849321525,0.3026549558832646
pqk,features from shots,1,300,10000.0,2,dev,0.6045126014701109,0.9617923267725531,0.8354296533779421,0.6003458838057797,0.003767764821026222
pqk,features from shots,1,300,10000.0,2,dev_unseen,0.8709253685321205,1.2268956941679894,1.1331301015380988,0.43660309240705475,0.3126939780494519
pqk,features from shots,1,300,10000.0,3,dev,0.6035489917377211,0.9609056158396526,0.8351482767407606,0.601082455116628,-0.017326989276812903
pqk,features from shots,1,300,10000.0,3,dev_unseen,0.8596329164624188,1.2106041300230792,1.1185158718196841,0.4514660948796422,0.29102796101702316
pqk,features from shots,1,300,10000.0,4,dev,0.6065929574659744,0.9655942886661243,0.839599011064098,0.5971799759327501,-0.01874500028794033
pqk,features from shots,1,300,10000.0,4,dev_unseen,0.8533166915752451,1.2091333994806186,1.1144948377229034,0.45279808359675633,0.2639980751361925
qridge,exact,1,300,inf,0,dev,0.6227413622612846,0.990487291339452,0.8636996151860402,0.5761428734012937,-0.01713782849712218
qridge,exact,1,300,inf,0,dev_unseen,0.8801381360840423,1.2599763636492538,1.166153029139004,0.40581187166967414,0.32657770510077994
qridge,features from shots,1,300,100.0,0,dev,0.8196766631469083,1.1543053629184525,1.0450198770530263,0.42434391302336183,0.026001790908743362
qridge,features from shots,1,300,100.0,0,dev_unseen,1.0347068239219555,1.3899411411228597,1.3001909593872147,0.27691060179641047,0.20779688686781278
qridge,features from shots,1,300,100.0,1,dev,0.7960717045948448,1.133656209372067,1.0236818400859413,0.4447553064647414,-0.010050562600481603
qridge,features from shots,1,300,100.0,1,dev_unseen,1.0210725931801177,1.375010949542114,1.2802257400482708,0.2923614442902098,0.1697300007157879
qridge,features from shots,1,300,100.0,2,dev,0.8020789745658325,1.1326800827679677,1.027550643165822,0.4457110737859654,-0.040069908567239354
qridge,features from shots,1,300,100.0,2,dev_unseen,1.0119913133012852,1.3689552383504406,1.2686112224405157,0.298580766889857,0.16265341215824686
qridge,features from shots,1,300,100.0,3,dev,0.8062684799292802,1.1353485963328296,1.0308917789659908,0.4430962668329653,-0.019203525289008126
qridge,features from shots,1,300,100.0,3,dev_unseen,1.0089955667516564,1.3638957261927327,1.2606869677419186,0.303755926710099,0.1437729780992072
qridge,features from shots,1,300,100.0,4,dev,0.8203172136818823,1.1536017553438576,1.0383628197681345,0.4250454822115409,-0.0567673757490492
qridge,features from shots,1,300,100.0,4,dev_unseen,1.005869563159496,1.366213606688608,1.26005803308416,0.30138744380237914,0.1172846241346648
qridge,features from shots,1,300,1000.0,0,dev,0.6673522013088968,1.0160853858934287,0.8908660088248989,0.553951498641582,-0.01510944861389288
qridge,features from shots,1,300,1000.0,0,dev_unseen,0.9081281399721725,1.2768347419997976,1.1849121092770998,0.3898051239182837,0.3293120403237022
qridge,features from shots,1,300,1000.0,1,dev,0.6633995695539455,1.0101683571524362,0.8843505250778624,0.5591313724943813,-0.04147629604270567
qridge,features from shots,1,300,1000.0,1,dev_unseen,0.8979416626355423,1.2700816868778975,1.1753624040611503,0.3962425782898139,0.29590647651346386
qridge,features from shots,1,300,1000.0,2,dev,0.6739171097197041,1.0284556186898226,0.9054231982488986,0.5430246388058277,-0.012907254522016078
qridge,features from shots,1,300,1000.0,2,dev_unseen,0.9030294871078335,1.2707096624410505,1.1756840534945536,0.39564539049868663,0.3072812717633439
qridge,features from shots,1,300,1000.0,3,dev,0.6639492607105294,1.0175885920679895,0.8922907425752062,0.5526307457899078,-0.024309106026964275
qridge,features from shots,1,300,1000.0,3,dev_unseen,0.9181697728268043,1.2877639580210394,1.1988572015851147,0.3793143482049306,0.3439821760172316
qridge,features from shots,1,300,1000.0,4,dev,0.6776729729849927,1.042485899637355,0.9183582568013734,0.5304713975055072,-0.021993136081723864
qridge,features from shots,1,300,1000.0,4,dev_unseen,0.9140111789899735,1.2910000349047646,1.1983370262865483,0.3761909338422813,0.3057565172737125
qridge,features from shots,1,300,10000.0,0,dev,0.6297706877395851,0.9955967901867847,0.8684199664423143,0.571758600183963,-0.01920758026868926
qridge,features from shots,1,300,10000.0,0,dev_unseen,0.8861846415504709,1.2656885026426863,1.1721961967773236,0.4004121215367723,0.33349757199063346
qridge,features from shots,1,300,10000.0,1,dev,0.6260879867357487,0.990592668035881,0.8653662905958941,0.5760526813512632,-0.012758710428898493
qridge,features from shots,1,300,10000.0,1,dev_unseen,0.88050190605202,1.2605354058033513,1.165169186315954,0.40528448097752257,0.3228721791694641
qridge,features from shots,1,300,10000.0,2,dev,0.6306370927505939,1.0021540972491874,0.8758566931759575,0.5660989638271823,-0.011760736042295841
qridge,features from shots,1,300,10000.0,2,dev_unseen,0.8827071240009138,1.26241333882773,1.1674575224458021,0.4035111585724287,0.32384424424164704
qridge,features from shots,1,300,10000.0,3,dev,0.6303804577674869,1.0010340199221184,0.8750333470104616,0.5670683379361641,-0.012637227872625383
qridge,features from shots,1,300,10000.0,3,dev_unseen,0.892182416948144,1.27128662016297,1.1783311700005834,0.3950964590966206,0.3392968337342517
qridge,features from shots,1,300,10000.0,4,dev,0.6292295738799821,0.9976183909592063,0.8719583344244509,0.5700177104848256,-0.02633960501435669
qridge,features from shots,1,300,10000.0,4,dev_unseen,0.8810436913674848,1.2607797933205296,1.1681195180524055,0.4050538565340993,0.3223831381209774
qkrr,exact,1,1000,inf,0,dev,0.4943661752127044,0.7732967242752075,0.703199869400538,0.7416466987108365,0.0011027701019900669
qkrr,exact,1,1000,inf,0,dev_unseen,0.7345722207366532,1.0342967978641413,0.9653512432793975,0.5996041803604062,0.1250313916568958
qkrr,test kernel from shots,1,1000,100.0,0,dev,242.40059823670393,566.8367164127415,566.9901307521745,-138814.39128677358,239.70147099601488
qkrr,training and test kernels from shots,1,1000,100.0,0,dev,185.06022017909763,435.81584217363786,435.9104587892662,-82058.27971522792,182.55737598771051
qkrr,test kernel from shots,1,1000,100.0,0,dev_unseen,272.00308387540207,663.379588980045,664.5213459233901,-164710.29590439802,268.88898437881164
qkrr,training and test kernels from shots,1,1000,100.0,0,dev_unseen,208.23738508636117,495.2286021011894,495.3274948993846,-91792.2218491323,205.27534985449054
qkrr,test kernel from shots,1,1000,100.0,1,dev,254.67944031638913,593.6319853085357,593.5159897164837,-152248.63510152744,252.07812541461195
qkrr,training and test kernels from shots,1,1000,100.0,1,dev,200.5335624521117,449.6923469626912,450.0149470900263,-87367.05504574718,198.02173616492837
qkrr,test kernel from shots,1,1000,100.0,1,dev_unseen,286.26517462383794,684.1697448997813,684.8519661480354,-175196.09649427142,283.2030192878666
qkrr,training and test kernels from shots,1,1000,100.0,1,dev_unseen,214.96827606813613,519.2480367392316,519.214635328994,-100912.41436477992,211.78934505606816
qkrr,test kernel from shots,1,1000,100.0,2,dev,242.66803650696124,605.276271453844,604.5973989173466,-158280.0679203282,239.94921630507181
qkrr,training and test kernels from shots,1,1000,100.0,2,dev,195.78343832194957,470.08191233269764,469.5462874644894,-95469.40307631598,193.2533118456535
qkrr,test kernel from shots,1,1000,100.0,2,dev_unseen,295.80734126383794,708.5248852876317,707.3927470449496,-187891.47672462187,292.7661714774918
qkrr,training and test kernels from shots,1,1000,100.0,2,dev_unseen,228.76334158663727,542.4712716082058,542.2647234317301,-110140.92472726697,225.67954226509642
qkrr,test kernel from shots,1,1000,100.0,3,dev,267.1892750400861,649.8882095712939,647.4298347593028,-182472.15886859313,264.5686022619771
qkrr,training and test kernels from shots,1,1000,100.0,3,dev,193.6846632220089,473.1270431211597,473.4370857668838,-96710.29952128798,191.08398402609774
qkrr,test kernel from shots,1,1000,100.0,3,dev_unseen,290.62782312111443,724.6747207620667,712.4791515598141,-196554.58927488784,287.4307152778154
qkrr,training and test kernels from shots,1,1000,100.0,3,dev_unseen,209.5226649904556,508.2389216080394,507.8358248150498,-96678.63807928776,206.41537881722925
qkrr,test kernel from shots,1,1000,100.0,4,dev,259.1288980708292,644.0924488558843,644.7597275650562,-179232.04773772717,256.4731149929875
qkrr,training and test kernels from shots,1,1000,100.0,4,dev,195.0436132311894,469.7981741711265,468.6045139408235,-95354.18732051288,192.47505552709393
qkrr,test kernel from shots,1,1000,100.0,4,dev_unseen,267.2467399168203,638.9538045826419,639.5003264343734,-152804.18646508004,264.1734795872942
qkrr,training and test kernels from shots,1,1000,100.0,4,dev_unseen,233.0751359951925,525.9645412861523,526.1821903307833,-103539.9409248566,230.21463380239362
qkrr,test kernel from shots,1,1000,1000.0,0,dev,33.81315779315253,74.72829632247512,74.82821746748048,-2411.636183329263,31.261299744326436
qkrr,training and test kernels from shots,1,1000,1000.0,0,dev,24.36797644156132,52.99854068978041,53.023294390097846,-1212.5271508100348,21.90469440657929
qkrr,test kernel from shots,1,1000,1000.0,0,dev_unseen,36.45143717160899,79.46465339999637,79.618790416759,-2362.454039230163,33.487890812151505
qkrr,training and test kernels from shots,1,1000,1000.0,0,dev_unseen,28.53691566034249,58.70512863225018,58.80332178216439,-1288.8858015754354,25.914916125016344
qkrr,test kernel from shots,1,1000,1000.0,1,dev,31.631696607240027,70.17640388977802,70.18442312390953,-2126.6681548951187,29.07040458699047
qkrr,training and test kernels from shots,1,1000,1000.0,1,dev,23.84812616685403,50.799093037220366,50.76831480007823,-1113.8940338837792,21.37310191073628
qkrr,test kernel from shots,1,1000,1000.0,1,dev_unseen,36.5965516937576,78.40171430986466,78.4049615949451,-2299.6486126685245,33.684542287186254
qkrr,training and test kernels from shots,1,1000,1000.0,1,dev_unseen,26.300577090952896,54.74622697576156,54.72560538639237,-1120.7796610981914,23.4144234521777
qkrr,test kernel from shots,1,1000,1000.0,2,dev,33.37634338233021,73.26882951272161,73.33615169493072,-2318.3173761884455,30.806436192579525
qkrr,training and test kernels from shots,1,1000,1000.0,2,dev,24.69410789072662,53.23215464857449,53.22690830509884,-1223.2490195854043,22.310216696113716
qkrr,test kernel from shots,1,1000,1000.0,2,dev_unseen,36.41038510687442,78.05524539353382,78.15791044196865,-2279.359720278451,33.48095965291036
qkrr,training and test kernels from shots,1,1000,1000.0,2,dev_unseen,28.670568317008087,58.40997403160979,58.4799893374297,-1275.9479657819566,25.93642121298913
qkrr,test kernel from shots,1,1000,1000.0,3,dev,33.002949249708685,69.42904152962994,69.5119881711796,-2081.5911289818596,30.576156551883358
qkrr,training and test kernels from shots,1,1000,1000.0,3,dev,23.816740993697028,51.35617223358052,51.220519415196925,-1138.4806845522282,21.33941737966963
qkrr,test kernel from shots,1,1000,1000.0,3,dev_unseen,37.007312045239736,81.5684272692827,81.70167732420236,-2489.252310379158,34.0747308376673
qkrr,training and test kernels from shots,1,1000,1000.0,3,dev_unseen,25.283394020472876,55.73721249579762,55.76937149918894,-1161.7588793176476,22.25773233339115
qkrr,test kernel from shots,1,1000,1000.0,4,dev,32.51277957153555,69.80890028786084,69.81969879819678,-2104.441929216001,29.998318986215537
qkrr,training and test kernels from shots,1,1000,1000.0,4,dev,26.325877710817895,54.16524152649592,54.19257590105137,-1266.5439961118484,24.056398293096617
qkrr,test kernel from shots,1,1000,1000.0,4,dev_unseen,37.02273162455823,80.34317736185096,80.43321795152885,-2415.0013920123374,34.10642712424139
qkrr,training and test kernels from shots,1,1000,1000.0,4,dev_unseen,27.379659319513802,59.2707446908163,59.264863227268584,-1313.861296684469,24.495396264760227
qkrr,test kernel from shots,1,1000,10000.0,0,dev,5.833822117780023,10.076774845261358,10.074659433673533,-42.86971207812436,3.6679963894593004
qkrr,training and test kernels from shots,1,1000,10000.0,0,dev,4.64945090564672,7.6523962803587,7.650470699269419,-24.299770307871725,2.6570391061333174
qkrr,test kernel from shots,1,1000,10000.0,0,dev_unseen,6.801619242177462,11.663552265307255,11.670188651213628,-49.9167709771485,4.306913046597976
qkrr,training and test kernels from shots,1,1000,10000.0,0,dev_unseen,5.776187690746687,9.43279564699657,9.435441217738006,-32.30274455469735,3.6191229005250376
qkrr,test kernel from shots,1,1000,10000.0,1,dev,6.140165659695004,10.566627329290524,10.56998625544954,-47.23857343335282,4.0451011245563295
qkrr,training and test kernels from shots,1,1000,10000.0,1,dev,4.414090990529339,7.137086279017476,7.133364753778836,-21.007138073747686,2.3725057141361656
qkrr,test kernel from shots,1,1000,10000.0,1,dev_unseen,7.0010380027435115,12.180582535466353,12.177471118454314,-54.530974143052894,4.527822662566411
qkrr,training and test kernels from shots,1,1000,10000.0,1,dev_unseen,5.113220245226561,8.197372183779983,8.179713575995152,-24.150607619504065,2.926079480852035
qkrr,test kernel from shots,1,1000,10000.0,2,dev,5.775577836207043,9.995274124350061,9.906256300719912,-42.16294740670537,3.5815425059658863
qkrr,training and test kernels from shots,1,1000,10000.0,2,dev,4.62854512371882,7.6343430254648155,7.606168521456332,-24.18053852231375,2.538501856550453
qkrr,test kernel from shots,1,1000,10000.0,2,dev_unseen,7.127019018318348,12.01490307308271,11.974249957306697,-53.03059093893746,4.653834977289501
qkrr,training and test kernels from shots,1,1000,10000.0,2,dev_unseen,5.827863187907253,9.394785622832488,9.358442537370474,-32.03489443122466,3.5295169456539863
qkrr,test kernel from shots,1,1000,10000.0,3,dev,6.090070227894793,10.657622477421791,10.616401103911972,-48.07296952152413,3.9629854259260022
qkrr,training and test kernels from shots,1,1000,10000.0,3,dev,4.827492981179189,8.129011728117318,8.068024169542516,-27.54941244058599,2.869950976250408
qkrr,test kernel from shots,1,1000,10000.0,3,dev_unseen,6.998520626267959,11.845955086424208,11.762314050557519,-51.521768083560566,4.480054400799172
qkrr,training and test kernels from shots,1,1000,10000.0,3,dev_unseen,6.046754776332528,9.847812884259204,9.79496550319718,-35.297670210555566,3.8784529785629887
qkrr,test kernel from shots,1,1000,10000.0,4,dev,6.0270492445109705,10.458661018015544,10.457080887664658,-46.25783792692124,3.8642151483003984
qkrr,training and test kernels from shots,1,1000,10000.0,4,dev,4.742166511810711,7.880856446614577,7.871305526981942,-25.832955341721927,2.7690847243459364
qkrr,test kernel from shots,1,1000,10000.0,4,dev_unseen,7.029010480750313,12.08657422022479,12.02997073298926,-53.67711872331842,4.530845047021077
qkrr,training and test kernels from shots,1,1000,10000.0,4,dev_unseen,5.505871685982547,8.831214578953022,8.782961507161524,-28.190400177437272,3.111707025748381
pqk,exact,1,1000,inf,0,dev,0.49976695577892827,0.7714391521694046,0.7085689688262027,0.7428864129470839,-0.002101034565697712
pqk,exact,1,1000,inf,0,dev_unseen,0.744123730484992,1.0357400735445912,0.9724901519661742,0.5984859621793208,0.15596339149092667
pqk,features from shots,1,1000,100.0,0,dev,0.8365506873187245,1.1530175039326238,1.0873666683093168,0.42562771593751725,0.010873983054667491
pqk,features from shots,1,1000,100.0,0,dev_unseen,1.0132287030438096,1.3489570542022706,1.2696932142972441,0.3189242435646199,-0.009480079726748124
pqk,features from shots,1,1000,100.0,1,dev,0.8250488980134952,1.1427975963934531,1.0783452957635724,0.43576462496983026,-0.014415850432966965
pqk,features from shots,1,1000,100.0,1,dev_unseen,0.9968605650765149,1.3465523724696833,1.2647999601542865,0.3213502817566827,-0.006047224909647724
pqk,features from shots,1,1000,100.0,2,dev,0.8222710586589361,1.1193405024408984,1.0616726260107376,0.4586899233016609,-0.03422467922435158
pqk,features from shots,1,1000,100.0,2,dev_unseen,0.9990699323374161,1.321966921494544,1.2544028145108208,0.34590572062681235,-0.05859409431289258
pqk,features from shots,1,1000,100.0,3,dev,0.8073104148007464,1.1069692830069526,1.047089048443004,0.47058917853088655,-0.010826335116471816
pqk,features from shots,1,1000,100.0,3,dev_unseen,1.0530422505911272,1.402185382460047,1.3304493167151177,0.26411483991708673,0.1301029312674536
pqk,features from shots,1,1000,100.0,4,dev,0.8254297177153836,1.1494298937696303,1.0845621805178658,0.4291964701402563,0.031203320464971592
pqk,features from shots,1,1000,100.0,4,dev_unseen,1.0291129669974308,1.377989633246168,1.2996391400223672,0.28929221123334503,0.10816644993721565
pqk,features from shots,1,1000,1000.0,0,dev,0.5885644750508995,0.8552881918030489,0.8008110926942389,0.683956671711651,0.00404411622573125
pqk,features from shots,1,1000,1000.0,0,dev_unseen,0.7986143743419288,1.0962427861842028,1.031276068463266,0.5502070217879118,0.20596426529664527
pqk,features from shots,1,1000,1000.0,1,dev,0.5798788606726616,0.8458360709182917,0.7925328392464931,0.6909035066612508,-0.0013769817889284454
pqk,features from shots,1,1000,1000.0,1,dev_unseen,0.7979632661842411,1.1071761709476202,1.0407162009213902,0.5411902539485719,0.19317170523930766
pqk,features from shots,1,1000,1000.0,2,dev,0.5863327987486302,0.8444669426488046,0.7922802173186558,0.691903346363451,0.005381207190530654
pqk,features from shots,1,1000,1000.0,2,dev_unseen,0.7951208850519799,1.1067369127707436,1.0328893331403424,0.541554235687796,0.19127182275117352
pqk,features from shots,1,1000,1000.0,3,dev,0.5836667037598663,0.8487986734359949,0.7977872351165802,0.6887344486450333,-0.011203361368523625
pqk,features from shots,1,1000,1000.0,3,dev_unseen,0.7956950069669194,1.107618192426795,1.0406476522540686,0.5408238366593834,0.19278509368269747
pqk,features from shots,1,1000,1000.0,4,dev,0.5923613511876611,0.85954007785425,0.8079170567239501,0.6808065747199126,0.0010933074995851115
pqk,features from shots,1,1000,1000.0,4,dev_unseen,0.7982207637521808,1.10223658675347,1.0363956026438115,0.545275012813577,0.16591463195128464
pqk,features from shots,1,1000,10000.0,0,dev,0.5242336579380424,0.7949246845720475,0.7389777430639421,0.7269930891251125,-0.012184649585729805
pqk,features from shots,1,1000,10000.0,0,dev_unseen,0.7608465769804766,1.0534693591923034,0.9909101606611195,0.5846224780509188,0.20115730549181213
pqk,features from shots,1,1000,10000.0,1,dev,0.5214928442692892,0.7908464275557587,0.7356535471173344,0.7297871558196964,0.012445263580091511
pqk,features from shots,1,1000,10000.0,1,dev_unseen,0.7631952327350084,1.0561118633292599,0.9959071727325979,0.582536013063453,0.2057548173911401
pqk,features from shots,1,1000,10000.0,2,dev,0.5257658421167882,0.7944369731834696,0.7391618891220963,0.7273279830760717,-0.004102751384575253
pqk,features from shots,1,1000,10000.0,2,dev_unseen,0.7486626704347769,1.0466928533483708,0.9817720523644575,0.5899491730663888,0.16442585612735128
pqk,features from shots,1,1000,10000.0,3,dev,0.5221619566964321,0.7953156601130112,0.7386697585667296,0.72672447179322,-0.0025239189902148537
pqk,features from shots,1,1000,10000.0,3,dev_unseen,0.7662307281943073,1.06278371568123,1.0024866019385243,0.5772448011436937,0.19167226268805068
pqk,features from shots,1,1000,10000.0,4,dev,0.526446813850928,0.7987759272307633,0.7451830370728527,0.7243413591538761,0.00637632451103949
pqk,features from shots,1,1000,10000.0,4,dev_unseen,0.7596938508376837,1.0583061054011536,0.9952225853515704,0.5807995140016318,0.18907673671705189
qridge,exact,1,1000,inf,0,dev,0.5508990383963401,0.8157741978360286,0.7594232797868952,0.7124842738105452,-0.0025308717204113635
qridge,exact,1,1000,inf,0,dev_unseen,0.769734967436397,1.0819226508416924,1.016474189884912,0.5618814914061354,0.20189676726616207
qridge,features from shots,1,1000,100.0,0,dev,0.770899265499052,1.0730258256462823,0.9850299119640293,0.5025584890189394,-0.05301769838112797
qridge,features from shots,1,1000,100.0,0,dev_unseen,0.9785261465095013,1.3073064185871723,1.2204239293634203,0.36033297803772735,-0.08450146175387316
qridge,features from shots,1,1000,100.0,1,dev,0.7763802419670581,1.080365151059538,0.9936797461993688,0.4957303758991811,-0.02210538782690321
qridge,features from shots,1,1000,100.0,1,dev_unseen,0.9544396095133432,1.2847627064554261,1.1985493574125514,0.38220410609952704,-0.06481256891846937
qridge,features from shots,1,1000,100.0,2,dev,0.7688105395206766,1.0624671642669503,0.9818491108356242,0.5123000529868691,-0.019439738642787405
qridge,features from shots,1,1000,100.0,2,dev_unseen,0.9589515485506257,1.2877976241566065,1.2004588728065075,0.37928189449272354,-0.04130869984128195
qridge,features from shots,1,1000,100.0,3,dev,0.7657297304481004,1.066568489306532,0.9842030234274497,0.5085275568971643,-0.05757152276375796
qridge,features from shots,1,1000,100.0,3,dev_unseen,0.9443197845565787,1.2653477808163294,1.1836000554698687,0.40073489476085256,-0.055735641805188
qridge,features from shots,1,1000,100.0,4,dev,0.7671061599685188,1.0643786949097211,0.9856374237898782,0.5105435901929458,-0.05211047853357919
qridge,features from shots,1,1000,100.0,4,dev_unseen,0.9654027717542069,1.2871374127326896,1.2058002348636807,0.37991817480539525,-0.09651220626441354
qridge,features from shots,1,1000,1000.0,0,dev,0.5942190795438356,0.8580962106582969,0.7925977870757009,0.6818780450037811,-0.000163114798482178
qridge,features from shots,1,1000,1000.0,0,dev_unseen,0.7949447403262684,1.1091560041878537,1.0382855937132718,0.5395479155874248,0.15073938144882687
qridge,features from shots,1,1000,1000.0,1,dev,0.5946620019909358,0.8652176247888264,0.7972637192072721,0.6765758915709226,-0.0161297840518703
qridge,features from shots,1,1000,1000.0,1,dev_unseen,0.7987993872595291,1.109747786078256,1.039441489245396,0.5390564429800018,0.15962074814345525
qridge,features from shots,1,1000,1000.0,2,dev,0.6030596981518688,0.8704838852612454,0.8070651956662813,0.6726267832022277,-0.006924146707429605
qridge,features from shots,1,1000,1000.0,2,dev_unseen,0.8025192498357671,1.1203035552998606,1.0465651377040337,0.5302458746687043,0.14081571158637624
qridge,features from shots,1,1000,1000.0,3,dev,0.6011596824686741,0.8655270902820514,0.8047284300136541,0.6763444896718108,0.0010544008732527685
qridge,features from shots,1,1000,1000.0,3,dev_unseen,0.8017680392136178,1.1161983717501274,1.0432575390565262,0.5336822534675174,0.13932763376764906
qridge,features from shots,1,1000,1000.0,4,dev,0.6008740751242114,0.8692709232586183,0.8053311025181561,0.6735384936177689,-0.022549475701558647
qridge,features from shots,1,1000,1000.0,4,dev_unseen,0.793362542649521,1.105241388139042,1.0327387134288015,0.5427923866713158,0.11720744226707037
qridge,features from shots,1,1000,10000.0,0,dev,0.5583931695128301,0.8229656909520572,0.765420557521238,0.7073927149522424,-0.0030437542644324678
qridge,features from shots,1,1000,10000.0,0,dev_unseen,0.7715479329196657,1.0822758988547387,1.0155844442367883,0.561595353098851,0.1875995412464581
qridge,features from shots,1,1000,10000.0,1,dev,0.5549792965721796,0.8201468978754665,0.7607066303824958,0.709393738473411,-0.004318751242499991
qridge,features from shots,1,1000,10000.0,1,dev_unseen,0.7733343782049183,1.086226657249786,1.0192028505527033,0.5583887915215995,0.1830536402301389
qridge,features from shots,1,1000,10000.0,2,dev,0.5559322249945721,0.8222835952857307,0.7645845620766989,0.7078775552125919,0.002262060252171352
qridge,features from shots,1,1000,10000.0,2,dev_unseen,0.7713858451282132,1.086129578155678,1.0207339602845726,0.5584677240354006,0.19747585540289225
qridge,features from shots,1,1000,10000.0,3,dev,0.5567762450467486,0.8238690499506516,0.7653168399809738,0.7067499797752173,0.0039324743469931435
qridge,features from shots,1,1000,10000.0,3,dev_unseen,0.7770754040535102,1.089622368738362,1.0241823585529883,0.5556233866965101,0.207446435126877
qridge,features from shots,1,1000,10000.0,4,dev,0.5586294196939084,0.8243485655656809,0.7678758146462719,0.7064085204482167,0.003097842616151121
qridge,features from shots,1,1000,10000.0,4,dev_unseen,0.776739132040934,1.0897401291565203,1.0241982974394288,0.5555273299247834,0.19889190987164823
qkrr,exact,2,100,inf,0,dev,0.7346714439570589,1.122899338964187,0.9837647607548535,0.45524236373600535,-0.1988179563673893
qkrr,exact,2,100,inf,0,dev_unseen,1.002960848435779,1.399084658397399,1.2794553062540621,0.26736584216968995,-0.24761608278437572
qkrr,test kernel from shots,2,100,100.0,0,dev,0.7583179288271694,1.1459620619906628,1.0104161145561226,0.4326355047926628,-0.1954846811408334
qkrr,training and test kernels from shots,2,100,100.0,0,dev,0.756167228643319,1.1432788032609003,1.008296356900371,0.43528935077876785,-0.15630835923587125
qkrr,test kernel from shots,2,100,100.0,0,dev_unseen,1.0194071499226853,1.413670262027194,1.29768006711587,0.2520106422703299,-0.24433693119393063
qkrr,training and test kernels from shots,2,100,100.0,0,dev_unseen,1.0200913767891544,1.414814011099353,1.3000391805122016,0.2507998108074109,-0.21781991198309708
qkrr,test kernel from shots,2,100,100.0,1,dev,0.7610281956524774,1.1487419896521367,1.0109482268833778,0.42987948804805687,-0.19118801516207481
qkrr,training and test kernels from shots,2,100,100.0,1,dev,0.7636884794994117,1.1533803195534384,1.0163735015384556,0.42526618799375593,-0.20997186655751493
qkrr,test kernel from shots,2,100,100.0,1,dev_unseen,1.0178326556736175,1.4177669212538646,1.2977072426753633,0.24766918086312362,-0.24198231781899704
qkrr,training and test kernels from shots,2,100,100.0,1,dev_unseen,1.0179934209709278,1.4203139847699258,1.3007929377292267,0.24496358004709795,-0.25497004848198246
qkrr,test kernel from shots,2,100,100.0,2,dev,0.7618802618055254,1.1541281341105043,1.016110350049317,0.4245206686951445,-0.20150331048851142
qkrr,training and test kernels from shots,2,100,100.0,2,dev,0.7633930018964569,1.1565074494100982,1.0187433414657283,0.4221454416545328,-0.21106426357119198
qkrr,test kernel from shots,2,100,100.0,2,dev_unseen,1.0248689097654349,1.4248759001341025,1.3038477399306154,0.2401055784414,-0.24453169308270067
qkrr,training and test kernels from shots,2,100,100.0,2,dev_unseen,1.0269297785089884,1.4304741856448173,1.3104196677047475,0.23412265313105562,-0.24737976764828776
qkrr,test kernel from shots,2,100,100.0,3,dev,0.7646028143869306,1.1494778601087723,1.0146310252815407,0.4291488292582454,-0.196608545876921
qkrr,training and test kernels from shots,2,100,100.0,3,dev,0.7618083065823624,1.147185678672935,1.0129823001228015,0.4314232355131572,-0.19451460098485876
qkrr,test kernel from shots,2,100,100.0,3,dev_unseen,1.0228711806749906,1.4168518091824274,1.297205749851853,0.24864006657779558,-0.24373241019621877
qkrr,training and test kernels from shots,2,100,100.0,3,dev_unseen,1.022622528987911,1.4176983108386911,1.2992971014626618,0.24774199463822155,-0.21932174837433116
qkrr,test kernel from shots,2,100,100.0,4,dev,0.7577429415904003,1.1411997346588028,1.0055409933632475,0.4373413518188022,-0.1909108097243392
qkrr,training and test kernels from shots,2,100,100.0,4,dev,0.7569082476696861,1.139846165422513,1.003782850251374,0.43867529144536643,-0.18581175043982903
qkrr,test kernel from shots,2,100,100.0,4,dev_unseen,1.0180715688028297,1.4158258580022778,1.2983273830121278,0.2497278013905232,-0.24451979584970224
qkrr,training and test kernels from shots,2,100,100.0,4,dev_unseen,1.010637145176951,1.4082381964040522,1.2901801452428763,0.25774793624638037,-0.21137347355731645
qkrr,test kernel from shots,2,100,1000.0,0,dev,0.7376447966685291,1.124843592300259,0.9861910488842184,0.45335428036262404,-0.19778030773373234
qkrr,training and test kernels from shots,2,100,1000.0,0,dev,0.7360381881378975,1.1231990738119437,0.9843526201256502,0.4549515012624077,-0.20213188381459238
qkrr,test kernel from shots,2,100,1000.0,0,dev_unseen,1.0040136788898348,1.4008892023963646,1.280847298637375,0.26547471546695833,-0.24654805045328135
qkrr,training and test kernels from shots,2,100,1000.0,0,dev_unseen,1.0025475610125012,1.399332275009604,1.279190469579691,0.2671064891124332,-0.24391035038019254
qkrr,test kernel from shots,2,100,1000.0,1,dev,0.7371644263771056,1.1247089288407504,0.9864743157051984,0.45348515864266503,-0.1974903206980012
qkrr,training and test kernels from shots,2,100,1000.0,1,dev,0.735315994195729,1.1224742326302868,0.9840603853765942,0.4556547534808585,-0.19669353538765072
qkrr,test kernel from shots,2,100,1000.0,1,dev_unseen,1.0041884077804986,1.400274072739988,1.2805337446291774,0.26611963311830356,-0.24774244685791436
qkrr,training and test kernels from shots,2,100,1000.0,1,dev_unseen,1.0045058707282826,1.400135275003667,1.280432266481509,0.2662651130458622,-0.25447572948484976
qkrr,test kernel from shots,2,100,1000.0,2,dev,0.7355898640952714,1.1244385461222064,0.9849840137496163,0.45374789400971227,-0.19850480271844964
qkrr,training and test kernels from shots,2,100,1000.0,2,dev,0.7375328963414742,1.126940582459192,0.9875123721463293,0.4513142114900034,-0.1978243914585656
qkrr,test kernel from shots,2,100,1000.0,2,dev_unseen,1.0034915510278148,1.3982006981964417,1.2792796081680757,0.2682913256223646,-0.2461002828102897
qkrr,training and test kernels from shots,2,100,1000.0,2,dev_unseen,1.0058958515576286,1.401907306008932,1.2828631820048522,0.26440668726526595,-0.24661725254192676
qkrr,test kernel from shots,2,100,1000.0,3,dev,0.7372240667661117,1.1268185902591308,0.9872814069023602,0.45143299639245604,-0.19962551948485066
qkrr,training and test kernels from shots,2,100,1000.0,3,dev,0.739003414988358,1.1290619843161296,0.9899016248439517,0.4492465272928806,-0.19576589953499457
qkrr,test kernel from shots,2,100,1000.0,3,dev_unseen,1.005551468258417,1.402413875257569,1.2827117305609619,0.2638749883811107,-0.24834433419993143
qkrr,training and test kernels from shots,2,100,1000.0,3,dev_unseen,1.0097142853811218,1.4082037752191006,1.2883259221198846,0.2577842211353808,-0.2593231279001964
qkrr,test kernel from shots,2,100,1000.0,4,dev,0.7378220035292516,1.1249009239161074,0.9860073016024777,0.45329855549332343,-0.1988065102322766
qkrr,training and test kernels from shots,2,100,1000.0,4,dev,0.7398416501473357,1.1273376559468995,0.988702251043177,0.45092748841746766,-0.20418665127715588
qkrr,test kernel from shots,2,100,1000.0,4,dev_unseen,1.0042499064058883,1.4014995271553206,1.2818418906237372,0.2648345554577787,-0.2454461105505092
qkrr,training and test kernels from shots,2,100,1000.0,4,dev_unseen,1.0062720320946843,1.4043932111342405,1.284654582450564,0.2617956209604507,-0.25395307339720874
qkrr,test kernel from shots,2,100,10000.0,0,dev,0.7347664263152974,1.122940971966613,0.983947951798804,0.45520196774386434,-0.1981606855998324
qkrr,training and test kernels from shots,2,100,10000.0,0,dev,0.734538742951834,1.1229133361075039,0.9839156000700241,0.4552287826464687,-0.1973540323508551
qkrr,test kernel from shots,2,100,10000.0,0,dev_unseen,1.003656549042005,1.399582827224463,1.2800776252524848,0.26684401459496565,-0.24752007449149394
qkrr,training and test kernels from shots,2,100,10000.0,0,dev_unseen,1.0038577806880695,1.400280753985343,1.2808242094049882,0.2661126298514642,-0.2495472873988739
qkrr,test kernel from shots,2,100,10000.0,1,dev,0.7347741273993743,1.1227431747175187,0.9836945094236496,0.4553938746459759,-0.19876039962595413
qkrr,training and test kernels from shots,2,100,10000.0,1,dev,0.7350363697457913,1.1227274100412363,0.9836923669416343,0.4554091684000333,-0.1977351489295988
qkrr,test kernel from shots,2,100,10000.0,1,dev_unseen,1.0033666339403322,1.3989292976541277,1.2794910936122152,0.2675285432141674,-0.24818269862755143
qkrr,training and test kernels from shots,2,100,10000.0,1,dev_unseen,1.0026367015230453,1.3978487659353236,1.2783952046354308,0.268659626797211,-0.2437733618514914
qkrr,test kernel from shots,2,100,10000.0,2,dev,0.7349680567645166,1.123185579763376,0.9840491007206675,0.4549645975458795,-0.19871084180805562
qkrr,training and test kernels from shots,2,100,10000.0,2,dev,0.7348452958906586,1.1228892506599353,0.9837571437225388,0.45525215206858405,-0.19972171589383014
qkrr,test kernel from shots,2,100,10000.0,2,dev_unseen,1.0033257936362665,1.3991507617703574,1.2795755780833669,0.2672966101431975,-0.2470798333072145
qkrr,training and test kernels from shots,2,100,10000.0,2,dev_unseen,1.0029083146026887,1.3983838403619326,1.278845036940836,0.2680996285538588,-0.24501184819596214
qkrr,test kernel from shots,2,100,10000.0,3,dev,0.7347527134638363,1.1229144369764092,0.9840089850513818,0.4552277144928215,-0.19835296510897216
qkrr,training and test kernels from shots,2,100,10000.0,3,dev,0.733926491815561,1.1220155845072566,0.9830370357225634,0.4560995065302055,-0.1981107607005733
qkrr,test kernel from shots,2,100,10000.0,3,dev_unseen,1.0034934418311208,1.3991151091897385,1.279686194297221,0.26733395055649056,-0.24731769083871022
qkrr,training and test kernels from shots,2,100,10000.0,3,dev_unseen,1.0027570204355047,1.3984662492019613,1.2790472917681677,0.26801336205661475,-0.247172761783213
qkrr,test kernel from shots,2,100,10000.0,4,dev,0.7348070725579445,1.12254156147173,0.9837119107172279,0.4555894491150003,-0.19877660175822062
qkrr,training and test kernels from shots,2,100,10000.0,4,dev,0.7349148236423054,1.1226545680354494,0.983862020956722,0.4554798316817821,-0.19845669746446273
qkrr,test kernel from shots,2,100,10000.0,4,dev_unseen,1.0024455559113243,1.3987181302687932,1.27937330047633,0.26774965861814015,-0.2475196691438434
qkrr,training and test kernels from shots,2,100,10000.0,4,dev_unseen,1.0027080029701414,1.3990281209011244,1.2796613486219728,0.26742505297411967,-0.24847336324960737
pqk,exact,2,100,inf,0,dev,0.7236556481311723,1.1106738403767256,0.9700043813251199,0.46703982174531944,-0.19974351731510037
pqk,exact,2,100,inf,0,dev_unseen,0.9768614887540107,1.3768206061914892,1.2556550594525386,0.2904975674856636,-0.25916599340571445
pqk,features from shots,2,100,100.0,0,dev,0.8879463137717079,1.2690343696417865,1.1395492858238856,0.3042256036359343,-0.2302397984960977
pqk,features from shots,2,100,100.0,0,dev_unseen,1.138960604527538,1.5452246644908603,1.4252870655424368,0.10631917948002256,-0.47775102464134794
pqk,features from shots,2,100,100.0,1,dev,0.891616023794379,1.27950687145054,1.1522585101654839,0.29269468827574097,-0.2852961361700852
pqk,features from shots,2,100,100.0,1,dev_unseen,1.1558149173655994,1.5723659390864455,1.4555288273952638,0.07464914785538301,-0.5621420043467731
pqk,features from shots,2,100,100.0,2,dev,0.8776299545467987,1.2596758354397883,1.133325846082728,0.31444978553756875,-0.2637377393851858
pqk,features from shots,2,100,100.0,2,dev_unseen,1.1059288428005443,1.5100033429965856,1.392135497599255,0.14659537564571423,-0.4587299086003455
pqk,features from shots,2,100,100.0,3,dev,0.865707222666853,1.2538162042654326,1.1222226412688772,0.3208128961007797,-0.19308440218696032
pqk,features from shots,2,100,100.0,3,dev_unseen,1.1231797037279947,1.5358561732546352,1.4159106639029682,0.11712286470453026,-0.47740398007037077
pqk,features from shots,2,100,100.0,4,dev,0.8839004935526371,1.2646700660588284,1.1398681169770324,0.3090030143464271,-0.2030742413436218
pqk,features from shots,2,100,100.0,4,dev_unseen,1.122513477233094,1.5383322217789497,1.4167853032606024,0.11427388861361798,-0.4775455187264328
pqk,features from shots,2,100,1000.0,0,dev,0.7353646270365347,1.1213709419518194,0.9830470200085258,0.4567243118999109,-0.18032743277649174
pqk,features from shots,2,100,1000.0,0,dev_unseen,0.9876380483696272,1.386451522334023,1.2663359411765351,0.2805368543612179,-0.2465506817620979
pqk,features from shots,2,100,1000.0,1,dev,0.733690602687783,1.1150114583242146,0.9780350289030298,0.4628688549853305,-0.1771134598638344
pqk,features from shots,2,100,1000.0,1,dev_unseen,0.9855302262963297,1.3759347105854212,1.254388078146972,0.2914103122113626,-0.2413877110303885
pqk,features from shots,2,100,1000.0,2,dev,0.7518990484003915,1.1365938155316426,0.999360032545597,0.4418740034495702,-0.2311246962182895
pqk,features from shots,2,100,1000.0,2,dev_unseen,1.001970949448439,1.4058273412418867,1.2851296284869635,0.26028718063746614,-0.33849325474478503
pqk,features from shots,2,100,1000.0,3,dev,0.7385195197914939,1.1239125837537935,0.9834832781691307,0.4542587993987889,-0.21966881746607606
pqk,features from shots,2,100,1000.0,3,dev_unseen,0.9917637733383998,1.3905619579179485,1.2704568739873636,0.27626452221599374,-0.28664179686251806
pqk,features from shots,2,100,1000.0,4,dev,0.7401270268038036,1.1264992224513928,0.9893324498489698,0.4517439068010022,-0.19907920315053182
pqk,features from shots,2,100,1000.0,4,dev_unseen,0.9944960201455,1.3941256414811583,1.2719479314949114,0.2725502409392283,-0.30309846832528664
pqk,features from shots,2,100,10000.0,0,dev,0.7275649679174421,1.114180773458763,0.973499415709935,0.4636688835496652,-0.21044206164081633
pqk,features from shots,2,100,10000.0,0,dev_unseen,0.9798149011325407,1.3800132812682322,1.2585238735809048,0.2872032572561283,-0.2709860325947209
pqk,features from shots,2,100,10000.0,1,dev,0.7251879299998228,1.1134617106556635,0.9726607461598639,0.4643609279991039,-0.20030095384955468
pqk,features from shots,2,100,10000.0,1,dev_unseen,0.9785209304474414,1.3788507842217825,1.2568913295612612,0.28840364439844834,-0.2619232689417648
pqk,features from shots,2,100,10000.0,2,dev,0.7236501228419363,1.1104373834649313,0.9701835750033786,0.4672667267079449,-0.1914431315595856
pqk,features from shots,2,100,10000.0,2,dev_unseen,0.9738090247164374,1.3723093387950056,1.2514069051601888,0.29513943790315145,-0.2532346582778437
pqk,features from shots,2,100,10000.0,3,dev,0.7263854467276325,1.1128407637547026,0.9722237452340564,0.46495818370485587,-0.19921454566701083
pqk,features from shots,2,100,10000.0,3,dev_unseen,0.9789329087693553,1.3794938156208647,1.2582102891088642,0.28773977924056804,-0.2615086954151543
pqk,features from shots,2,100,10000.0,4,dev,0.727649033359791,1.1145368860123155,0.9744650270074032,0.46332598629168675,-0.2074034485040098
pqk,features from shots,2,100,10000.0,4,dev_unseen,0.980066335612014,1.3807175515660752,1.2589474928233781,0.2864755401017528,-0.2716193055566465
qridge,exact,2,100,inf,0,dev,0.735853916234305,1.1348857338476799,0.9930512860084559,0.4435502548020255,-0.19973581113432604
qridge,exact,2,100,inf,0,dev_unseen,0.9700523203000102,1.3601209889794226,1.2350646601448394,0.30760446370008065,-0.23713274816586866
qridge,features from shots,2,100,100.0,0,dev,0.748752828187606,1.14850714621914,1.0081956590748054,0.4301125697559224,-0.2004725886426532
qridge,features from shots,2,100,100.0,0,dev_unseen,0.9935652681531717,1.3871863712734949,1.260800069708123,0.27977399055916485,-0.2525839782739442
qridge,features from shots,2,100,100.0,1,dev,0.7511443622877696,1.149466113038079,1.0077899691125916,0.42916049680753143,-0.21749813582879415
qridge,features from shots,2,100,100.0,1,dev_unseen,0.98699446275164,1.379100954740969,1.2572614371732937,0.2881454053181137,-0.22906502758524505
qridge,features from shots,2,100,100.0,2,dev,0.748252615248829,1.1449813841039194,1.006179154244094,0.43360615427074156,-0.1930522557760029
qridge,features from shots,2,100,100.0,2,dev_unseen,0.9809204814394384,1.373755957993125,1.2485550988491054,0.2936525978272816,-0.2376791534007629
qridge,features from shots,2,100,100.0,3,dev,0.7506148094958098,1.1462099304425748,1.0061638141087548,0.4323900394794664,-0.20632462774439173
qridge,features from shots,2,100,100.0,3,dev_unseen,0.9865453511539009,1.3761562658287423,1.2524305429480906,0.29118209731276445,-0.24930666348412647
qridge,features from shots,2,100,100.0,4,dev,0.7538859772894989,1.154617804489356,1.0137494057949497,0.42403223945838675,-0.20702679408180352
qridge,features from shots,2,100,100.0,4,dev_unseen,0.9940365965393795,1.3846185135529983,1.2606306603236819,0.28243798176490187,-0.3133549563992868
qridge,features from shots,2,100,1000.0,0,dev,0.7385774094708247,1.13664740957954,0.9952208140142238,0.4418213673429646,-0.1973287622381878
qridge,features from shots,2,100,1000.0,0,dev_unseen,0.9754571238425355,1.3661157255305982,1.2414219436129754,0.3014875431662235,-0.2539649454539062
qridge,features from shots,2,100,1000.0,1,dev,0.739806369278559,1.1385955696732388,0.9963596794770884,0.4399063438755495,-0.1992596687718143
qridge,features from shots,2,100,1000.0,1,dev_unseen,0.9775280610543041,1.3660943517501454,1.2410705053678892,0.3015094003702996,-0.2338396735220249
qridge,features from shots,2,100,1000.0,2,dev,0.7381973543252933,1.136801356555907,0.9956220215646875,0.4416701582147884,-0.196125138510073
qridge,features from shots,2,100,1000.0,2,dev_unseen,0.9738907995957944,1.363747625391689,1.2391522628632918,0.3039071240554386,-0.23999729000511852
qridge,features from shots,2,100,1000.0,3,dev,0.734140337839676,1.132150026364941,0.989911179326359,0.44622972976591835,-0.19694025490216002
qridge,features from shots,2,100,1000.0,3,dev_unseen,0.9686322564025603,1.3579202182144443,1.232498839260756,0.30984333958816745,-0.22747168857896022
qridge,features from shots,2,100,1000.0,4,dev,0.7347380346284478,1.1331862536225457,0.9912678636021389,0.44521556301817844,-0.2056059650667018
qridge,features from shots,2,100,1000.0,4,dev_unseen,0.9690873745337775,1.3589326880571564,1.2342111061771097,0.30881378969859885,-0.24631001681162495
qridge,features from shots,2,100,10000.0,0,dev,0.7351042637917959,1.134728285973962,0.992751032389625,0.4437046417137738,-0.200385281243172
qridge,features from shots,2,100,10000.0,0,dev_unseen,0.9686134167523923,1.3587494850292308,1.2337347959288865,0.3090001401663337,-0.2385221803808488
qridge,features from shots,2,100,10000.0,1,dev,0.7357509501068821,1.1351735246027688,0.9932934824090041,0.44326800366024866,-0.200808625730963
qridge,features from shots,2,100,10000.0,1,dev_unseen,0.9705993901629597,1.3607364844685834,1.2355396037190243,0.30697766246801905,-0.23971128942043754
qridge,features from shots,2,100,10000.0,2,dev,0.7361152989107911,1.1351545895222905,0.9934453945888618,0.44328657646344916,-0.19977825785425646
qridge,features from shots,2,100,10000.0,2,dev_unseen,0.9714080471345024,1.3614465091959955,1.2363355512736152,0.30625424337875173,-0.24173649961702878
qridge,features from shots,2,100,10000.0,3,dev,0.7365926693649725,1.1360304778822898,0.9942401820810912,0.44242712183756683,-0.20140613477656627
qridge,features from shots,2,100,10000.0,3,dev_unseen,0.9714420165376868,1.3622849723063954,1.2372322984714386,0.30539947701319303,-0.24193792496518415
qridge,features from shots,2,100,10000.0,4,dev,0.7365477890041296,1.1352215314399026,0.9935925561901364,0.4432209139301915,-0.19967822373121494
qridge,features from shots,2,100,10000.0,4,dev_unseen,0.9702614084173933,1.3603571378305426,1.235311262131925,0.30736401067246455,-0.2380853203075579
qkrr,exact,2,300,inf,0,dev,0.5720759380215013,0.8901840389600575,0.791719346751417,0.6576413693524853,-0.04478526920030804
qkrr,exact,2,300,inf,0,dev_unseen,0.815343198978951,1.171664934688403,1.0714351572562486,0.48618587436579663,-0.16128155376310696
qkrr,test kernel from shots,2,300,100.0,0,dev,2.8944014104732205,4.279337371005077,4.247269903495971,-6.911789559631607,1.1668695160825913
qkrr,training and test kernels from shots,2,300,100.0,0,dev,2.4847338854726644,3.6075442513187364,3.5812076764570415,-4.622701244874576,1.0123539224541964
qkrr,test kernel from shots,2,300,100.0,0,dev_unseen,3.198263037144603,4.489615965355439,4.471761776487591,-6.544275886852376,1.0655065329269626
qkrr,training and test kernels from shots,2,300,100.0,0,dev_unseen,2.7837706519446637,3.9044347136979365,3.8828536510177436,-4.705786340787088,0.9441113197639641
qkrr,test kernel from shots,2,300,100.0,1,dev,2.8870566509849307,4.3147236354543645,4.28204911955389,-7.0431772945120255,1.1074144400396915
qkrr,training and test kernels from shots,2,300,100.0,1,dev,2.5244054728616034,3.736069786343432,3.6930624337305615,-5.030476565809992,0.8963899648403676
qkrr,test kernel from shots,2,300,100.0,1,dev_unseen,3.168017504093143,4.537993608160019,4.495678709590149,-6.707737825870916,1.0639290274775366
qkrr,training and test kernels from shots,2,300,100.0,1,dev_unseen,2.848961141984306,4.023180307183148,3.987810650059675,-5.058124132925287,0.8645196499952308
qkrr,test kernel from shots,2,300,100.0,2,dev,2.8619750700297657,4.276577813259377,4.239480634815044,-6.901588914680095,1.1043368347504179
qkrr,training and test kernels from shots,2,300,100.0,2,dev,2.6542779394103335,3.9808416022265023,3.94403196231785,-5.84654503392243,1.125515887472512
qkrr,test kernel from shots,2,300,100.0,2,dev_unseen,3.1222800817628147,4.408661047367629,4.387247770173147,-6.27465822812073,0.9868522597183017
qkrr,training and test kernels from shots,2,300,100.0,2,dev_unseen,2.9766741157977425,4.18689852011581,4.164479813512841,-5.561211598100367,1.1426370377590085
qkrr,test kernel from shots,2,300,100.0,3,dev,2.891089942387479,4.274946245317497,4.252604670520745,-6.8955609547082375,1.1360719669045212
qkrr,training and test kernels from shots,2,300,100.0,3,dev,2.539176095767398,3.7865046249910805,3.761368359345568,-5.194391605258413,0.9275357726937262
qkrr,test kernel from shots,2,300,100.0,3,dev_unseen,3.2131072425394325,4.59686573209754,4.578603014232168,-6.909022515784339,1.0433567872771459
qkrr,training and test kernels from shots,2,300,100.0,3,dev_unseen,2.8390531562277577,4.006733275456666,3.9880955382586416,-5.00869334013195,0.8155159802712945
qkrr,test kernel from shots,2,300,100.0,4,dev,2.840706915517366,4.190834753967772,4.167435391935835,-6.587920080110455,1.0877431436586114
qkrr,training and test kernels from shots,2,300,100.0,4,dev,2.5009020913747038,3.601442397304642,3.581763367036871,-4.6036966897094915,0.9469768029554365
qkrr,test kernel from shots,2,300,100.0,4,dev_unseen,3.129319043875417,4.365735991333946,4.340718346278315,-6.133688024436065,0.9693556520705296
qkrr,training and test kernels from shots,2,300,100.0,4,dev_unseen,2.7152734138899803,3.703858523526519,3.6799722988040746,-4.134615806402629,0.6605578735048077
qkrr,test kernel from shots,2,300,1000.0,0,dev,1.0618335776536976,1.4389438828831205,1.3741173043793267,0.10544017690930352,0.06987413997003751
qkrr,training and test kernels from shots,2,300,1000.0,0,dev,0.986305955721184,1.3489137963721067,1.2833667743487875,0.21387778791928536,0.09207284995281093
qkrr,test kernel from shots,2,300,1000.0,0,dev_unseen,1.2678472323394703,1.659161564531127,1.5930411613557174,-0.030330441074546854,-0.04940172000143099
qkrr,training and test kernels from shots,2,300,1000.0,0,dev_unseen,1.1570842733097748,1.5356228193778265,1.4659642084265017,0.11739112830183551,-0.13609333009898297
qkrr,test kernel from shots,2,300,1000.0,1,dev,1.0566532381437792,1.44000027787858,1.3746375082404692,0.10412621961236801,0.06614934258293942
qkrr,training and test kernels from shots,2,300,1000.0,1,dev,0.9834054007076629,1.3550427615632095,1.295552630619355,0.20671786183025032,0.07801134873700706
qkrr,test kernel from shots,2,300,1000.0,1,dev_unseen,1.28596864150299,1.7011272187017468,1.6323086019925415,-0.08311048823519496,-0.07315687684300053
qkrr,training and test kernels from shots,2,300,1000.0,1,dev_unseen,1.203858225226704,1.608756223073615,1.5419212981897907,0.03132151462276167,-0.04944375327985971
qkrr,test kernel from shots,2,300,1000.0,2,dev,1.0659697467365852,1.4620219182603253,1.3969363495255493,0.07651585953396056,0.07144193673518008
qkrr,training and test kernels from shots,2,300,1000.0,2,dev,0.9758677351748661,1.345581299317772,1.2830923135560823,0.21775722619273075,-0.016464741660726635
qkrr,test kernel from shots,2,300,1000.0,2,dev_unseen,1.2756968823600798,1.692013607362276,1.6161032438075702,-0.07153627277968555,-0.05185864715001938
qkrr,training and test kernels from shots,2,300,1000.0,2,dev_unseen,1.189964853529173,1.5889373861306275,1.504057354525404,0.055041487485439355,-0.1631062232828134
qkrr,test kernel from shots,2,300,1000.0,3,dev,1.0493552502057482,1.435388293523231,1.3768274557163378,0.10985557869469886,0.06901687320232056
qkrr,training and test kernels from shots,2,300,1000.0,3,dev,0.9662839233773302,1.3392796379935288,1.2764624330210168,0.2250669089614472,0.007719049204468851
qkrr,test kernel from shots,2,300,1000.0,3,dev_unseen,1.2827866322653032,1.6893132319742095,1.6214756157459946,-0.06811875748336815,-0.03981196945169806
qkrr,training and test kernels from shots,2,300,1000.0,3,dev_unseen,1.1954886672270775,1.5836574044851521,1.5141497480010715,0.061311179302891095,-0.13819633441825319
qkrr,test kernel from shots,2,300,1000.0,4,dev,1.0680008774905037,1.4575413954292782,1.3985321880068893,0.08216741854817078,0.09308075035479245
qkrr,training and test kernels from shots,2,300,1000.0,4,dev,0.9821585514306437,1.343387725484658,1.2870533955634278,0.2203055800380489,0.06184481927183185
qkrr,test kernel from shots,2,300,1000.0,4,dev_unseen,1.2731615766183704,1.680405945494103,1.6090926924464153,-0.05688465699360612,-0.025152537684101847
qkrr,training and test kernels from shots,2,300,1000.0,4,dev_unseen,1.2179529775076856,1.6058774124310973,1.5397208089249774,0.03478524244722292,0.04512490740024693
qkrr,test kernel from shots,2,300,10000.0,0,dev,0.6452806469401515,0.9581978958249635,0.8657508962797619,0.6033274938060162,-0.026447712454568336
qkrr,training and test kernels from shots,2,300,10000.0,0,dev,0.6352423769008425,0.9448243666257254,0.8538466077036422,0.6143229074898788,-0.012938581403874903
qkrr,test kernel from shots,2,300,10000.0,0,dev_unseen,0.8904935305111789,1.2440774006159918,1.149877981174532,0.4207127415796189,-0.15113509136016384
qkrr,training and test kernels from shots,2,300,10000.0,0,dev_unseen,0.880757877161467,1.2332951625776605,1.1386872091259108,0.43071042575232577,-0.13813274064278608
qkrr,test kernel from shots,2,300,10000.0,1,dev,0.6348541121891219,0.9474313160137098,0.8599831113456393,0.6121916589817855,-0.03130779103983597
qkrr,training and test kernels from shots,2,300,10000.0,1,dev,0.6264417732908487,0.9400341179079059,0.8561662832920492,0.6182237506273884,-0.04314866814232482
qkrr,test kernel from shots,2,300,10000.0,1,dev_unseen,0.8788793862880392,1.2423668038571467,1.1425939181823395,0.4223046773350718,-0.15345623385374202
qkrr,training and test kernels from shots,2,300,10000.0,1,dev_unseen,0.8749183653705569,1.24296407135126,1.1422290211492807,0.42174909008777595,-0.18644740564960693
qkrr,test kernel from shots,2,300,10000.0,2,dev,0.6468812012430776,0.9667146989302542,0.8747851900390834,0.5962446233988854,-0.034181335519487835
qkrr,training and test kernels from shots,2,300,10000.0,2,dev,0.6399314566909176,0.9607133702849665,0.8655268230761176,0.6012420596643431,-0.029376027231928243
qkrr,test kernel from shots,2,300,10000.0,2,dev_unseen,0.8807677288883533,1.231086429134506,1.1368895029081365,0.43274770441840205,-0.15168761709077538
qkrr,training and test kernels from shots,2,300,10000.0,2,dev_unseen,0.8698108637396368,1.2197269529833568,1.1236267962277073,0.4431677044772738,-0.12523460150163482
qkrr,test kernel from shots,2,300,10000.0,3,dev,0.6522699785843916,0.9728569862852139,0.8812141422929802,0.5910975822524331,-0.028381275681333352
qkrr,training and test kernels from shots,2,300,10000.0,3,dev,0.6416909462338806,0.9612696011468433,0.8672231346491763,0.6007801827119418,-0.0461798319257515
qkrr,test kernel from shots,2,300,10000.0,3,dev_unseen,0.8893982388573782,1.2423532102038632,1.1431123392099245,0.4223173192487687,-0.14429740976822236
qkrr,training and test kernels from shots,2,300,10000.0,3,dev_unseen,0.8800290838184084,1.2315063198573701,1.1358167216628807,0.4323606891936397,-0.14141129907568828
qkrr,test kernel from shots,2,300,10000.0,4,dev,0.6416530106887706,0.9565427977684987,0.8644182780524974,0.604696657487491,-0.03789018621426846
qkrr,training and test kernels from shots,2,300,10000.0,4,dev,0.633166726777651,0.9490457093780789,0.8557268685287818,0.6108689063809432,-0.02600348248920212
qkrr,test kernel from shots,2,300,10000.0,4,dev_unseen,0.885361486380707,1.2345641885872969,1.141541323722262,0.42953825710111126,-0.14855529002029397
qkrr,training and test kernels from shots,2,300,10000.0,4,dev_unseen,0.8795981314027989,1.2326902893912168,1.1364959265144308,0.43126870825596875,-0.17330883085266782
pqk,exact,2,300,inf,0,dev,0.5619611876720769,0.8879197543149661,0.7809185444380815,0.6593808107603543,-0.05658170810578913
pqk,exact,2,300,inf,0,dev_unseen,0.837542683911314,1.2029172721369712,1.0947647936486349,0.45840992649024526,-0.17019359345412013
pqk,features from shots,2,300,100.0,0,dev,0.7956516141497062,1.1415286803667546,1.0274421558641333,0.43701693740373126,-0.0594323482972006
pqk,features from shots,2,300,100.0,0,dev_unseen,1.0225003057781046,1.4074104160561995,1.3030693154538724,0.25862029021413213,-0.15971160173308172
pqk,features from shots,2,300,100.0,1,dev,0.7821463930017919,1.1146338009036836,1.001804740899323,0.46323264893203886,-0.10439434511256226
pqk,features from shots,2,300,100.0,1,dev_unseen,0.9947057570006549,1.3703409008425003,1.2614560907696515,0.29716008900156043,-0.33994187459777603
pqk,features from shots,2,300,100.0,2,dev,0.7571711853228486,1.0944380449571445,0.9748982764371319,0.48250752653888274,-0.0011650323271088297
pqk,features from shots,2,300,100.0,2,dev_unseen,0.9490212895675444,1.3179431744138013,1.2143582552379417,0.34988146987781454,-0.14330550888110033
pqk,features from shots,2,300,100.0,3,dev,0.7759415973988767,1.1110767684015412,0.997370291158077,0.46665305915773114,-0.050213029316419286
pqk,features from shots,2,300,100.0,3,dev_unseen,1.0070209010025668,1.3913428485687354,1.2771852916383806,0.2754514452415793,-0.28615657718115073
pqk,features from shots,2,300,100.0,4,dev,0.7763632728533163,1.1267210057641197,1.007624357523002,0.45152800603557386,-0.09170710650405506
pqk,features from shots,2,300,100.0,4,dev_unseen,0.9804889235127222,1.3606455206460306,1.2480541008932975,0.3070703150198951,-0.34707616176643524
pqk,features from shots,2,300,1000.0,0,dev,0.6123763934383805,0.92809194512799,0.8214879676069562,0.6278622895223231,-0.05094844933657535
pqk,features from shots,2,300,1000.0,0,dev_unseen,0.8666147703619614,1.2375424541919764,1.131399559142759,0.42678257064423464,-0.12939485903582892
pqk,features from shots,2,300,1000.0,1,dev,0.619680309657713,0.9476407579763894,0.8423718658281815,0.6120201799173954,-0.058727351711344286
pqk,features from shots,2,300,1000.0,1,dev_unseen,0.8950527513915548,1.2646730803203075,1.1558844488669413,0.401373796846515,-0.215643460332831
pqk,features from shots,2,300,1000.0,2,dev,0.6091348077269737,0.9265593529650726,0.8230535623234361,0.6290903239510167,-0.06924070926065286
pqk,features from shots,2,300,1000.0,2,dev_unseen,0.8617189593457941,1.2180435598210133,1.1123948606604357,0.44470365615490937,-0.13213650034161428
pqk,features from shots,2,300,1000.0,3,dev,0.6213466894772046,0.9414607680341797,0.8377903297248638,0.6170640598702004,-0.07099950461752426
pqk,features from shots,2,300,1000.0,3,dev_unseen,0.8841265074137276,1.2451318019315003,1.1410204030907907,0.41973039098746945,-0.16085156819088953
pqk,features from shots,2,300,1000.0,4,dev,0.6138672048296865,0.9328593726791207,0.8300671882102338,0.624029272141238,-0.0569393606207977
pqk,features from shots,2,300,1000.0,4,dev_unseen,0.8674790555551251,1.2386511006801535,1.1308511247574073,0.4257550824305397,-0.14872605617946916
pqk,features from shots,2,300,10000.0,0,dev,0.5748821626627101,0.9049037425216888,0.797628718935892,0.6462255673113717,-0.07125236478418864
pqk,features from shots,2,300,10000.0,0,dev_unseen,0.8569997092162955,1.2275364391475108,1.11945804323832,0.43601447186492726,-0.17593468380471133
pqk,features from shots,2,300,10000.0,1,dev,0.5711439592465524,0.8944513894843582,0.7899092848818177,0.6543511147715766,-0.0348026827171926
pqk,features from shots,2,300,10000.0,1,dev_unseen,0.8401225739492492,1.2033605063794655,1.0992220017044443,0.4580107377897197,-0.11296447390934657
pqk,features from shots,2,300,10000.0,2,dev,0.5680889756299184,0.8898862085646381,0.7843321633018397,0.6578704180538985,-0.05196918080238001
pqk,features from shots,2,300,10000.0,2,dev_unseen,0.8401708199580351,1.200430311097911,1.0950688580978094,0.4606470231066334,-0.1253254728439673
pqk,features from shots,2,300,10000.0,3,dev,0.5690290368335027,0.8937333458437208,0.7881412460085925,0.6549058489159485,-0.05656862373665551
pqk,features from shots,2,300,10000.0,3,dev_unseen,0.8432763156160458,1.2074898194348338,1.1006360751259325,0.45428470019739475,-0.14744868342278827
pqk,features from shots,2,300,10000.0,4,dev,0.5744562578942991,0.8988431029030364,0.792756695118442,0.6509485431026787,-0.05287739293278678
pqk,features from shots,2,300,10000.0,4,dev_unseen,0.8472080885568584,1.212296145397435,1.1032295067718356,0.4499316933651277,-0.16928710960449098
qridge,exact,2,300,inf,0,dev,0.5990653701805705,0.9231328557470271,0.8339137626453101,0.6318285640450199,-0.018661164577323284
qridge,exact,2,300,inf,0,dev_unseen,0.8258706782288018,1.1637912487352395,1.0620913538575358,0.493068418210049,-0.12776730275250442
qridge,features from shots,2,300,100.0,0,dev,0.6599335321863969,0.9844137549990911,0.8946429094548259,0.5813250075197012,0.009748693221757521
qridge,features from shots,2,300,100.0,0,dev_unseen,0.8625023824892645,1.2010266072836457,1.1052388701654285,0.46011105863045176,-0.07606531064278942
qridge,features from shots,2,300,100.0,1,dev,0.6501311473735488,0.9716093899498348,0.8807643342971367,0.5921456665214101,-0.04623843553198404
qridge,features from shots,2,300,100.0,1,dev_unseen,0.8755922311856227,1.2211590470127534,1.1172119856280371,0.4418593717510194,-0.22947334769917055
qridge,features from shots,2,300,100.0,2,dev,0.6533542564496105,0.972069027218063,0.8829286174389235,0.5917596896144985,-0.045982459832184165
qridge,features from shots,2,300,100.0,2,dev_unseen,0.8751762672939362,1.2225304630168488,1.119205177548788,0.4406050342340899,-0.22483250019284023
qridge,features from shots,2,300,100.0,3,dev,0.65187571204098,0.9701096103133268,0.8787853027106056,0.5934038254599199,-0.012786416986612334
qridge,features from shots,2,300,100.0,3,dev_unseen,0.8524366498423347,1.191424892404511,1.0904318132125377,0.46870893353954823,-0.15362020196183673
qridge,features from shots,2,300,100.0,4,dev,0.6522051372686115,0.9716885936514819,0.8794439354037731,0.5920791688322347,-0.0319830208898092
qridge,features from shots,2,300,100.0,4,dev_unseen,0.8694552101039491,1.2170980824493909,1.1109381668512792,0.44556539275902196,-0.2077968529318835
qridge,features from shots,2,300,1000.0,0,dev,0.6051216391773407,0.9290002766819573,0.8377654756337976,0.6271335043188171,-0.03465201147875125
qridge,features from shots,2,300,1000.0,0,dev_unseen,0.8347063512429439,1.1756604476283623,1.0726366614457739,0.4826755680879926,-0.17315111880482484
qridge,features from shots,2,300,1000.0,1,dev,0.6077080087476168,0.9297394187211013,0.8405249966273477,0.6265399394998856,-0.0074608363109680996
qridge,features from shots,2,300,1000.0,1,dev_unseen,0.8344045828992788,1.1736196816018447,1.0713229508309743,0.48447000087310077,-0.16034296417280947
qridge,features from shots,2,300,1000.0,2,dev,0.6131648532048747,0.9354113867061402,0.8488702646303686,0.6219693796798329,-0.015361220772874077
qridge,features from shots,2,300,1000.0,2,dev_unseen,0.8322619025027065,1.1697009998616155,1.0690540006288556,0.4879069325039712,-0.13140681317845174
qridge,features from shots,2,300,1000.0,3,dev,0.6071793271771304,0.9276145697183946,0.8388022704799916,0.6282450182052557,-0.021683586356778944
qridge,features from shots,2,300,1000.0,3,dev_unseen,0.8319864474177174,1.1707847887241905,1.069918288002168,0.48695753110691675,-0.1303997925849969
qridge,features from shots,2,300,1000.0,4,dev,0.6070228043592397,0.9338137520007621,0.8432332888939054,0.6232595907791207,-0.02449650338116737
qridge,features from shots,2,300,1000.0,4,dev_unseen,0.8326550681237799,1.1705799048958092,1.0676292574183428,0.4871370771837614,-0.14184226680683787
qridge,features from shots,2,300,10000.0,0,dev,0.6001154102837604,0.9244650701478141,0.8357363740310324,0.6307651478637166,-0.016506300743302626
qridge,features from shots,2,300,10000.0,0,dev_unseen,0.825500692128796,1.163604215469905,1.0622641632951804,0.4932313433917378,-0.12382618074903574
qridge,features from shots,2,300,10000.0,1,dev,0.5992748051280284,0.923201375148564,0.8341411255859396,0.6317739070744037,-0.016968122489079845
qridge,features from shots,2,300,10000.0,1,dev_unseen,0.8283753525155451,1.165009263274108,1.0635175174732847,0.49200676192655557,-0.12693686766468879
qridge,features from shots,2,300,10000.0,2,dev,0.6003769042846434,0.9231409514839631,0.8342252148344255,0.6318221063999601,-0.016906398587653432
qridge,features from shots,2,300,10000.0,2,dev_unseen,0.827071787264839,1.1645400278746267,1.0629451195751793,0.4924158924171349,-0.12409349599380988
qridge,features from shots,2,300,10000.0,3,dev,0.5996873680583027,0.9226310019178561,0.8335036055995776,0.6322287621744279,-0.017769594210716635
qridge,features from shots,2,300,10000.0,3,dev_unseen,0.8284131861724838,1.1654743192553276,1.0636886308577014,0.49160111288289343,-0.13379446750141294
qridge,features from shots,2,300,10000.0,4,dev,0.5990851232978862,0.9226155843447759,0.8331292943490695,0.6322410533125946,-0.018824266176606045
qridge,features from shots,2,300,10000.0,4,dev_unseen,0.8244706833969814,1.1621591642047675,1.0599898817021978,0.4944892487204767,-0.1251017613483456
qkrr,exact,2,1000,inf,0,dev,0.49904884982775094,0.7803688832376262,0.70594856325826,0.7368995674493009,-0.028593737871333968
qkrr,exact,2,1000,inf,0,dev_unseen,0.7269292305165309,1.0412575472664272,0.9600147815598606,0.594196770579625,-0.04836414889438961
qkrr,test kernel from shots,2,1000,100.0,0,dev,6.493146564917434,11.33552063747708,11.312302645029046,-54.514268086397976,4.288064562102045
qkrr,training and test kernels from shots,2,1000,100.0,0,dev,4.97579454667056,8.236633719357473,8.138627069049194,-28.31036194023785,2.908535161355588
qkrr,test kernel from shots,2,1000,100.0,0,dev_unseen,7.082902667005172,12.196381446749871,12.138336264930883,-54.67512125658981,4.582305930965979
qkrr,training and test kernels from shots,2,1000,100.0,0,dev_unseen,5.608979445868949,9.197833852998649,9.16285566211004,-30.664329412504177,3.279818640143567
qkrr,test kernel from shots,2,1000,100.0,1,dev,6.154858253622464,10.842882638620258,10.844742971015245,-49.79385660561614,3.926698016689862
qkrr,training and test kernels from shots,2,1000,100.0,1,dev,4.66388945963553,7.863755438622598,7.795478502447516,-25.716629730315553,2.5335104561852235
qkrr,test kernel from shots,2,1000,100.0,1,dev_unseen,6.944034069923129,11.898560040479126,11.886202490241104,-51.98927616808829,4.421817963175806
qkrr,training and test kernels from shots,2,1000,100.0,1,dev_unseen,5.373903622760222,8.628245867952499,8.629259059673593,-26.864047292299926,3.0282660187044614
qkrr,test kernel from shots,2,1000,100.0,2,dev,6.308201523520892,10.954751297450263,10.933502640063619,-50.84736854247679,4.11662292023992
qkrr,training and test kernels from shots,2,1000,100.0,2,dev,4.892303902250802,8.380034849668432,8.361178395030418,-29.33984263416825,2.8149690350379877
qkrr,test kernel from shots,2,1000,100.0,2,dev_unseen,7.100843113377987,12.090269423951447,12.084354764109182,-53.71055648232261,4.532915918457834
qkrr,training and test kernels from shots,2,1000,100.0,2,dev_unseen,5.6376334913560715,9.191691670684703,9.18572733525222,-30.622053557335917,3.407457636611153
qkrr,test kernel from shots,2,1000,100.0,3,dev,6.38323382331824,11.225631329548586,11.179912010526326,-53.44314745750513,4.253293625604859
qkrr,training and test kernels from shots,2,1000,100.0,3,dev,4.943646254405886,8.433959357401998,8.265708268912935,-29.731565350242064,2.966064836430292
qkrr,test kernel from shots,2,1000,100.0,3,dev_unseen,7.027140800134646,12.214047920297835,12.201523999315736,-54.83652903510043,4.402726221168798
qkrr,training and test kernels from shots,2,1000,100.0,3,dev_unseen,5.368321564015713,8.883655524841501,8.861383986574406,-28.538102557115618,2.8692492901396776
qkrr,test kernel from shots,2,1000,100.0,4,dev,6.286232331918286,10.926599446886463,10.899314834503356,-50.58123307842266,4.086059092163721
qkrr,training and test kernels from shots,2,1000,100.0,4,dev,5.134160782924001,8.761857975937396,8.61138538662669,-32.16760349524602,3.0850694987090663
qkrr,test kernel from shots,2,1000,100.0,4,dev_unseen,6.896547813192289,11.801763205522088,11.808072541941788,-51.13062927918347,4.298598752459672
qkrr,training and test kernels from shots,2,1000,100.0,4,dev_unseen,5.7417455855883,9.354323157407938,9.356560024065649,-31.750950791909162,3.382305446518735
qkrr,test kernel from shots,2,1000,1000.0,0,dev,1.866293429463077,2.5948386144856848,2.5586448924621816,-1.9089910077241843,0.4550348657974428
qkrr,training and test kernels from shots,2,1000,1000.0,0,dev,1.5426183617832356,2.1295038627058185,2.088654236428797,-0.9591989474335905,0.3188435212735447
qkrr,test kernel from shots,2,1000,1000.0,0,dev_unseen,2.1669508414260465,2.9514758884148935,2.914238793501008,-2.2604508189557726,0.5087716971653489
qkrr,training and test kernels from shots,2,1000,1000.0,0,dev_unseen,1.7961580576822354,2.417693930005187,2.371437571477983,-1.1877707647687292,0.3995248785503191
qkrr,test kernel from shots,2,1000,1000.0,1,dev,1.8583625143085014,2.5901324989088264,2.5567081289130233,-1.8984488234234695,0.49757311639681584
qkrr,training and test kernels from shots,2,1000,1000.0,1,dev,1.52149706296536,2.077800822774478,2.046947208441248,-0.8652175892391747,0.27077935725043173
qkrr,test kernel from shots,2,1000,1000.0,1,dev_unseen,2.128986068164818,2.8478327955221703,2.829525588077029,-2.035485399976462,0.4736156071791935
qkrr,training and test kernels from shots,2,1000,1000.0,1,dev_unseen,1.7652192495058985,2.3387798505991526,2.3140302468112814,-1.0472829116307083,0.32175843948270383
qkrr,test kernel from shots,2,1000,1000.0,2,dev,1.8313188059648984,2.55121256891774,2.5207985214848927,-1.8119977325190968,0.40986225394266046
qkrr,training and test kernels from shots,2,1000,1000.0,2,dev,1.5308182420427956,2.0845988224210115,2.055371306248279,-0.87744252506444,0.33112002997893725
qkrr,test kernel from shots,2,1000,1000.0,2,dev_unseen,2.134293026106443,2.9213359993202213,2.8855766046729037,-2.19420066156496,0.4848154798448349
qkrr,training and test kernels from shots,2,1000,1000.0,2,dev_unseen,1.8071621019764137,2.4229590603411775,2.3821650763931816,-1.1973099712933628,0.41100601519028196
qkrr,test kernel from shots,2,1000,1000.0,3,dev,1.889738165658915,2.652678447249401,2.6309364163506443,-2.040121159035298,0.5817530280961131
qkrr,training and test kernels from shots,2,1000,1000.0,3,dev,1.5874519759901653,2.19650619885263,2.171294823409202,-1.0844262843558705,0.4453450121791946
qkrr,test kernel from shots,2,1000,1000.0,3,dev_unseen,2.1092374689145865,2.874187800632055,2.852972201991266,-2.091928608813663,0.44700720236713537
qkrr,training and test kernels from shots,2,1000,1000.0,3,dev_unseen,1.8023415989300215,2.410008280437362,2.381110099511711,-1.1738833877385506,0.30670260543539674
qkrr,test kernel from shots,2,1000,1000.0,4,dev,1.86702597540039,2.6029555068524814,2.5763096521359965,-1.927218651608487,0.4561383789133706
qkrr,training and test kernels from shots,2,1000,1000.0,4,dev,1.52799280068253,2.135501508101557,2.0952381585426814,-0.9702504681426922,0.25037470887974866
qkrr,test kernel from shots,2,1000,1000.0,4,dev_unseen,2.0962563857824286,2.828052062030627,2.8118119024502275,-1.9934635524482478,0.43029357982408717
qkrr,training and test kernels from shots,2,1000,1000.0,4,dev_unseen,1.7402520325735547,2.308282556058993,2.2818642065935943,-0.9942385785788024,0.25600553645489454
qkrr,test kernel from shots,2,1000,10000.0,0,dev,0.783071571291683,1.0840319885414218,1.02917884859343,0.49230151167940694,0.028082865395908777
qkrr,training and test kernels from shots,2,1000,10000.0,0,dev,0.717315287062798,1.0086315030256354,0.9479289574720304,0.560471813139279,0.013068817391553574
qkrr,test kernel from shots,2,1000,10000.0,0,dev_unseen,0.9994500477466183,1.3298477589921234,1.261060765152548,0.3380837763577623,-0.009145282884700299
qkrr,training and test kernels from shots,2,1000,10000.0,0,dev_unseen,0.9366694596092761,1.2543845021529978,1.184722336527204,0.41107426358330545,0.016688509903763263
qkrr,test kernel from shots,2,1000,10000.0,1,dev,0.7609218882400358,1.057834044910516,1.011872586221453,0.5165442225245866,0.02140113311398736
qkrr,training and test kernels from shots,2,1000,10000.0,1,dev,0.7173042659926405,1.007563716559997,0.9561195344578687,0.5614019324625135,-0.004020318454698949
qkrr,test kernel from shots,2,1000,10000.0,1,dev_unseen,0.9787097300734691,1.3087955568797738,1.241584607386899,0.35887487278486685,0.02646479674128885
qkrr,training and test kernels from shots,2,1000,10000.0,1,dev_unseen,0.9254892603744641,1.2495453373897016,1.1782318409624641,0.4156094144527307,-0.017807914839932385
qkrr,test kernel from shots,2,1000,10000.0,2,dev,0.7776339089860134,1.0813581998815929,1.0240489865924758,0.49480292187731023,0.02070619873306848
qkrr,training and test kernels from shots,2,1000,10000.0,2,dev,0.7190190880393625,1.013707306122545,0.952509999194498,0.5560369486213519,0.004255781525077864
qkrr,test kernel from shots,2,1000,10000.0,2,dev_unseen,0.972636563010305,1.3062885580996735,1.235738970874944,0.3613286716403744,-0.0013137626251860358
qkrr,training and test kernels from shots,2,1000,10000.0,2,dev_unseen,0.9271103971524037,1.2475585382968033,1.1764729349229515,0.4174663196682683,0.0005182497595873334
qkrr,test kernel from shots,2,1000,10000.0,3,dev,0.7731055139254311,1.0794458530187994,1.016468432911244,0.4965881911408232,0.0344154749406803
qkrr,training and test kernels from shots,2,1000,10000.0,3,dev,0.7091818241351677,1.005502688282318,0.9404071183024106,0.5631944512904086,0.012107009866275232
qkrr,test kernel from shots,2,1000,10000.0,3,dev_unseen,0.9962884331484526,1.3399314324972669,1.2669080218600008,0.3280076572283853,0.0007504782008537396
qkrr,training and test kernels from shots,2,1000,10000.0,3,dev_unseen,0.9292706957529302,1.2618420442652467,1.1880239779017006,0.404050908454216,-0.020599132542504842
qkrr,test kernel from shots,2,1000,10000.0,4,dev,0.7730713524906537,1.0683288893386547,1.0205494911140782,0.5069038409868454,0.04416102192067318
qkrr,training and test kernels from shots,2,1000,10000.0,4,dev,0.7216105154695273,1.0109850297651952,0.9566475326235283,0.5584182421116277,0.015566193488982345
qkrr,test kernel from shots,2,1000,10000.0,4,dev_unseen,0.9879816690167881,1.3307796665213363,1.2588444431217614,0.33715575908783035,0.026319811001807466
qkrr,training and test kernels from shots,2,1000,10000.0,4,dev_unseen,0.9514657267100174,1.2846151633138767,1.2100606914845948,0.38234599426705773,0.03399351885748209
pqk,exact,2,1000,inf,0,dev,0.4991125528350437,0.7817786259784775,0.7079371507152835,0.7359481226816853,-0.027851610619934315
pqk,exact,2,1000,inf,0,dev_unseen,0.7332981426264049,1.0462961844653205,0.9651759959517423,0.5902599109913431,-0.03213359929358202
pqk,features from shots,2,1000,100.0,0,dev,0.7182451206511494,1.0028935920436493,0.9351431412006245,0.5654583718396344,-0.07191428797274427
pqk,features from shots,2,1000,100.0,0,dev_unseen,0.9464051056379063,1.2764821602277372,1.1988152931214868,0.3901420725915048,-0.15456924054541668
pqk,features from shots,2,1000,100.0,1,dev,0.7152589304575138,1.0071691075109843,0.9362476102434865,0.5617454161973908,-0.05596972653067008
pqk,features from shots,2,1000,100.0,1,dev_unseen,0.9354725478627312,1.275703586379097,1.18774332345148,0.39088579568213244,-0.18733681239407343
pqk,features from shots,2,1000,100.0,2,dev,0.721628437895844,1.0125128123305254,0.9440896823453581,0.5570826127132595,-0.054993388595377585
pqk,features from shots,2,1000,100.0,2,dev_unseen,0.9109541493854622,1.245139875712247,1.160029604455235,0.4197228657041554,-0.1315313053920384
pqk,features from shots,2,1000,100.0,3,dev,0.7188204918292042,1.0103082773388217,0.9464391283066494,0.5590092330663498,-0.04665120489555581
pqk,features from shots,2,1000,100.0,3,dev_unseen,0.9401836966024312,1.2841076878803428,1.1976451975501594,0.3828338949732748,-0.19361749118959273
pqk,features from shots,2,1000,100.0,4,dev,0.7155459878668731,1.0035201528424487,0.9388352259534007,0.5649152398432804,-0.039182724066218165
pqk,features from shots,2,1000,100.0,4,dev_unseen,0.9444166431390938,1.2708951292844874,1.1948052592665226,0.39546896007566323,-0.16235149139244692
pqk,features from shots,2,1000,1000.0,0,dev,0.550216673148209,0.8278903065693977,0.7543946663228903,0.7038803211324863,-0.021179293739670157
pqk,features from shots,2,1000,1000.0,0,dev_unseen,0.7838288812248554,1.0998382047343849,1.0213123944834348,0.5472517530352918,-0.03252955951182813
pqk,features from shots,2,1000,1000.0,1,dev,0.5428642257430422,0.8179414118290931,0.7459577372295193,0.7109545961326598,-0.03775408535979624
pqk,features from shots,2,1000,1000.0,1,dev_unseen,0.7772940014800624,1.0927106760042355,1.0123289180625146,0.5531008313352115,-0.08916996070201379
pqk,features from shots,2,1000,1000.0,2,dev,0.5426272654464854,0.8206541715418495,0.7498407709843935,0.7090341382750339,-0.026064704813891136
pqk,features from shots,2,1000,1000.0,2,dev_unseen,0.7826159143847321,1.0916096630484062,1.0142909803550226,0.5540009669252182,-0.04439239494748438
pqk,features from shots,2,1000,1000.0,3,dev,0.5404430926276503,0.8193403993892411,0.7454634911523409,0.7099649977783357,-0.030957885875741487
pqk,features from shots,2,1000,1000.0,3,dev_unseen,0.7773007965247973,1.085198847456794,1.0086070928777182,0.5592241191774966,-0.04310867344466402
pqk,features from shots,2,1000,1000.0,4,dev,0.5402973260183203,0.8192498854740093,0.7490654003891278,0.7100290755500709,-0.028966269068992773
pqk,features from shots,2,1000,1000.0,4,dev_unseen,0.7684565533875587,1.084978493728253,1.0055982382441013,0.5594031034218224,-0.051620429756514326
pqk,features from shots,2,1000,10000.0,0,dev,0.506088298244056,0.7862405793626334,0.7125370585141015,0.7329254015591138,-0.029514343633012287
pqk,features from shots,2,1000,10000.0,0,dev_unseen,0.7427467058887206,1.0545266748615043,0.9756309900858359,0.583788271430499,-0.03968200785200942
pqk,features from shots,2,1000,10000.0,1,dev,0.5072642582909397,0.7865087827906954,0.7132681235665557,0.7327431607996162,-0.03623963102578662
pqk,features from shots,2,1000,10000.0,1,dev_unseen,0.7405152711182732,1.051856254585489,0.9722320287146065,0.5858935817423861,-0.03817874280813365
pqk,features from shots,2,1000,10000.0,2,dev,0.5122904205370372,0.7928238201185552,0.7206269259083058,0.7284342133537449,-0.025316798253112085
pqk,features from shots,2,1000,10000.0,2,dev_unseen,0.7441663728906145,1.0581066452858703,0.9782798767812738,0.5809575134640692,-0.016665860987812697
pqk,features from shots,2,1000,10000.0,3,dev,0.5075245412983348,0.7869126252327748,0.7147368771403865,0.7324686378295993,-0.026414687001422216
pqk,features from shots,2,1000,10000.0,3,dev_unseen,0.7462570202811941,1.0576723312830856,0.9788402531490608,0.5813014460329207,-0.029492808342449817
pqk,features from shots,2,1000,10000.0,4,dev,0.5074726854920444,0.7887417818957683,0.714846997905626,0.7312234537872642,-0.03288315571476119
pqk,features from shots,2,1000,10000.0,4,dev_unseen,0.7426405547281918,1.054522901975238,0.9738559146069508,0.5837912496703915,-0.030663781131381955
qridge,exact,2,1000,inf,0,dev,0.5519106292939628,0.8356901302059615,0.7584592514457098,0.6982743576829614,-0.030627155127075742
qridge,exact,2,1000,inf,0,dev_unseen,0.8009102609014723,1.1181244471981935,1.0299985441102801,0.5320715396269461,-0.13701711406567976
qridge,features from shots,2,1000,100.0,0,dev,0.693642041337777,0.9860532028492478,0.9149835968996126,0.5799293192200392,-0.08034714543798337
qridge,features from shots,2,1000,100.0,0,dev_unseen,0.9273957289647864,1.262709487543083,1.178084693046723,0.40323126589589997,-0.23881043805077243
qridge,features from shots,2,1000,100.0,1,dev,0.6774036285019717,0.9711704185326624,0.8922461589037711,0.5925141190136441,-0.06611464322096991
qridge,features from shots,2,1000,100.0,1,dev_unseen,0.9204180693661749,1.2506526060698366,1.1660709545444372,0.41457325502311293,-0.22884801698971494
qridge,features from shots,2,1000,100.0,2,dev,0.6784113315214811,0.960228667111162,0.8857272848513138,0.6016443242485726,-0.051924320502603906
qridge,features from shots,2,1000,100.0,2,dev_unseen,0.9329098347263141,1.262959409832316,1.177250410566539,0.40299501112864944,-0.20494936192251054
qridge,features from shots,2,1000,100.0,3,dev,0.6872927523452278,0.9738912721503591,0.8957851098135807,0.5902276767882335,-0.06269452540166288
qridge,features from shots,2,1000,100.0,3,dev_unseen,0.9195051031889782,1.2500448462459506,1.1610002114058493,0.4151420978860052,-0.23737514624952527
qridge,features from shots,2,1000,100.0,4,dev,0.6923930549595325,0.9818757636424444,0.9077165288005644,0.5834810597498272,-0.06383861709510737
qridge,features from shots,2,1000,100.0,4,dev_unseen,0.9166737193157427,1.2526079952872402,1.1621213350825206,0.41274120024690464,-0.23355515470244773
qridge,features from shots,2,1000,1000.0,0,dev,0.5683761200569619,0.8534088276745017,0.7786997814122487,0.6853440588673851,-0.04193644702569717
qridge,features from shots,2,1000,1000.0,0,dev_unseen,0.8215300308719167,1.140748298927559,1.0543230017515195,0.5129440715531927,-0.15315914768184904
qridge,features from shots,2,1000,1000.0,1,dev,0.5760148695101613,0.861740238217145,0.7864575373390807,0.6791704077799614,-0.04240752967553111
qridge,features from shots,2,1000,1000.0,1,dev_unseen,0.8206324196426174,1.1371504245847937,1.0515006629147075,0.5160115362762001,-0.1374141864138216
qridge,features from shots,2,1000,1000.0,2,dev,0.5744007035242623,0.8534723956374882,0.7795968772613149,0.6852971814939205,-0.03052024629064712
qridge,features from shots,2,1000,1000.0,2,dev_unseen,0.823171261096553,1.1412313585309146,1.0541059956143723,0.5125314882359704,-0.13125919211648682
qridge,features from shots,2,1000,1000.0,3,dev,0.5692989681936822,0.8577493803118402,0.7822046267147322,0.6821351538190994,-0.042320885920450226
qridge,features from shots,2,1000,1000.0,3,dev_unseen,0.8168177680555837,1.1382324824818892,1.0520109890133804,0.5150900175508771,-0.1568310433425498
qridge,features from shots,2,1000,1000.0,4,dev,0.5739113204600593,0.8591918131980929,0.7838782641707746,0.6810651810861301,-0.04115298382881489
qridge,features from shots,2,1000,1000.0,4,dev_unseen,0.8222999450834839,1.1428748433786384,1.058703474278413,0.5111264725536397,-0.1506345640524005
qridge,features from shots,2,1000,10000.0,0,dev,0.556642147400045,0.8409107534839082,0.763279343768177,0.6944927739539498,-0.03246809261184383
qridge,features from shots,2,1000,10000.0,0,dev_unseen,0.8039814103181782,1.1230951630975248,1.0349067674598038,0.5279018615148565,-0.14086374828641185
qridge,features from shots,2,1000,10000.0,1,dev,0.5561795392391686,0.8394583508137458,0.7632883929335634,0.6955471933859929,-0.02448269439666117
qridge,features from shots,2,1000,10000.0,1,dev_unseen,0.8064861525801708,1.1239652472645818,1.0354557080990312,0.5271700905250976,-0.1362976775704015
qridge,features from shots,2,1000,10000.0,2,dev,0.555597516870598,0.8389744881627484,0.7623798720126695,0.6958980646028059,-0.031170229678493165
qridge,features from shots,2,1000,10000.0,2,dev_unseen,0.8082115454789465,1.1259474434864858,1.038534984650424,0.5255008785808692,-0.1441622939683866
qridge,features from shots,2,1000,10000.0,3,dev,0.5547947977539845,0.8392031220996556,0.7624020874358133,0.6957322967577999,-0.028526880657374704
qridge,features from shots,2,1000,10000.0,3,dev_unseen,0.8053669763164768,1.1223120873331003,1.035727165289952,0.5285599708906484,-0.14475621037087857
qridge,features from shots,2,1000,10000.0,4,dev,0.5586828291182826,0.8413079349615175,0.7643375162869338,0.6942041096284628,-0.029334146915574025
qridge,features from shots,2,1000,10000.0,4,dev_unseen,0.8103419994307409,1.1272289852413075,1.0402577444711236,0.5244201238771344,-0.14914841717382404
