seed,n_train,model,eval_set,mae_D,rmse_D,rmse_below_tail_D,r2,bias_D,n_eval,fit_seconds,details,cv_mae_D,features,k
0,100,rbf_krr,dev,0.6784476823491431,1.060339821603043,0.920372837284107,0.5142511085273023,-0.11846846096625412,5000,9.6,"{""params"": {""regressor__model__alpha"": 0.01, ""regressor__model__gamma"": 0.0025}, ""tuning"": ""5-fold CV"", ""tuning_mae_D"": 0.6650822277512356}",0.6650822277512356,pls4,4
0,100,rbf_krr,dev_unseen,0.972440271682433,1.3405279759713784,1.2323792328787626,0.32740917603426234,-0.40582488011397017,4183,9.6,"{""params"": {""regressor__model__alpha"": 0.01, ""regressor__model__gamma"": 0.0025}, ""tuning"": ""5-fold CV"", ""tuning_mae_D"": 0.6650822277512356}",0.6650822277512356,pls4,4
0,100,qkrr,dev,0.6757593557846802,1.0560986885855728,0.9178957414914475,0.5181291211953554,-0.09585884160726806,5000,10.6,"{""params"": {""alpha"": 0.1, ""gamma"": 0.03162277660168379}, ""tuning"": ""5-fold CV"", ""tuning_mae_D"": 0.6687375929771129, ""n_candidates"": 88, ""grid_edge"": [""embedding""], ""n_inputs"": 4, ""n_qubits"": 4, ""fit_seconds"": 10.64, ""offdiag_mean"": 0.8339079130890334, ""offdiag_sd"": 0.14135171601691665, ""alignment"": 0.6247129608776445, ""effective_df"": 9.239862383759638, ""kernel_participation_ratio"": 1.3923138107261956}",0.6687375929771129,pls4,4
0,100,qkrr,dev_unseen,0.9563247350276834,1.3295079679494248,1.2203737568758528,0.3384219872068832,-0.34996397004712737,4183,10.6,"{""params"": {""alpha"": 0.1, ""gamma"": 0.03162277660168379}, ""tuning"": ""5-fold CV"", ""tuning_mae_D"": 0.6687375929771129, ""n_candidates"": 88, ""grid_edge"": [""embedding""], ""n_inputs"": 4, ""n_qubits"": 4, ""fit_seconds"": 10.64, ""offdiag_mean"": 0.8339079130890334, ""offdiag_sd"": 0.14135171601691665, ""alignment"": 0.6247129608776445, ""effective_df"": 9.239862383759638, ""kernel_participation_ratio"": 1.3923138107261956}",0.6687375929771129,pls4,4
0,100,pqk,dev,0.6784606115375269,1.0497887560706274,0.9128910827514074,0.5238700418462269,-0.09662153671870378,5000,8.4,"{""params"": {""alpha"": 0.001, ""gamma"": 0.03162277660168379, ""gamma_p"": 0.025}, ""tuning"": ""5-fold CV"", ""tuning_mae_D"": 0.6686849330471389, ""n_candidates"": 336, ""grid_edge"": [""embedding"", ""kernel""], ""n_inputs"": 4, ""n_qubits"": 4, ""fit_seconds"": 8.4, ""offdiag_mean"": 0.9951390099440093, ""offdiag_sd"": 0.004476100892808177, ""alignment"": 0.6128299830294858, ""effective_df"": 7.827405973093735, ""kernel_participation_ratio"": 1.0096742261644}",0.6686849330471389,pls4,4
0,100,pqk,dev_unseen,0.9728248084691371,1.3273481361745412,1.2215866633344863,0.3405697540521959,-0.364508089908146,4183,8.4,"{""params"": {""alpha"": 0.001, ""gamma"": 0.03162277660168379, ""gamma_p"": 0.025}, ""tuning"": ""5-fold CV"", ""tuning_mae_D"": 0.6686849330471389, ""n_candidates"": 336, ""grid_edge"": [""embedding"", ""kernel""], ""n_inputs"": 4, ""n_qubits"": 4, ""fit_seconds"": 8.4, ""offdiag_mean"": 0.9951390099440093, ""offdiag_sd"": 0.004476100892808177, ""alignment"": 0.6128299830294858, ""effective_df"": 7.827405973093735, ""kernel_participation_ratio"": 1.0096742261644}",0.6686849330471389,pls4,4
0,300,rbf_krr,dev,0.6018134097649184,0.9262981214700795,0.8303045514515665,0.6292994408952539,-0.04295662614175251,5000,12.0,"{""params"": {""regressor__model__alpha"": 0.1, ""regressor__model__gamma"": 0.025}, ""tuning"": ""5-fold CV"", ""tuning_mae_D"": 0.5447860202064556}",0.5447860202064556,pls4,4
0,300,rbf_krr,dev_unseen,0.8706261679898453,1.1990219272361635,1.1245081769700223,0.4619118535900283,-0.012242984530350384,4183,12.0,"{""params"": {""regressor__model__alpha"": 0.1, ""regressor__model__gamma"": 0.025}, ""tuning"": ""5-fold CV"", ""tuning_mae_D"": 0.5447860202064556}",0.5447860202064556,pls4,4
0,300,qkrr,dev,0.6101440792174586,0.9486818410668475,0.8559202838964276,0.6111672383345981,-0.027368545135723708,5000,10.5,"{""params"": {""alpha"": 0.1, ""gamma"": 0.05623413251903491}, ""tuning"": ""5-fold CV"", ""tuning_mae_D"": 0.5485311298776495, ""n_candidates"": 88, ""grid_edge"": [], ""n_inputs"": 4, ""n_qubits"": 4, ""fit_seconds"": 10.54, ""offdiag_mean"": 0.6238784979481146, ""offdiag_sd"": 0.2424691784259896, ""alignment"": 0.5015777067906811, ""effective_df"": 24.520695735122874, ""kernel_participation_ratio"": 2.2229353872531323}",0.5485311298776495,pls4,4
0,300,qkrr,dev_unseen,0.8677986009274006,1.1940710271017008,1.1221140962098322,0.4663463357147821,-0.0336582648246132,4183,10.5,"{""params"": {""alpha"": 0.1, ""gamma"": 0.05623413251903491}, ""tuning"": ""5-fold CV"", ""tuning_mae_D"": 0.5485311298776495, ""n_candidates"": 88, ""grid_edge"": [], ""n_inputs"": 4, ""n_qubits"": 4, ""fit_seconds"": 10.54, ""offdiag_mean"": 0.6238784979481146, ""offdiag_sd"": 0.2424691784259896, ""alignment"": 0.5015777067906811, ""effective_df"": 24.520695735122874, ""kernel_participation_ratio"": 2.2229353872531323}",0.5485311298776495,pls4,4
0,300,pqk,dev,0.6028479280030571,0.9312301422045043,0.845984234711332,0.6253413843093382,-0.02701163428827173,5000,10.2,"{""params"": {""alpha"": 0.01, ""gamma"": 0.03162277660168379, ""gamma_p"": 0.7905694150420949}, ""tuning"": ""5-fold CV"", ""tuning_mae_D"": 0.5473733096475054, ""n_candidates"": 336, ""grid_edge"": [""embedding""], ""n_inputs"": 4, ""n_qubits"": 4, ""fit_seconds"": 10.25, ""offdiag_mean"": 0.8772738086522289, ""offdiag_sd"": 0.10326987303054197, ""alignment"": 0.6192501576215113, ""effective_df"": 20.893180018739958, ""kernel_participation_ratio"": 1.2803992026320012}",0.5473733096475054,pls4,4
0,300,pqk,dev_unseen,0.8585660160055271,1.1950872471270357,1.121988914939127,0.46543761203666245,-0.10117592875467196,4183,10.2,"{""params"": {""alpha"": 0.01, ""gamma"": 0.03162277660168379, ""gamma_p"": 0.7905694150420949}, ""tuning"": ""5-fold CV"", ""tuning_mae_D"": 0.5473733096475054, ""n_candidates"": 336, ""grid_edge"": [""embedding""], ""n_inputs"": 4, ""n_qubits"": 4, ""fit_seconds"": 10.25, ""offdiag_mean"": 0.8772738086522289, ""offdiag_sd"": 0.10326987303054197, ""alignment"": 0.6192501576215113, ""effective_df"": 20.893180018739958, ""kernel_participation_ratio"": 1.2803992026320012}",0.5473733096475054,pls4,4
0,1000,rbf_krr,dev,0.5599938979118418,0.8531077479884609,0.7850598796330911,0.685566038761519,-0.03047777494791809,5000,17.7,"{""params"": {""regressor__model__alpha"": 1e-05, ""regressor__model__gamma"": 0.0007905694150420948}, ""tuning"": ""5-fold CV"", ""tuning_mae_D"": 0.5594748769243051}",0.5594748769243051,pls4,4
0,1000,rbf_krr,dev_unseen,0.8405268000614657,1.1440619561952177,1.0657725386204235,0.5101103517781331,-0.09270269847422023,4183,17.7,"{""params"": {""regressor__model__alpha"": 1e-05, ""regressor__model__gamma"": 0.0007905694150420948}, ""tuning"": ""5-fold CV"", ""tuning_mae_D"": 0.5594748769243051}",0.5594748769243051,pls4,4
0,1000,qkrr,dev,0.5719553132940405,0.8712273094481757,0.8017889039917651,0.6720673676908777,-0.02469099202759663,5000,16.2,"{""params"": {""alpha"": 0.01, ""gamma"": 0.03162277660168379}, ""tuning"": ""5-fold CV"", ""tuning_mae_D"": 0.5649302387473988, ""n_candidates"": 88, ""grid_edge"": [""embedding""], ""n_inputs"": 4, ""n_qubits"": 4, ""fit_seconds"": 16.18, ""offdiag_mean"": 0.8410046930053536, ""offdiag_sd"": 0.14198987974870428, ""alignment"": 0.5625698192114963, ""effective_df"": 27.275818710752432, ""kernel_participation_ratio"": 1.3741500425986537}",0.5649302387473988,pls4,4
0,1000,qkrr,dev_unseen,0.8732471493275852,1.1703062384550333,1.0926868701315708,0.4873768505878745,-0.12224715865230597,4183,16.2,"{""params"": {""alpha"": 0.01, ""gamma"": 0.03162277660168379}, ""tuning"": ""5-fold CV"", ""tuning_mae_D"": 0.5649302387473988, ""n_candidates"": 88, ""grid_edge"": [""embedding""], ""n_inputs"": 4, ""n_qubits"": 4, ""fit_seconds"": 16.18, ""offdiag_mean"": 0.8410046930053536, ""offdiag_sd"": 0.14198987974870428, ""alignment"": 0.5625698192114963, ""effective_df"": 27.275818710752432, ""kernel_participation_ratio"": 1.3741500425986537}",0.5649302387473988,pls4,4
0,1000,pqk,dev,0.5680664729973584,0.8671909297613652,0.7958875407984208,0.6750989401726957,-0.029303665239753314,5000,19.3,"{""params"": {""alpha"": 0.0001, ""gamma"": 0.03162277660168379, ""gamma_p"": 0.07905694150420949}, ""tuning"": ""5-fold CV"", ""tuning_mae_D"": 0.5587588949305227, ""n_candidates"": 336, ""grid_edge"": [""embedding""], ""n_inputs"": 4, ""n_qubits"": 4, ""fit_seconds"": 19.29, ""offdiag_mean"": 0.9858194433316918, ""offdiag_sd"": 0.01412248913627973, ""alignment"": 0.6024653541772832, ""effective_df"": 26.655798609782007, ""kernel_participation_ratio"": 1.0287352712788163}",0.5587588949305227,pls4,4
0,1000,pqk,dev_unseen,0.8725162153472154,1.1708415005745976,1.0901202606213165,0.4869078271942735,-0.12084122299935977,4183,19.3,"{""params"": {""alpha"": 0.0001, ""gamma"": 0.03162277660168379, ""gamma_p"": 0.07905694150420949}, ""tuning"": ""5-fold CV"", ""tuning_mae_D"": 0.5587588949305227, ""n_candidates"": 336, ""grid_edge"": [""embedding""], ""n_inputs"": 4, ""n_qubits"": 4, ""fit_seconds"": 19.29, ""offdiag_mean"": 0.9858194433316918, ""offdiag_sd"": 0.01412248913627973, ""alignment"": 0.6024653541772832, ""effective_df"": 26.655798609782007, ""kernel_participation_ratio"": 1.0287352712788163}",0.5587588949305227,pls4,4
1,100,rbf_krr,dev,0.7290070490185757,1.0556852804647086,0.9440558805216736,0.5185063025072401,0.03941948286633365,5000,10.2,"{""params"": {""regressor__model__alpha"": 1.0, ""regressor__model__gamma"": 0.07905694150420949}, ""tuning"": ""5-fold CV"", ""tuning_mae_D"": 0.8543917605561692}",0.8543917605561692,pls4,4
1,100,rbf_krr,dev_unseen,0.9789740161064587,1.3281356289130333,1.2369792861564233,0.3397870647773882,0.17764589302574407,4183,10.2,"{""params"": {""regressor__model__alpha"": 1.0, ""regressor__model__gamma"": 0.07905694150420949}, ""tuning"": ""5-fold CV"", ""tuning_mae_D"": 0.8543917605561692}",0.8543917605561692,pls4,4
1,100,qkrr,dev,0.7340543040670429,1.071460130249391,0.964579007907222,0.5040091039911272,0.042428461566391934,5000,8.4,"{""params"": {""alpha"": 0.1, ""gamma"": 0.05623413251903491}, ""tuning"": ""5-fold CV"", ""tuning_mae_D"": 0.864356309376268, ""n_candidates"": 88, ""grid_edge"": [], ""n_inputs"": 4, ""n_qubits"": 4, ""fit_seconds"": 8.41, ""offdiag_mean"": 0.621881818598797, ""offdiag_sd"": 0.2568180680197306, ""alignment"": 0.3072545269824175, ""effective_df"": 17.131343415964356, ""kernel_participation_ratio"": 2.1826169821649386}",0.864356309376268,pls4,4
1,100,qkrr,dev_unseen,0.9910536200931952,1.3479021789171726,1.262414920569961,0.3199890203401212,0.22800592508384776,4183,8.4,"{""params"": {""alpha"": 0.1, ""gamma"": 0.05623413251903491}, ""tuning"": ""5-fold CV"", ""tuning_mae_D"": 0.864356309376268, ""n_candidates"": 88, ""grid_edge"": [], ""n_inputs"": 4, ""n_qubits"": 4, ""fit_seconds"": 8.41, ""offdiag_mean"": 0.621881818598797, ""offdiag_sd"": 0.2568180680197306, ""alignment"": 0.3072545269824175, ""effective_df"": 17.131343415964356, ""kernel_participation_ratio"": 2.1826169821649386}",0.864356309376268,pls4,4
1,100,pqk,dev,0.7511056445552625,1.100599199460054,0.9976702706940362,0.47666466401843255,0.0398031230869113,5000,8.1,"{""params"": {""alpha"": 0.01, ""gamma"": 0.03162277660168379, ""gamma_p"": 0.25}, ""tuning"": ""5-fold CV"", ""tuning_mae_D"": 0.8775021619357893, ""n_candidates"": 336, ""grid_edge"": [""embedding""], ""n_inputs"": 4, ""n_qubits"": 4, ""fit_seconds"": 8.11, ""offdiag_mean"": 0.9539451046633257, ""offdiag_sd"": 0.044788704477933705, ""alignment"": 0.38898993819896027, ""effective_df"": 9.751941696592533, ""kernel_participation_ratio"": 1.0954136894994042}",0.8775021619357893,pls4,4
1,100,pqk,dev_unseen,0.9715033951772537,1.3320706994476348,1.2436179157229406,0.3358690414456471,0.1855421419404228,4183,8.1,"{""params"": {""alpha"": 0.01, ""gamma"": 0.03162277660168379, ""gamma_p"": 0.25}, ""tuning"": ""5-fold CV"", ""tuning_mae_D"": 0.8775021619357893, ""n_candidates"": 336, ""grid_edge"": [""embedding""], ""n_inputs"": 4, ""n_qubits"": 4, ""fit_seconds"": 8.11, ""offdiag_mean"": 0.9539451046633257, ""offdiag_sd"": 0.044788704477933705, ""alignment"": 0.38898993819896027, ""effective_df"": 9.751941696592533, ""kernel_participation_ratio"": 1.0954136894994042}",0.8775021619357893,pls4,4
1,300,rbf_krr,dev,0.6140984692727058,0.9851858195764295,0.8589302078974357,0.5806680258637098,0.026652110223250827,5000,14.3,"{""params"": {""regressor__model__alpha"": 1e-06, ""regressor__model__gamma"": 0.0007905694150420948}, ""tuning"": ""5-fold CV"", ""tuning_mae_D"": 0.6518560323008783}",0.6518560323008783,pls4,4
1,300,rbf_krr,dev_unseen,0.8748198460200463,1.2324764312702194,1.1383572102153787,0.43146602830612657,-0.01732423915551539,4183,14.3,"{""params"": {""regressor__model__alpha"": 1e-06, ""regressor__model__gamma"": 0.0007905694150420948}, ""tuning"": ""5-fold CV"", ""tuning_mae_D"": 0.6518560323008783}",0.6518560323008783,pls4,4
1,300,qkrr,dev,0.6164114884035287,0.9813584547783011,0.8507544798733987,0.5839198366034986,0.028244991885418194,5000,10.1,"{""params"": {""alpha"": 0.001, ""gamma"": 0.03162277660168379}, ""tuning"": ""5-fold CV"", ""tuning_mae_D"": 0.6676249149156487, ""n_candidates"": 88, ""grid_edge"": [""embedding""], ""n_inputs"": 4, ""n_qubits"": 4, ""fit_seconds"": 10.07, ""offdiag_mean"": 0.8339960089849872, ""offdiag_sd"": 0.13695819192546577, ""alignment"": 0.287061531305347, ""effective_df"": 31.608026317358657, ""kernel_participation_ratio"": 1.3980945654516366}",0.6676249149156487,pls4,4
1,300,qkrr,dev_unseen,0.8761808183267512,1.230890658385944,1.137640378043977,0.4329281021127501,-0.02272154880732122,4183,10.1,"{""params"": {""alpha"": 0.001, ""gamma"": 0.03162277660168379}, ""tuning"": ""5-fold CV"", ""tuning_mae_D"": 0.6676249149156487, ""n_candidates"": 88, ""grid_edge"": [""embedding""], ""n_inputs"": 4, ""n_qubits"": 4, ""fit_seconds"": 10.07, ""offdiag_mean"": 0.8339960089849872, ""offdiag_sd"": 0.13695819192546577, ""alignment"": 0.287061531305347, ""effective_df"": 31.608026317358657, ""kernel_participation_ratio"": 1.3980945654516366}",0.6676249149156487,pls4,4
1,300,pqk,dev,0.6222360241272358,0.9799556915124723,0.8505946560452234,0.585108484482327,0.020999298141416683,5000,14.2,"{""params"": {""alpha"": 1e-06, ""gamma"": 0.03162277660168379, ""gamma_p"": 0.025}, ""tuning"": ""5-fold CV"", ""tuning_mae_D"": 0.663120390538629, ""n_candidates"": 336, ""grid_edge"": [""alpha"", ""embedding"", ""kernel""], ""n_inputs"": 4, ""n_qubits"": 4, ""fit_seconds"": 14.18, ""offdiag_mean"": 0.9951992324127541, ""offdiag_sd"": 0.004657386169256183, ""alignment"": 0.2952676810150357, ""effective_df"": 29.86845609586184, ""kernel_participation_ratio"": 1.0096165375189698}",0.663120390538629,pls4,4
1,300,pqk,dev_unseen,0.8743551348764721,1.222215047316498,1.1294188087730868,0.4408936474000098,0.004092231127678994,4183,14.2,"{""params"": {""alpha"": 1e-06, ""gamma"": 0.03162277660168379, ""gamma_p"": 0.025}, ""tuning"": ""5-fold CV"", ""tuning_mae_D"": 0.663120390538629, ""n_candidates"": 336, ""grid_edge"": [""alpha"", ""embedding"", ""kernel""], ""n_inputs"": 4, ""n_qubits"": 4, ""fit_seconds"": 14.18, ""offdiag_mean"": 0.9951992324127541, ""offdiag_sd"": 0.004657386169256183, ""alignment"": 0.2952676810150357, ""effective_df"": 29.86845609586184, ""kernel_participation_ratio"": 1.0096165375189698}",0.663120390538629,pls4,4
1,1000,rbf_krr,dev,0.5657536341759182,0.870491202304025,0.7852351110645881,0.6726212795646755,0.014975899153388587,5000,21.7,"{""params"": {""regressor__model__alpha"": 0.1, ""regressor__model__gamma"": 0.07905694150420949}, ""tuning"": ""5-fold CV"", ""tuning_mae_D"": 0.6081093406950304}",0.6081093406950304,pls4,4
1,1000,rbf_krr,dev_unseen,0.8142108782834343,1.1559162194945207,1.0606100155325229,0.4999057171737644,-0.12703454471261683,4183,21.7,"{""params"": {""regressor__model__alpha"": 0.1, ""regressor__model__gamma"": 0.07905694150420949}, ""tuning"": ""5-fold CV"", ""tuning_mae_D"": 0.6081093406950304}",0.6081093406950304,pls4,4
1,1000,qkrr,dev,0.576567723371959,0.8905733150176879,0.7955878527960253,0.6573418781191664,-0.002399021090630424,5000,21.6,"{""params"": {""alpha"": 0.1, ""gamma"": 0.1}, ""tuning"": ""5-fold CV"", ""tuning_mae_D"": 0.6178093941482461, ""n_candidates"": 88, ""grid_edge"": [], ""n_inputs"": 4, ""n_qubits"": 4, ""fit_seconds"": 21.62, ""offdiag_mean"": 0.3530221311696806, ""offdiag_sd"": 0.27678668074667184, ""alignment"": 0.18957678459029925, ""effective_df"": 70.3483114903055, ""kernel_participation_ratio"": 4.949655660370626}",0.6178093941482461,pls4,4
1,1000,qkrr,dev_unseen,0.8209836116510923,1.158376801819685,1.0585780774145463,0.4977743639995774,-0.11866781131140339,4183,21.6,"{""params"": {""alpha"": 0.1, ""gamma"": 0.1}, ""tuning"": ""5-fold CV"", ""tuning_mae_D"": 0.6178093941482461, ""n_candidates"": 88, ""grid_edge"": [], ""n_inputs"": 4, ""n_qubits"": 4, ""fit_seconds"": 21.62, ""offdiag_mean"": 0.3530221311696806, ""offdiag_sd"": 0.27678668074667184, ""alignment"": 0.18957678459029925, ""effective_df"": 70.3483114903055, ""kernel_participation_ratio"": 4.949655660370626}",0.6178093941482461,pls4,4
1,1000,pqk,dev,0.5696017523760339,0.8815487991954016,0.7778735389728825,0.6642512605335213,0.004177793652040031,5000,25.0,"{""params"": {""alpha"": 0.1, ""gamma"": 0.03162277660168379, ""gamma_p"": 2.5}, ""tuning"": ""5-fold CV"", ""tuning_mae_D"": 0.6191090983757794, ""n_candidates"": 336, ""grid_edge"": [""embedding""], ""n_inputs"": 4, ""n_qubits"": 4, ""fit_seconds"": 24.97, ""offdiag_mean"": 0.6687830559713709, ""offdiag_sd"": 0.23180487995114066, ""alignment"": 0.24737884233613675, ""effective_df"": 30.293889847832386, ""kernel_participation_ratio"": 1.9940049282904218}",0.6191090983757794,pls4,4
1,1000,pqk,dev_unseen,0.8147099494692422,1.1476853091959969,1.0473091554244536,0.5070023837480951,-0.020905747644168155,4183,25.0,"{""params"": {""alpha"": 0.1, ""gamma"": 0.03162277660168379, ""gamma_p"": 2.5}, ""tuning"": ""5-fold CV"", ""tuning_mae_D"": 0.6191090983757794, ""n_candidates"": 336, ""grid_edge"": [""embedding""], ""n_inputs"": 4, ""n_qubits"": 4, ""fit_seconds"": 24.97, ""offdiag_mean"": 0.6687830559713709, ""offdiag_sd"": 0.23180487995114066, ""alignment"": 0.24737884233613675, ""effective_df"": 30.293889847832386, ""kernel_participation_ratio"": 1.9940049282904218}",0.6191090983757794,pls4,4
2,100,rbf_krr,dev,0.674967957385102,1.0469484929261028,0.9090436512483818,0.5264429498824132,-0.17494781858113542,5000,12.8,"{""params"": {""regressor__model__alpha"": 1.0, ""regressor__model__gamma"": 0.07905694150420949}, ""tuning"": ""5-fold CV"", ""tuning_mae_D"": 0.6064882298319465}",0.6064882298319465,pls4,4
2,100,rbf_krr,dev_unseen,0.9509367112903572,1.325449279995824,1.206835282332565,0.342455118581947,-0.3285053410034835,4183,12.8,"{""params"": {""regressor__model__alpha"": 1.0, ""regressor__model__gamma"": 0.07905694150420949}, ""tuning"": ""5-fold CV"", ""tuning_mae_D"": 0.6064882298319465}",0.6064882298319465,pls4,4
2,100,qkrr,dev,0.6864466274563605,1.0624898593181016,0.9311485317399898,0.5122792175317504,-0.12150277036175205,5000,8.5,"{""params"": {""alpha"": 0.1, ""gamma"": 0.1}, ""tuning"": ""5-fold CV"", ""tuning_mae_D"": 0.6082440457376941, ""n_candidates"": 88, ""grid_edge"": [], ""n_inputs"": 4, ""n_qubits"": 4, ""fit_seconds"": 8.51, ""offdiag_mean"": 0.3700443935022934, ""offdiag_sd"": 0.2806259769143599, ""alignment"": 0.37847491394730376, ""effective_df"": 29.030495024407973, ""kernel_participation_ratio"": 4.473733397183975}",0.6082440457376941,pls4,4
2,100,qkrr,dev_unseen,0.9654718282799181,1.339853894331753,1.2334980396690827,0.3280854276943148,-0.2302547360042924,4183,8.5,"{""params"": {""alpha"": 0.1, ""gamma"": 0.1}, ""tuning"": ""5-fold CV"", ""tuning_mae_D"": 0.6082440457376941, ""n_candidates"": 88, ""grid_edge"": [], ""n_inputs"": 4, ""n_qubits"": 4, ""fit_seconds"": 8.51, ""offdiag_mean"": 0.3700443935022934, ""offdiag_sd"": 0.2806259769143599, ""alignment"": 0.37847491394730376, ""effective_df"": 29.030495024407973, ""kernel_participation_ratio"": 4.473733397183975}",0.6082440457376941,pls4,4
2,100,pqk,dev,0.684662500604043,1.0575585321969885,0.9226735275113916,0.5167960216948564,-0.13230865931646477,5000,8.8,"{""params"": {""alpha"": 0.1, ""gamma"": 0.03162277660168379, ""gamma_p"": 7.905694150420948}, ""tuning"": ""5-fold CV"", ""tuning_mae_D"": 0.5855904251805856, ""n_candidates"": 336, ""grid_edge"": [""embedding""], ""n_inputs"": 4, ""n_qubits"": 4, ""fit_seconds"": 8.78, ""offdiag_mean"": 0.38930941480853887, ""offdiag_sd"": 0.29322556048234466, ""alignment"": 0.3769736389083159, ""effective_df"": 25.26949162592838, ""kernel_participation_ratio"": 4.078842071121918}",0.5855904251805856,pls4,4
2,100,pqk,dev_unseen,0.969359633298871,1.3525688802523788,1.2439082970481803,0.3152722067957563,-0.2846862139687488,4183,8.8,"{""params"": {""alpha"": 0.1, ""gamma"": 0.03162277660168379, ""gamma_p"": 7.905694150420948}, ""tuning"": ""5-fold CV"", ""tuning_mae_D"": 0.5855904251805856, ""n_candidates"": 336, ""grid_edge"": [""embedding""], ""n_inputs"": 4, ""n_qubits"": 4, ""fit_seconds"": 8.78, ""offdiag_mean"": 0.38930941480853887, ""offdiag_sd"": 0.29322556048234466, ""alignment"": 0.3769736389083159, ""effective_df"": 25.26949162592838, ""kernel_participation_ratio"": 4.078842071121918}",0.5855904251805856,pls4,4
2,300,rbf_krr,dev,0.6144819406335635,0.9593275146339023,0.833348143349801,0.6023916686457313,-0.052123435414548024,5000,15.5,"{""params"": {""regressor__model__alpha"": 1.0, ""regressor__model__gamma"": 0.07905694150420949}, ""tuning"": ""5-fold CV"", ""tuning_mae_D"": 0.6151969348504707}",0.6151969348504707,pls4,4
2,300,rbf_krr,dev_unseen,0.865093977587316,1.2114483921179886,1.0999903213314197,0.45070074499351,-0.02788543726678022,4183,15.5,"{""params"": {""regressor__model__alpha"": 1.0, ""regressor__model__gamma"": 0.07905694150420949}, ""tuning"": ""5-fold CV"", ""tuning_mae_D"": 0.6151969348504707}",0.6151969348504707,pls4,4
2,300,qkrr,dev,0.5998692442735315,0.927787410565773,0.8185925067084283,0.6281064683497896,-0.04525953526993596,5000,11.7,"{""params"": {""alpha"": 0.1, ""gamma"": 0.03162277660168379}, ""tuning"": ""5-fold CV"", ""tuning_mae_D"": 0.6149522114512997, ""n_candidates"": 88, ""grid_edge"": [""embedding""], ""n_inputs"": 4, ""n_qubits"": 4, ""fit_seconds"": 11.72, ""offdiag_mean"": 0.8337386131548609, ""offdiag_sd"": 0.1328265843713367, ""alignment"": 0.5485258416516287, ""effective_df"": 12.632334692520082, ""kernel_participation_ratio"": 1.4011088282005324}",0.6149522114512997,pls4,4
2,300,qkrr,dev_unseen,0.8442520456084481,1.1800034208067647,1.076799668268873,0.47884644222124384,-0.022119093745577422,4183,11.7,"{""params"": {""alpha"": 0.1, ""gamma"": 0.03162277660168379}, ""tuning"": ""5-fold CV"", ""tuning_mae_D"": 0.6149522114512997, ""n_candidates"": 88, ""grid_edge"": [""embedding""], ""n_inputs"": 4, ""n_qubits"": 4, ""fit_seconds"": 11.72, ""offdiag_mean"": 0.8337386131548609, ""offdiag_sd"": 0.1328265843713367, ""alignment"": 0.5485258416516287, ""effective_df"": 12.632334692520082, ""kernel_participation_ratio"": 1.4011088282005324}",0.6149522114512997,pls4,4
2,300,pqk,dev,0.6811404685060543,1.039193922264064,0.9200410904049413,0.5334320841764437,-0.040515705698205576,5000,11.8,"{""params"": {""alpha"": 0.01, ""gamma"": 0.1, ""gamma_p"": 0.7905694150420949}, ""tuning"": ""5-fold CV"", ""tuning_mae_D"": 0.60620781131329, ""n_candidates"": 336, ""grid_edge"": [], ""n_inputs"": 4, ""n_qubits"": 4, ""fit_seconds"": 11.8, ""offdiag_mean"": 0.5356886598189817, ""offdiag_sd"": 0.240202235918984, ""alignment"": 0.4257947112446161, ""effective_df"": 84.34673522043147, ""kernel_participation_ratio"": 2.8831411883583247}",0.60620781131329,pls4,4
2,300,pqk,dev_unseen,0.9653287127778348,1.3275539293524141,1.2304773384436922,0.3403652609547093,0.1020660049313888,4183,11.8,"{""params"": {""alpha"": 0.01, ""gamma"": 0.1, ""gamma_p"": 0.7905694150420949}, ""tuning"": ""5-fold CV"", ""tuning_mae_D"": 0.60620781131329, ""n_candidates"": 336, ""grid_edge"": [], ""n_inputs"": 4, ""n_qubits"": 4, ""fit_seconds"": 11.8, ""offdiag_mean"": 0.5356886598189817, ""offdiag_sd"": 0.240202235918984, ""alignment"": 0.4257947112446161, ""effective_df"": 84.34673522043147, ""kernel_participation_ratio"": 2.8831411883583247}",0.60620781131329,pls4,4
2,1000,rbf_krr,dev,0.5821236983511748,0.8717270177572872,0.8004547022947394,0.6716910763259978,-0.021766844949661218,5000,19.8,"{""params"": {""regressor__model__alpha"": 1e-05, ""regressor__model__gamma"": 0.00025}, ""tuning"": ""5-fold CV"", ""tuning_mae_D"": 0.5557408467315736}",0.5557408467315736,pls4,4
2,1000,rbf_krr,dev_unseen,0.8568575633398786,1.183083764146008,1.0969486981791186,0.4761219972175784,-0.27717052128880415,4183,19.8,"{""params"": {""regressor__model__alpha"": 1e-05, ""regressor__model__gamma"": 0.00025}, ""tuning"": ""5-fold CV"", ""tuning_mae_D"": 0.5557408467315736}",0.5557408467315736,pls4,4
2,1000,qkrr,dev,0.5879058680913944,0.8956232667395427,0.808993590512851,0.6534448085872007,-0.02811419601440461,5000,14.1,"{""params"": {""alpha"": 0.1, ""gamma"": 0.05623413251903491}, ""tuning"": ""5-fold CV"", ""tuning_mae_D"": 0.5559286377950162, ""n_candidates"": 88, ""grid_edge"": [], ""n_inputs"": 4, ""n_qubits"": 4, ""fit_seconds"": 14.1, ""offdiag_mean"": 0.6266275330864375, ""offdiag_sd"": 0.22883137480732307, ""alignment"": 0.40908745461150436, ""effective_df"": 35.25747737859416, ""kernel_participation_ratio"": 2.2442616825981636}",0.5559286377950162,pls4,4
2,1000,qkrr,dev_unseen,0.8606680089551455,1.199013301130427,1.1043689240731933,0.4619195958813819,-0.2441632424448981,4183,14.1,"{""params"": {""alpha"": 0.1, ""gamma"": 0.05623413251903491}, ""tuning"": ""5-fold CV"", ""tuning_mae_D"": 0.5559286377950162, ""n_candidates"": 88, ""grid_edge"": [], ""n_inputs"": 4, ""n_qubits"": 4, ""fit_seconds"": 14.1, ""offdiag_mean"": 0.6266275330864375, ""offdiag_sd"": 0.22883137480732307, ""alignment"": 0.40908745461150436, ""effective_df"": 35.25747737859416, ""kernel_participation_ratio"": 2.2442616825981636}",0.5559286377950162,pls4,4
2,1000,pqk,dev,0.5855927478803292,0.8786411244883335,0.8055253005744718,0.6664624554316034,-0.02718451959919306,5000,21.6,"{""params"": {""alpha"": 0.001, ""gamma"": 0.03162277660168379, ""gamma_p"": 0.25}, ""tuning"": ""5-fold CV"", ""tuning_mae_D"": 0.5558012112364489, ""n_candidates"": 336, ""grid_edge"": [""embedding""], ""n_inputs"": 4, ""n_qubits"": 4, ""fit_seconds"": 21.56, ""offdiag_mean"": 0.9558101340804396, ""offdiag_sd"": 0.03986960353620716, ""alignment"": 0.5536268353247339, ""effective_df"": 27.72946463210094, ""kernel_participation_ratio"": 1.0926007128241786}",0.5558012112364489,pls4,4
2,1000,pqk,dev_unseen,0.8595104884444289,1.1906031760546893,1.1012260124550477,0.46944153533253186,-0.25448640279267765,4183,21.6,"{""params"": {""alpha"": 0.001, ""gamma"": 0.03162277660168379, ""gamma_p"": 0.25}, ""tuning"": ""5-fold CV"", ""tuning_mae_D"": 0.5558012112364489, ""n_candidates"": 336, ""grid_edge"": [""embedding""], ""n_inputs"": 4, ""n_qubits"": 4, ""fit_seconds"": 21.56, ""offdiag_mean"": 0.9558101340804396, ""offdiag_sd"": 0.03986960353620716, ""alignment"": 0.5536268353247339, ""effective_df"": 27.72946463210094, ""kernel_participation_ratio"": 1.0926007128241786}",0.5558012112364489,pls4,4
0,100,rbf_krr,dev,0.6404411492599902,1.0184463450310717,0.8629528993296814,0.5518762286195016,-0.13423721742089775,5000,12.4,"{""params"": {""regressor__model__alpha"": 0.001, ""regressor__model__gamma"": 0.00016666666666666666}, ""tuning"": ""5-fold CV"", ""tuning_mae_D"": 0.6372075751597037}",0.6372075751597037,pls6,6
0,100,rbf_krr,dev_unseen,0.8806865781752714,1.2478915273766833,1.1257183415076113,0.4171553070211559,-0.3558347292739567,4183,12.4,"{""params"": {""regressor__model__alpha"": 0.001, ""regressor__model__gamma"": 0.00016666666666666666}, ""tuning"": ""5-fold CV"", ""tuning_mae_D"": 0.6372075751597037}",0.6372075751597037,pls6,6
0,100,qkrr,dev,0.6503025630014287,1.0274028517402458,0.8757561804114086,0.5439597152794661,-0.10598504143060293,5000,7.9,"{""params"": {""alpha"": 0.1, ""gamma"": 0.025819888974716116}, ""tuning"": ""5-fold CV"", ""tuning_mae_D"": 0.6653014514875512, ""n_candidates"": 88, ""grid_edge"": [""embedding""], ""n_inputs"": 6, ""n_qubits"": 6, ""fit_seconds"": 7.86, ""offdiag_mean"": 0.8111735592951891, ""offdiag_sd"": 0.13800394989289455, ""alignment"": 0.5020444658036353, ""effective_df"": 13.669584868207606, ""kernel_participation_ratio"": 1.469989091193758}",0.6653014514875512,pls6,6
0,100,qkrr,dev_unseen,0.880787357961337,1.2485418275002222,1.1313871003116323,0.4165476857241929,-0.21555810506089249,4183,7.9,"{""params"": {""alpha"": 0.1, ""gamma"": 0.025819888974716116}, ""tuning"": ""5-fold CV"", ""tuning_mae_D"": 0.6653014514875512, ""n_candidates"": 88, ""grid_edge"": [""embedding""], ""n_inputs"": 6, ""n_qubits"": 6, ""fit_seconds"": 7.86, ""offdiag_mean"": 0.8111735592951891, ""offdiag_sd"": 0.13800394989289455, ""alignment"": 0.5020444658036353, ""effective_df"": 13.669584868207606, ""kernel_participation_ratio"": 1.469989091193758}",0.6653014514875512,pls6,6
0,100,pqk,dev,0.6524753489230221,1.029839068151552,0.8767651563918678,0.5417943912067573,-0.10982292382857038,5000,10.5,"{""params"": {""alpha"": 0.001, ""gamma"": 0.025819888974716116, ""gamma_p"": 0.016666666666666666}, ""tuning"": ""5-fold CV"", ""tuning_mae_D"": 0.6625859048538645, ""n_candidates"": 336, ""grid_edge"": [""embedding"", ""kernel""], ""n_inputs"": 6, ""n_qubits"": 6, ""fit_seconds"": 10.52, ""offdiag_mean"": 0.9965797346015173, ""offdiag_sd"": 0.0030393135120383133, ""alignment"": 0.5059851819153391, ""effective_df"": 8.725759231755868, ""kernel_participation_ratio"": 1.006797290424553}",0.6625859048538645,pls6,6
0,100,pqk,dev_unseen,0.9080051666538329,1.2629771777270642,1.144109814694081,0.40297821312811255,-0.31784739817734986,4183,10.5,"{""params"": {""alpha"": 0.001, ""gamma"": 0.025819888974716116, ""gamma_p"": 0.016666666666666666}, ""tuning"": ""5-fold CV"", ""tuning_mae_D"": 0.6625859048538645, ""n_candidates"": 336, ""grid_edge"": [""embedding"", ""kernel""], ""n_inputs"": 6, ""n_qubits"": 6, ""fit_seconds"": 10.52, ""offdiag_mean"": 0.9965797346015173, ""offdiag_sd"": 0.0030393135120383133, ""alignment"": 0.5059851819153391, ""effective_df"": 8.725759231755868, ""kernel_participation_ratio"": 1.006797290424553}",0.6625859048538645,pls6,6
0,300,rbf_krr,dev,0.5782215330113815,0.8943951922739446,0.7938624274249267,0.6543945467415029,-0.06192591818962691,5000,11.5,"{""params"": {""regressor__model__alpha"": 0.1, ""regressor__model__gamma"": 0.016666666666666666}, ""tuning"": ""5-fold CV"", ""tuning_mae_D"": 0.4939611155964465}",0.4939611155964465,pls6,6
0,300,rbf_krr,dev_unseen,0.8286546571684901,1.1596672530395442,1.0826889189279592,0.4966547651273321,-0.17153184906774968,4183,11.5,"{""params"": {""regressor__model__alpha"": 0.1, ""regressor__model__gamma"": 0.016666666666666666}, ""tuning"": ""5-fold CV"", ""tuning_mae_D"": 0.4939611155964465}",0.4939611155964465,pls6,6
0,300,qkrr,dev,0.5796449243663563,0.9007555402074029,0.8050786690111935,0.6494616335964991,-0.06036194346865615,5000,15.0,"{""params"": {""alpha"": 0.01, ""gamma"": 0.025819888974716116}, ""tuning"": ""5-fold CV"", ""tuning_mae_D"": 0.4992548675060773, ""n_candidates"": 88, ""grid_edge"": [""embedding""], ""n_inputs"": 6, ""n_qubits"": 6, ""fit_seconds"": 15.01, ""offdiag_mean"": 0.8148115387291333, ""offdiag_sd"": 0.1371490118318983, ""alignment"": 0.48340255872963783, ""effective_df"": 34.281941589574785, ""kernel_participation_ratio"": 1.4624474154226887}",0.4992548675060773,pls6,6
0,300,qkrr,dev_unseen,0.8184512150994111,1.1486993840499775,1.077681838945137,0.5061307905520958,-0.13892035345416556,4183,15.0,"{""params"": {""alpha"": 0.01, ""gamma"": 0.025819888974716116}, ""tuning"": ""5-fold CV"", ""tuning_mae_D"": 0.4992548675060773, ""n_candidates"": 88, ""grid_edge"": [""embedding""], ""n_inputs"": 6, ""n_qubits"": 6, ""fit_seconds"": 15.01, ""offdiag_mean"": 0.8148115387291333, ""offdiag_sd"": 0.1371490118318983, ""alignment"": 0.48340255872963783, ""effective_df"": 34.281941589574785, ""kernel_participation_ratio"": 1.4624474154226887}",0.4992548675060773,pls6,6
0,300,pqk,dev,0.5883925319765536,0.9016639484154474,0.8097426102592323,0.6487542441135794,-0.05802103559171115,5000,18.1,"{""params"": {""alpha"": 0.001, ""gamma"": 0.025819888974716116, ""gamma_p"": 0.16666666666666666}, ""tuning"": ""5-fold CV"", ""tuning_mae_D"": 0.4869574123451775, ""n_candidates"": 336, ""grid_edge"": [""embedding""], ""n_inputs"": 6, ""n_qubits"": 6, ""fit_seconds"": 18.05, ""offdiag_mean"": 0.9684823802225572, ""offdiag_sd"": 0.02500241572064821, ""alignment"": 0.5396971575825336, ""effective_df"": 24.452494854683838, ""kernel_participation_ratio"": 1.0652032601801036}",0.4869574123451775,pls6,6
0,300,pqk,dev_unseen,0.8345305619901101,1.1571300367288488,1.0832100628695314,0.4988548766997397,-0.20649847425357443,4183,18.1,"{""params"": {""alpha"": 0.001, ""gamma"": 0.025819888974716116, ""gamma_p"": 0.16666666666666666}, ""tuning"": ""5-fold CV"", ""tuning_mae_D"": 0.4869574123451775, ""n_candidates"": 336, ""grid_edge"": [""embedding""], ""n_inputs"": 6, ""n_qubits"": 6, ""fit_seconds"": 18.05, ""offdiag_mean"": 0.9684823802225572, ""offdiag_sd"": 0.02500241572064821, ""alignment"": 0.5396971575825336, ""effective_df"": 24.452494854683838, ""kernel_participation_ratio"": 1.0652032601801036}",0.4869574123451775,pls6,6
0,1000,rbf_krr,dev,0.5291947900421926,0.8111074003569497,0.740336736279907,0.7157644454992353,-0.032799190511749864,5000,19.9,"{""params"": {""regressor__model__alpha"": 0.1, ""regressor__model__gamma"": 0.05270462766947299}, ""tuning"": ""5-fold CV"", ""tuning_mae_D"": 0.522496498131074}",0.522496498131074,pls6,6
0,1000,rbf_krr,dev_unseen,0.7887467800445217,1.0991059966976382,1.0268940778183633,0.5478543790488084,-0.2456912634920487,4183,19.9,"{""params"": {""regressor__model__alpha"": 0.1, ""regressor__model__gamma"": 0.05270462766947299}, ""tuning"": ""5-fold CV"", ""tuning_mae_D"": 0.522496498131074}",0.522496498131074,pls6,6
0,1000,qkrr,dev,0.544235799757191,0.866948241046007,0.7685576886916808,0.6752807658464168,-0.023737673185103135,5000,18.4,"{""params"": {""alpha"": 0.001, ""gamma"": 0.025819888974716116}, ""tuning"": ""5-fold CV"", ""tuning_mae_D"": 0.5237847406699949, ""n_candidates"": 88, ""grid_edge"": [""embedding""], ""n_inputs"": 6, ""n_qubits"": 6, ""fit_seconds"": 18.45, ""offdiag_mean"": 0.8172047429549968, ""offdiag_sd"": 0.13232246758575672, ""alignment"": 0.45682390503977977, ""effective_df"": 81.55202131306172, ""kernel_participation_ratio"": 1.4584753944392512}",0.5237847406699949,pls6,6
0,1000,qkrr,dev_unseen,0.7888087987045056,1.098515827997719,1.030464829963533,0.5483398109419675,-0.21316493195752176,4183,18.4,"{""params"": {""alpha"": 0.001, ""gamma"": 0.025819888974716116}, ""tuning"": ""5-fold CV"", ""tuning_mae_D"": 0.5237847406699949, ""n_candidates"": 88, ""grid_edge"": [""embedding""], ""n_inputs"": 6, ""n_qubits"": 6, ""fit_seconds"": 18.45, ""offdiag_mean"": 0.8172047429549968, ""offdiag_sd"": 0.13232246758575672, ""alignment"": 0.45682390503977977, ""effective_df"": 81.55202131306172, ""kernel_participation_ratio"": 1.4584753944392512}",0.5237847406699949,pls6,6
0,1000,pqk,dev,0.5392734929151598,0.8190983547776975,0.7491260736100883,0.710136333258095,-0.02260326469861571,5000,16.2,"{""params"": {""alpha"": 0.1, ""gamma"": 0.025819888974716116, ""gamma_p"": 1.6666666666666667}, ""tuning"": ""5-fold CV"", ""tuning_mae_D"": 0.5248434625548696, ""n_candidates"": 336, ""grid_edge"": [""embedding""], ""n_inputs"": 6, ""n_qubits"": 6, ""fit_seconds"": 16.18, ""offdiag_mean"": 0.7448755071978588, ""offdiag_sd"": 0.16530096231746516, ""alignment"": 0.45998522241241135, ""effective_df"": 38.31608230606914, ""kernel_participation_ratio"": 1.7164972529648652}",0.5248434625548696,pls6,6
0,1000,pqk,dev_unseen,0.7968485310035879,1.1015274393831491,1.0284773734438324,0.5458599385903895,-0.2617468852177741,4183,16.2,"{""params"": {""alpha"": 0.1, ""gamma"": 0.025819888974716116, ""gamma_p"": 1.6666666666666667}, ""tuning"": ""5-fold CV"", ""tuning_mae_D"": 0.5248434625548696, ""n_candidates"": 336, ""grid_edge"": [""embedding""], ""n_inputs"": 6, ""n_qubits"": 6, ""fit_seconds"": 16.18, ""offdiag_mean"": 0.7448755071978588, ""offdiag_sd"": 0.16530096231746516, ""alignment"": 0.45998522241241135, ""effective_df"": 38.31608230606914, ""kernel_participation_ratio"": 1.7164972529648652}",0.5248434625548696,pls6,6
1,100,rbf_krr,dev,0.7409689892076853,1.0637057419680065,0.9563647335152483,0.5111623117191488,0.035497518174382736,5000,11.1,"{""params"": {""regressor__model__alpha"": 1.0, ""regressor__model__gamma"": 0.05270462766947299}, ""tuning"": ""5-fold CV"", ""tuning_mae_D"": 0.8821832491750314}",0.8821832491750314,pls6,6
1,100,rbf_krr,dev_unseen,1.0013180419298195,1.3564536009895622,1.2717405324934938,0.31133333734088253,0.35890585746453507,4183,11.1,"{""params"": {""regressor__model__alpha"": 1.0, ""regressor__model__gamma"": 0.05270462766947299}, ""tuning"": ""5-fold CV"", ""tuning_mae_D"": 0.8821832491750314}",0.8821832491750314,pls6,6
1,100,qkrr,dev,0.7556568095674417,1.0939167144353623,0.9946877501947192,0.48300041942965855,0.033733647324064614,5000,7.9,"{""params"": {""alpha"": 0.1, ""gamma"": 0.045914976933228664}, ""tuning"": ""5-fold CV"", ""tuning_mae_D"": 0.8864057997455448, ""n_candidates"": 88, ""grid_edge"": [], ""n_inputs"": 6, ""n_qubits"": 6, ""fit_seconds"": 7.94, ""offdiag_mean"": 0.5574346305331122, ""offdiag_sd"": 0.23221652260274683, ""alignment"": 0.24330815052544608, ""effective_df"": 26.012643331668233, ""kernel_participation_ratio"": 2.695335680966084}",0.8864057997455448,pls6,6
1,100,qkrr,dev_unseen,1.0191159585094567,1.3984824912670375,1.322109896381608,0.26799635908116837,0.43299338597228904,4183,7.9,"{""params"": {""alpha"": 0.1, ""gamma"": 0.045914976933228664}, ""tuning"": ""5-fold CV"", ""tuning_mae_D"": 0.8864057997455448, ""n_candidates"": 88, ""grid_edge"": [], ""n_inputs"": 6, ""n_qubits"": 6, ""fit_seconds"": 7.94, ""offdiag_mean"": 0.5574346305331122, ""offdiag_sd"": 0.23221652260274683, ""alignment"": 0.24330815052544608, ""effective_df"": 26.012643331668233, ""kernel_participation_ratio"": 2.695335680966084}",0.8864057997455448,pls6,6
1,100,pqk,dev,0.7656518671452227,1.1181511579302195,1.0222362260239792,0.4598396398229919,0.03999967180768775,5000,13.5,"{""params"": {""alpha"": 0.01, ""gamma"": 0.025819888974716116, ""gamma_p"": 0.5270462766947299}, ""tuning"": ""5-fold CV"", ""tuning_mae_D"": 0.8873444376022439, ""n_candidates"": 336, ""grid_edge"": [""embedding""], ""n_inputs"": 6, ""n_qubits"": 6, ""fit_seconds"": 13.47, ""offdiag_mean"": 0.9014752999231911, ""offdiag_sd"": 0.07355899299867247, ""alignment"": 0.30451774832229694, ""effective_df"": 17.270538957546638, ""kernel_participation_ratio"": 1.2196788517362847}",0.8873444376022439,pls6,6
1,100,pqk,dev_unseen,1.0110566412214754,1.388015461383792,1.311014072071948,0.278912807490703,0.41717390153623024,4183,13.5,"{""params"": {""alpha"": 0.01, ""gamma"": 0.025819888974716116, ""gamma_p"": 0.5270462766947299}, ""tuning"": ""5-fold CV"", ""tuning_mae_D"": 0.8873444376022439, ""n_candidates"": 336, ""grid_edge"": [""embedding""], ""n_inputs"": 6, ""n_qubits"": 6, ""fit_seconds"": 13.47, ""offdiag_mean"": 0.9014752999231911, ""offdiag_sd"": 0.07355899299867247, ""alignment"": 0.30451774832229694, ""effective_df"": 17.270538957546638, ""kernel_participation_ratio"": 1.2196788517362847}",0.8873444376022439,pls6,6
1,300,rbf_krr,dev,0.5935779364451601,0.9574972180723106,0.8280541303757945,0.6039074115461202,0.02294324826379874,5000,14.8,"{""params"": {""regressor__model__alpha"": 0.1, ""regressor__model__gamma"": 0.05270462766947299}, ""tuning"": ""5-fold CV"", ""tuning_mae_D"": 0.6222216045748731}",0.6222216045748731,pls6,6
1,300,rbf_krr,dev_unseen,0.8789199932151305,1.250848628842201,1.1563895653175373,0.4143897252942238,0.19793985791402793,4183,14.8,"{""params"": {""regressor__model__alpha"": 0.1, ""regressor__model__gamma"": 0.05270462766947299}, ""tuning"": ""5-fold CV"", ""tuning_mae_D"": 0.6222216045748731}",0.6222216045748731,pls6,6
1,300,qkrr,dev,0.6025327045687331,0.9683559361383297,0.8447257668374355,0.59487251048706,0.03109900729457054,5000,17.6,"{""params"": {""alpha"": 0.01, ""gamma"": 0.025819888974716116}, ""tuning"": ""5-fold CV"", ""tuning_mae_D"": 0.6314505580635323, ""n_candidates"": 88, ""grid_edge"": [""embedding""], ""n_inputs"": 6, ""n_qubits"": 6, ""fit_seconds"": 17.63, ""offdiag_mean"": 0.8079911326615288, ""offdiag_sd"": 0.12591576511845654, ""alignment"": 0.25942028031330006, ""effective_df"": 38.69936953635777, ""kernel_participation_ratio"": 1.4929634344684417}",0.6314505580635323,pls6,6
1,300,qkrr,dev_unseen,0.8820897070963707,1.2531091390150861,1.1635815558972413,0.4122712049455035,0.20170423518217218,4183,17.6,"{""params"": {""alpha"": 0.01, ""gamma"": 0.025819888974716116}, ""tuning"": ""5-fold CV"", ""tuning_mae_D"": 0.6314505580635323, ""n_candidates"": 88, ""grid_edge"": [""embedding""], ""n_inputs"": 6, ""n_qubits"": 6, ""fit_seconds"": 17.63, ""offdiag_mean"": 0.8079911326615288, ""offdiag_sd"": 0.12591576511845654, ""alignment"": 0.25942028031330006, ""effective_df"": 38.69936953635777, ""kernel_participation_ratio"": 1.4929634344684417}",0.6314505580635323,pls6,6
1,300,pqk,dev,0.6107072185199536,0.979284300827252,0.8569183162854657,0.5856767935992748,0.03572011855091832,5000,16.3,"{""params"": {""alpha"": 0.001, ""gamma"": 0.025819888974716116, ""gamma_p"": 0.5270462766947299}, ""tuning"": ""5-fold CV"", ""tuning_mae_D"": 0.6317343794348678, ""n_candidates"": 336, ""grid_edge"": [""embedding""], ""n_inputs"": 6, ""n_qubits"": 6, ""fit_seconds"": 16.29, ""offdiag_mean"": 0.9033593725477234, ""offdiag_sd"": 0.06980890982819374, ""alignment"": 0.2552545481277423, ""effective_df"": 44.832871208826084, ""kernel_participation_ratio"": 1.217243468449473}",0.6317343794348678,pls6,6
1,300,pqk,dev_unseen,0.8878998888277463,1.2612821282820796,1.173966696623038,0.40457967097398617,0.18292743691506413,4183,16.3,"{""params"": {""alpha"": 0.001, ""gamma"": 0.025819888974716116, ""gamma_p"": 0.5270462766947299}, ""tuning"": ""5-fold CV"", ""tuning_mae_D"": 0.6317343794348678, ""n_candidates"": 336, ""grid_edge"": [""embedding""], ""n_inputs"": 6, ""n_qubits"": 6, ""fit_seconds"": 16.29, ""offdiag_mean"": 0.9033593725477234, ""offdiag_sd"": 0.06980890982819374, ""alignment"": 0.2552545481277423, ""effective_df"": 44.832871208826084, ""kernel_participation_ratio"": 1.217243468449473}",0.6317343794348678,pls6,6
1,1000,rbf_krr,dev,0.5127692533425973,0.7862889777444204,0.7160538319209895,0.7328925200809489,0.006176367204176448,5000,20.8,"{""params"": {""regressor__model__alpha"": 0.1, ""regressor__model__gamma"": 0.05270462766947299}, ""tuning"": ""5-fold CV"", ""tuning_mae_D"": 0.5434487496578553}",0.5434487496578553,pls6,6
1,1000,rbf_krr,dev_unseen,0.7619890440440763,1.0863330082505618,1.00443430281662,0.5583023121614381,0.13269457296532386,4183,20.8,"{""params"": {""regressor__model__alpha"": 0.1, ""regressor__model__gamma"": 0.05270462766947299}, ""tuning"": ""5-fold CV"", ""tuning_mae_D"": 0.5434487496578553}",0.5434487496578553,pls6,6
1,1000,qkrr,dev,0.5120675629785393,0.7868064976425434,0.7144343763198361,0.7325407946187584,0.01090995443320958,5000,16.4,"{""params"": {""alpha"": 0.1, ""gamma"": 0.045914976933228664}, ""tuning"": ""5-fold CV"", ""tuning_mae_D"": 0.546483993327471, ""n_candidates"": 88, ""grid_edge"": [], ""n_inputs"": 6, ""n_qubits"": 6, ""fit_seconds"": 16.36, ""offdiag_mean"": 0.5893316312813388, ""offdiag_sd"": 0.23316156256747486, ""alignment"": 0.22814702028749342, ""effective_df"": 61.80515135896592, ""kernel_participation_ratio"": 2.4858653089388194}",0.546483993327471,pls6,6
1,1000,qkrr,dev_unseen,0.7605107991321354,1.0842203158065757,1.0018524007528022,0.5600186623931558,0.11090078218237233,4183,16.4,"{""params"": {""alpha"": 0.1, ""gamma"": 0.045914976933228664}, ""tuning"": ""5-fold CV"", ""tuning_mae_D"": 0.546483993327471, ""n_candidates"": 88, ""grid_edge"": [], ""n_inputs"": 6, ""n_qubits"": 6, ""fit_seconds"": 16.36, ""offdiag_mean"": 0.5893316312813388, ""offdiag_sd"": 0.23316156256747486, ""alignment"": 0.22814702028749342, ""effective_df"": 61.80515135896592, ""kernel_participation_ratio"": 2.4858653089388194}",0.546483993327471,pls6,6
1,1000,pqk,dev,0.5733416873264565,1.09568181686065,1.0375808841583853,0.48133065163966127,0.0636067875329082,5000,21.8,"{""params"": {""alpha"": 1e-06, ""gamma"": 0.025819888974716116, ""gamma_p"": 0.016666666666666666}, ""tuning"": ""5-fold CV"", ""tuning_mae_D"": 0.5480084075426137, ""n_candidates"": 336, ""grid_edge"": [""alpha"", ""embedding"", ""kernel""], ""n_inputs"": 6, ""n_qubits"": 6, ""fit_seconds"": 21.78, ""offdiag_mean"": 0.9965431157069953, ""offdiag_sd"": 0.004721004868974022, ""alignment"": 0.24556917967334857, ""effective_df"": 51.60291343723323, ""kernel_participation_ratio"": 1.00692021131743}",0.5480084075426137,pls6,6
1,1000,pqk,dev_unseen,0.7790327580948533,1.166330450460552,1.0920012215460924,0.4908539217874649,0.11768749438328352,4183,21.8,"{""params"": {""alpha"": 1e-06, ""gamma"": 0.025819888974716116, ""gamma_p"": 0.016666666666666666}, ""tuning"": ""5-fold CV"", ""tuning_mae_D"": 0.5480084075426137, ""n_candidates"": 336, ""grid_edge"": [""alpha"", ""embedding"", ""kernel""], ""n_inputs"": 6, ""n_qubits"": 6, ""fit_seconds"": 21.78, ""offdiag_mean"": 0.9965431157069953, ""offdiag_sd"": 0.004721004868974022, ""alignment"": 0.24556917967334857, ""effective_df"": 51.60291343723323, ""kernel_participation_ratio"": 1.00692021131743}",0.5480084075426137,pls6,6
2,100,rbf_krr,dev,0.7016212765037522,1.082629293217646,0.9335889094550219,0.49361454590375364,-0.19340352101093827,5000,10.9,"{""params"": {""regressor__model__alpha"": 1.0, ""regressor__model__gamma"": 0.16666666666666666}, ""tuning"": ""5-fold CV"", ""tuning_mae_D"": 0.6496290641800946}",0.6496290641800946,pls6,6
2,100,rbf_krr,dev_unseen,0.97080967391973,1.3633466245864152,1.2322769876740987,0.3043164267151024,-0.30871054991086866,4183,10.9,"{""params"": {""regressor__model__alpha"": 1.0, ""regressor__model__gamma"": 0.16666666666666666}, ""tuning"": ""5-fold CV"", ""tuning_mae_D"": 0.6496290641800946}",0.6496290641800946,pls6,6
2,100,qkrr,dev,0.6893336410385146,1.0558385178543128,0.9118656459208643,0.5183665104808988,-0.17610677515259948,5000,7.3,"{""params"": {""alpha"": 1.0, ""gamma"": 0.045914976933228664}, ""tuning"": ""5-fold CV"", ""tuning_mae_D"": 0.6338130594474113, ""n_candidates"": 88, ""grid_edge"": [], ""n_inputs"": 6, ""n_qubits"": 6, ""fit_seconds"": 7.31, ""offdiag_mean"": 0.5775931073306931, ""offdiag_sd"": 0.23521925236489766, ""alignment"": 0.33183735203804765, ""effective_df"": 11.098593931047418, ""kernel_participation_ratio"": 2.5313092875791567}",0.6338130594474113,pls6,6
2,100,qkrr,dev_unseen,0.9416135498010141,1.311116677289699,1.1902936482173374,0.35659881340781696,-0.21061631531796837,4183,7.3,"{""params"": {""alpha"": 1.0, ""gamma"": 0.045914976933228664}, ""tuning"": ""5-fold CV"", ""tuning_mae_D"": 0.6338130594474113, ""n_candidates"": 88, ""grid_edge"": [], ""n_inputs"": 6, ""n_qubits"": 6, ""fit_seconds"": 7.31, ""offdiag_mean"": 0.5775931073306931, ""offdiag_sd"": 0.23521925236489766, ""alignment"": 0.33183735203804765, ""effective_df"": 11.098593931047418, ""kernel_participation_ratio"": 2.5313092875791567}",0.6338130594474113,pls6,6
2,100,pqk,dev,0.6962362395475581,1.0632219590648178,0.9204609103480343,0.511606866124585,-0.180930300577312,5000,11.5,"{""params"": {""alpha"": 1.0, ""gamma"": 0.025819888974716116, ""gamma_p"": 5.270462766947299}, ""tuning"": ""5-fold CV"", ""tuning_mae_D"": 0.6494272628696882, ""n_candidates"": 336, ""grid_edge"": [""embedding""], ""n_inputs"": 6, ""n_qubits"": 6, ""fit_seconds"": 11.51, ""offdiag_mean"": 0.4559572826757953, ""offdiag_sd"": 0.2559470062291982, ""alignment"": 0.36358402745713475, ""effective_df"": 13.049635027823658, ""kernel_participation_ratio"": 3.5628795121952543}",0.6494272628696882,pls6,6
2,100,pqk,dev_unseen,0.9564806605740928,1.3283977176355224,1.2091168438843432,0.3395264717567139,-0.2543716723669218,4183,11.5,"{""params"": {""alpha"": 1.0, ""gamma"": 0.025819888974716116, ""gamma_p"": 5.270462766947299}, ""tuning"": ""5-fold CV"", ""tuning_mae_D"": 0.6494272628696882, ""n_candidates"": 336, ""grid_edge"": [""embedding""], ""n_inputs"": 6, ""n_qubits"": 6, ""fit_seconds"": 11.51, ""offdiag_mean"": 0.4559572826757953, ""offdiag_sd"": 0.2559470062291982, ""alignment"": 0.36358402745713475, ""effective_df"": 13.049635027823658, ""kernel_participation_ratio"": 3.5628795121952543}",0.6494272628696882,pls6,6
2,300,rbf_krr,dev,0.6013502013737794,0.9231963188880378,0.8044047125012258,0.631777940521515,-0.09170390025431839,5000,12.6,"{""params"": {""regressor__model__alpha"": 1.0, ""regressor__model__gamma"": 0.016666666666666666}, ""tuning"": ""5-fold CV"", ""tuning_mae_D"": 0.6177937719833079}",0.6177937719833079,pls6,6
2,300,rbf_krr,dev_unseen,0.8320740806301478,1.1721567594084383,1.0562875617076557,0.48575442076543407,-0.23160012576589592,4183,12.6,"{""params"": {""regressor__model__alpha"": 1.0, ""regressor__model__gamma"": 0.016666666666666666}, ""tuning"": ""5-fold CV"", ""tuning_mae_D"": 0.6177937719833079}",0.6177937719833079,pls6,6
2,300,qkrr,dev,0.5962767434557068,0.9286546992343373,0.8003017235729986,0.6274108568427341,-0.08663405673868824,5000,13.9,"{""params"": {""alpha"": 1.0, ""gamma"": 0.025819888974716116}, ""tuning"": ""5-fold CV"", ""tuning_mae_D"": 0.6213939728355372, ""n_candidates"": 88, ""grid_edge"": [""embedding""], ""n_inputs"": 6, ""n_qubits"": 6, ""fit_seconds"": 13.91, ""offdiag_mean"": 0.8136910266733655, ""offdiag_sd"": 0.13768905398181674, ""alignment"": 0.41133985009170465, ""effective_df"": 9.384396627198711, ""kernel_participation_ratio"": 1.4660294773609213}",0.6213939728355372,pls6,6
2,300,qkrr,dev_unseen,0.8476525810799209,1.1895071008669258,1.0720195708500158,0.47041795518402096,-0.19843032561242582,4183,13.9,"{""params"": {""alpha"": 1.0, ""gamma"": 0.025819888974716116}, ""tuning"": ""5-fold CV"", ""tuning_mae_D"": 0.6213939728355372, ""n_candidates"": 88, ""grid_edge"": [""embedding""], ""n_inputs"": 6, ""n_qubits"": 6, ""fit_seconds"": 13.91, ""offdiag_mean"": 0.8136910266733655, ""offdiag_sd"": 0.13768905398181674, ""alignment"": 0.41133985009170465, ""effective_df"": 9.384396627198711, ""kernel_participation_ratio"": 1.4660294773609213}",0.6213939728355372,pls6,6
2,300,pqk,dev,0.581091583337422,0.9097567574237208,0.7898821341092874,0.6424207948873757,-0.06637329770724863,5000,12.3,"{""params"": {""alpha"": 0.1, ""gamma"": 0.025819888974716116, ""gamma_p"": 0.5270462766947299}, ""tuning"": ""5-fold CV"", ""tuning_mae_D"": 0.6220445410473401, ""n_candidates"": 336, ""grid_edge"": [""embedding""], ""n_inputs"": 6, ""n_qubits"": 6, ""fit_seconds"": 12.33, ""offdiag_mean"": 0.9063695858901587, ""offdiag_sd"": 0.0716355352366945, ""alignment"": 0.47041347450963633, ""effective_df"": 12.77538186805929, ""kernel_participation_ratio"": 1.2088750511355302}",0.6220445410473401,pls6,6
2,300,pqk,dev_unseen,0.8248299690842323,1.1728972981225778,1.056375463465957,0.48510444105457107,-0.18533579742024311,4183,12.3,"{""params"": {""alpha"": 0.1, ""gamma"": 0.025819888974716116, ""gamma_p"": 0.5270462766947299}, ""tuning"": ""5-fold CV"", ""tuning_mae_D"": 0.6220445410473401, ""n_candidates"": 336, ""grid_edge"": [""embedding""], ""n_inputs"": 6, ""n_qubits"": 6, ""fit_seconds"": 12.33, ""offdiag_mean"": 0.9063695858901587, ""offdiag_sd"": 0.0716355352366945, ""alignment"": 0.47041347450963633, ""effective_df"": 12.77538186805929, ""kernel_participation_ratio"": 1.2088750511355302}",0.6220445410473401,pls6,6
2,1000,rbf_krr,dev,0.5157974240590405,0.8066126296754903,0.7282568337206925,0.7189059130392971,-0.03874555161844599,5000,22.1,"{""params"": {""regressor__model__alpha"": 0.1, ""regressor__model__gamma"": 0.05270462766947299}, ""tuning"": ""5-fold CV"", ""tuning_mae_D"": 0.5047087402333252}",0.5047087402333252,pls6,6
2,1000,rbf_krr,dev_unseen,0.7922076340910467,1.1187696896340866,1.0308381798663444,0.5315313235216569,-0.12078435423701377,4183,22.1,"{""params"": {""regressor__model__alpha"": 0.1, ""regressor__model__gamma"": 0.05270462766947299}, ""tuning"": ""5-fold CV"", ""tuning_mae_D"": 0.5047087402333252}",0.5047087402333252,pls6,6
2,1000,qkrr,dev,0.5347407126407057,0.8430769806054862,0.7641161514436632,0.6929167435650665,-0.03448669676745398,5000,17.9,"{""params"": {""alpha"": 0.01, ""gamma"": 0.045914976933228664}, ""tuning"": ""5-fold CV"", ""tuning_mae_D"": 0.5122035529617945, ""n_candidates"": 88, ""grid_edge"": [], ""n_inputs"": 6, ""n_qubits"": 6, ""fit_seconds"": 17.88, ""offdiag_mean"": 0.5798764728737541, ""offdiag_sd"": 0.22152249003730495, ""alignment"": 0.3571467505317963, ""effective_df"": 112.68177267320169, ""kernel_participation_ratio"": 2.591052107386189}",0.5122035529617945,pls6,6
2,1000,qkrr,dev_unseen,0.8168315270323593,1.1534997301378662,1.061480791115339,0.5019944660142319,-0.1454373923427908,4183,17.9,"{""params"": {""alpha"": 0.01, ""gamma"": 0.045914976933228664}, ""tuning"": ""5-fold CV"", ""tuning_mae_D"": 0.5122035529617945, ""n_candidates"": 88, ""grid_edge"": [], ""n_inputs"": 6, ""n_qubits"": 6, ""fit_seconds"": 17.88, ""offdiag_mean"": 0.5798764728737541, ""offdiag_sd"": 0.22152249003730495, ""alignment"": 0.3571467505317963, ""effective_df"": 112.68177267320169, ""kernel_participation_ratio"": 2.591052107386189}",0.5122035529617945,pls6,6
2,1000,pqk,dev,0.5390693771525241,0.8352442508951684,0.75824938977309,0.6985962409426473,-0.03759992277517012,5000,22.0,"{""params"": {""alpha"": 0.1, ""gamma"": 0.025819888974716116, ""gamma_p"": 5.270462766947299}, ""tuning"": ""5-fold CV"", ""tuning_mae_D"": 0.5057420334811971, ""n_candidates"": 336, ""grid_edge"": [""embedding""], ""n_inputs"": 6, ""n_qubits"": 6, ""fit_seconds"": 21.96, ""offdiag_mean"": 0.4582623684963783, ""offdiag_sd"": 0.2465942563663714, ""alignment"": 0.3509789206895294, ""effective_df"": 83.68830395431193, ""kernel_participation_ratio"": 3.682667318744468}",0.5057420334811971,pls6,6
2,1000,pqk,dev_unseen,0.8196268262505818,1.1388549777601555,1.0515797423894744,0.5145594814423217,-0.050350302191799305,4183,22.0,"{""params"": {""alpha"": 0.1, ""gamma"": 0.025819888974716116, ""gamma_p"": 5.270462766947299}, ""tuning"": ""5-fold CV"", ""tuning_mae_D"": 0.5057420334811971, ""n_candidates"": 336, ""grid_edge"": [""embedding""], ""n_inputs"": 6, ""n_qubits"": 6, ""fit_seconds"": 21.96, ""offdiag_mean"": 0.4582623684963783, ""offdiag_sd"": 0.2465942563663714, ""alignment"": 0.3509789206895294, ""effective_df"": 83.68830395431193, ""kernel_participation_ratio"": 3.682667318744468}",0.5057420334811971,pls6,6
0,100,rbf_krr,dev,0.6493771017795078,1.0216949399633928,0.8586253654062859,0.5490128585474401,-0.15546901016473638,5000,12.8,"{""params"": {""regressor__model__alpha"": 0.1, ""regressor__model__gamma"": 0.003952847075210474}, ""tuning"": ""5-fold CV"", ""tuning_mae_D"": 0.7016789678362088}",0.7016789678362088,pls8,8
0,100,rbf_krr,dev_unseen,0.8847696873435756,1.250186115870344,1.1223451051128477,0.41500989890920126,-0.3686357162480977,4183,12.8,"{""params"": {""regressor__model__alpha"": 0.1, ""regressor__model__gamma"": 0.003952847075210474}, ""tuning"": ""5-fold CV"", ""tuning_mae_D"": 0.7016789678362088}",0.7016789678362088,pls8,8
0,100,qkrr,dev,0.6814495582516966,1.0550458864742194,0.9005271030566914,0.5190893757975612,-0.14421426470548995,5000,8.4,"{""params"": {""alpha"": 1.0, ""gamma"": 0.03976353643835253}, ""tuning"": ""5-fold CV"", ""tuning_mae_D"": 0.7100308983040006, ""n_candidates"": 88, ""grid_edge"": [], ""n_inputs"": 8, ""n_qubits"": 8, ""fit_seconds"": 8.37, ""offdiag_mean"": 0.5286945626307431, ""offdiag_sd"": 0.2120736456146682, ""alignment"": 0.39323860784441095, ""effective_df"": 14.300592861849223, ""kernel_participation_ratio"": 3.0188839644633445}",0.7100308983040006,pls8,8
0,100,qkrr,dev_unseen,0.9225210781768217,1.2941359435466044,1.1701975262555298,0.3731567215168349,-0.35324860571466876,4183,8.4,"{""params"": {""alpha"": 1.0, ""gamma"": 0.03976353643835253}, ""tuning"": ""5-fold CV"", ""tuning_mae_D"": 0.7100308983040006, ""n_candidates"": 88, ""grid_edge"": [], ""n_inputs"": 8, ""n_qubits"": 8, ""fit_seconds"": 8.37, ""offdiag_mean"": 0.5286945626307431, ""offdiag_sd"": 0.2120736456146682, ""alignment"": 0.39323860784441095, ""effective_df"": 14.300592861849223, ""kernel_participation_ratio"": 3.0188839644633445}",0.7100308983040006,pls8,8
0,100,pqk,dev,0.6667788834839593,1.0435834481369424,0.8864375037674955,0.5294822202167375,-0.1536764606875956,5000,8.2,"{""params"": {""alpha"": 0.1, ""gamma"": 0.022360679774997894, ""gamma_p"": 0.125}, ""tuning"": ""5-fold CV"", ""tuning_mae_D"": 0.703232570912368, ""n_candidates"": 336, ""grid_edge"": [""embedding""], ""n_inputs"": 8, ""n_qubits"": 8, ""fit_seconds"": 8.17, ""offdiag_mean"": 0.9739642338441705, ""offdiag_sd"": 0.01824189547955567, ""alignment"": 0.4690355288899227, ""effective_df"": 5.913599594337917, ""kernel_participation_ratio"": 1.0532416779447877}",0.703232570912368,pls8,8
0,100,pqk,dev_unseen,0.9262503432713808,1.2816413221299023,1.158276254582912,0.38520238099061455,-0.38091425786268673,4183,8.2,"{""params"": {""alpha"": 0.1, ""gamma"": 0.022360679774997894, ""gamma_p"": 0.125}, ""tuning"": ""5-fold CV"", ""tuning_mae_D"": 0.703232570912368, ""n_candidates"": 336, ""grid_edge"": [""embedding""], ""n_inputs"": 8, ""n_qubits"": 8, ""fit_seconds"": 8.17, ""offdiag_mean"": 0.9739642338441705, ""offdiag_sd"": 0.01824189547955567, ""alignment"": 0.4690355288899227, ""effective_df"": 5.913599594337917, ""kernel_participation_ratio"": 1.0532416779447877}",0.703232570912368,pls8,8
0,300,rbf_krr,dev,0.5743727030278789,0.8839732989559271,0.7872593511935149,0.6624019196200962,-0.04464763261732925,5000,17.0,"{""params"": {""regressor__model__alpha"": 0.01, ""regressor__model__gamma"": 0.0125}, ""tuning"": ""5-fold CV"", ""tuning_mae_D"": 0.48701439481232617}",0.48701439481232617,pls8,8
0,300,rbf_krr,dev_unseen,0.8211303323702352,1.1531145608087061,1.081589386883742,0.5023269921993082,-0.11341528986325297,4183,17.0,"{""params"": {""regressor__model__alpha"": 0.01, ""regressor__model__gamma"": 0.0125}, ""tuning"": ""5-fold CV"", ""tuning_mae_D"": 0.48701439481232617}",0.48701439481232617,pls8,8
0,300,qkrr,dev,0.5789404608627324,0.8843220016840645,0.7911933303767079,0.6621355210972566,-0.038137580212348074,5000,11.5,"{""params"": {""alpha"": 0.01, ""gamma"": 0.022360679774997894}, ""tuning"": ""5-fold CV"", ""tuning_mae_D"": 0.4891397320418963, ""n_candidates"": 88, ""grid_edge"": [""embedding""], ""n_inputs"": 8, ""n_qubits"": 8, ""fit_seconds"": 11.46, ""offdiag_mean"": 0.8022820475517054, ""offdiag_sd"": 0.13357011914178604, ""alignment"": 0.4053024752354419, ""effective_df"": 50.37480483704037, ""kernel_participation_ratio"": 1.509147389754961}",0.4891397320418963,pls8,8
0,300,qkrr,dev_unseen,0.8310821689249477,1.1611158972262348,1.0921295148110708,0.4953964324787361,-0.11804982225385208,4183,11.5,"{""params"": {""alpha"": 0.01, ""gamma"": 0.022360679774997894}, ""tuning"": ""5-fold CV"", ""tuning_mae_D"": 0.4891397320418963, ""n_candidates"": 88, ""grid_edge"": [""embedding""], ""n_inputs"": 8, ""n_qubits"": 8, ""fit_seconds"": 11.46, ""offdiag_mean"": 0.8022820475517054, ""offdiag_sd"": 0.13357011914178604, ""alignment"": 0.4053024752354419, ""effective_df"": 50.37480483704037, ""kernel_participation_ratio"": 1.509147389754961}",0.4891397320418963,pls8,8
0,300,pqk,dev,0.5855160170665402,0.9130212498556354,0.826091276508521,0.6398499781394302,-0.030761380959932052,5000,10.6,"{""params"": {""alpha"": 1e-05, ""gamma"": 0.022360679774997894, ""gamma_p"": 0.03952847075210474}, ""tuning"": ""5-fold CV"", ""tuning_mae_D"": 0.48771051785386693, ""n_candidates"": 336, ""grid_edge"": [""embedding""], ""n_inputs"": 8, ""n_qubits"": 8, ""fit_seconds"": 10.62, ""offdiag_mean"": 0.992060829496959, ""offdiag_sd"": 0.005938982197272605, ""alignment"": 0.4754635786552181, ""effective_df"": 46.07378878307351, ""kernel_participation_ratio"": 1.0159787436531502}",0.48771051785386693,pls8,8
0,300,pqk,dev_unseen,0.8428445365672506,1.18654824943212,1.1167542676578317,0.47304930681446944,-0.12185117200131916,4183,10.6,"{""params"": {""alpha"": 1e-05, ""gamma"": 0.022360679774997894, ""gamma_p"": 0.03952847075210474}, ""tuning"": ""5-fold CV"", ""tuning_mae_D"": 0.48771051785386693, ""n_candidates"": 336, ""grid_edge"": [""embedding""], ""n_inputs"": 8, ""n_qubits"": 8, ""fit_seconds"": 10.62, ""offdiag_mean"": 0.992060829496959, ""offdiag_sd"": 0.005938982197272605, ""alignment"": 0.4754635786552181, ""effective_df"": 46.07378878307351, ""kernel_participation_ratio"": 1.0159787436531502}",0.48771051785386693,pls8,8
0,1000,rbf_krr,dev,0.5095932310495697,0.7920736290047493,0.7215778913549468,0.7289478958369867,-0.0055693708488954085,5000,26.9,"{""params"": {""regressor__model__alpha"": 0.001, ""regressor__model__gamma"": 0.00125}, ""tuning"": ""5-fold CV"", ""tuning_mae_D"": 0.495716716081014}",0.495716716081014,pls8,8
0,1000,rbf_krr,dev_unseen,0.7473580438382541,1.0615259507877965,0.9922838550844191,0.5782448390638614,-0.1835585150595689,4183,26.9,"{""params"": {""regressor__model__alpha"": 0.001, ""regressor__model__gamma"": 0.00125}, ""tuning"": ""5-fold CV"", ""tuning_mae_D"": 0.495716716081014}",0.495716716081014,pls8,8
0,1000,qkrr,dev,0.5092339644611504,0.7967755463127957,0.7270221667581742,0.7257202986051942,-0.00501526999456687,5000,19.5,"{""params"": {""alpha"": 0.1, ""gamma"": 0.022360679774997894}, ""tuning"": ""5-fold CV"", ""tuning_mae_D"": 0.49555973587307284, ""n_candidates"": 88, ""grid_edge"": [""embedding""], ""n_inputs"": 8, ""n_qubits"": 8, ""fit_seconds"": 19.47, ""offdiag_mean"": 0.8027804108259936, ""offdiag_sd"": 0.12799627340174732, ""alignment"": 0.370864887821044, ""effective_df"": 43.36810785919115, ""kernel_participation_ratio"": 1.5124506573602048}",0.49555973587307284,pls8,8
0,1000,qkrr,dev_unseen,0.7511879938479138,1.0662200069303152,0.9920149132437528,0.5745065986525261,-0.19188640847353317,4183,19.5,"{""params"": {""alpha"": 0.1, ""gamma"": 0.022360679774997894}, ""tuning"": ""5-fold CV"", ""tuning_mae_D"": 0.49555973587307284, ""n_candidates"": 88, ""grid_edge"": [""embedding""], ""n_inputs"": 8, ""n_qubits"": 8, ""fit_seconds"": 19.47, ""offdiag_mean"": 0.8027804108259936, ""offdiag_sd"": 0.12799627340174732, ""alignment"": 0.370864887821044, ""effective_df"": 43.36810785919115, ""kernel_participation_ratio"": 1.5124506573602048}",0.49555973587307284,pls8,8
0,1000,pqk,dev,0.5115625645487891,0.8018279291840161,0.7268956968638542,0.7222308349329538,-0.00987304384297456,5000,22.5,"{""params"": {""alpha"": 0.01, ""gamma"": 0.022360679774997894, ""gamma_p"": 0.39528470752104744}, ""tuning"": ""5-fold CV"", ""tuning_mae_D"": 0.4961300676173977, ""n_candidates"": 336, ""grid_edge"": [""embedding""], ""n_inputs"": 8, ""n_qubits"": 8, ""fit_seconds"": 22.53, ""offdiag_mean"": 0.9254693090254907, ""offdiag_sd"": 0.057512477662072646, ""alignment"": 0.44270115894003326, ""effective_df"": 41.566504677291626, ""kernel_participation_ratio"": 1.1628700352831773}",0.4961300676173977,pls8,8
0,1000,pqk,dev_unseen,0.7620400770628781,1.077481162319162,1.0005391429163493,0.5654712197352443,-0.23385265496614305,4183,22.5,"{""params"": {""alpha"": 0.01, ""gamma"": 0.022360679774997894, ""gamma_p"": 0.39528470752104744}, ""tuning"": ""5-fold CV"", ""tuning_mae_D"": 0.4961300676173977, ""n_candidates"": 336, ""grid_edge"": [""embedding""], ""n_inputs"": 8, ""n_qubits"": 8, ""fit_seconds"": 22.53, ""offdiag_mean"": 0.9254693090254907, ""offdiag_sd"": 0.057512477662072646, ""alignment"": 0.44270115894003326, ""effective_df"": 41.566504677291626, ""kernel_participation_ratio"": 1.1628700352831773}",0.4961300676173977,pls8,8
1,100,rbf_krr,dev,0.7701884329229884,1.1066912401296778,0.9936330213275187,0.470855094530521,0.05175529889958821,5000,16.1,"{""params"": {""regressor__model__alpha"": 1.0, ""regressor__model__gamma"": 0.03952847075210474}, ""tuning"": ""5-fold CV"", ""tuning_mae_D"": 0.8903955852907984}",0.8903955852907984,pls8,8
1,100,rbf_krr,dev_unseen,0.9880855774172922,1.3469306546990698,1.2588499594762343,0.32096892683351497,0.3492470860873701,4183,16.1,"{""params"": {""regressor__model__alpha"": 1.0, ""regressor__model__gamma"": 0.03952847075210474}, ""tuning"": ""5-fold CV"", ""tuning_mae_D"": 0.8903955852907984}",0.8903955852907984,pls8,8
1,100,qkrr,dev,0.7868117800876444,1.141471082108312,1.0355614973784644,0.43707374898702867,0.04638334890602995,5000,8.4,"{""params"": {""alpha"": 0.1, ""gamma"": 0.03976353643835253}, ""tuning"": ""5-fold CV"", ""tuning_mae_D"": 0.8979648703068164, ""n_candidates"": 88, ""grid_edge"": [], ""n_inputs"": 8, ""n_qubits"": 8, ""fit_seconds"": 8.36, ""offdiag_mean"": 0.5222002127489024, ""offdiag_sd"": 0.21355197194074782, ""alignment"": 0.2404345772251968, ""effective_df"": 34.15603008050737, ""kernel_participation_ratio"": 3.075839133745017}",0.8979648703068164,pls8,8
1,100,qkrr,dev_unseen,1.0748726651228497,1.4546606132208892,1.384592555272276,0.20800482801605302,0.5299361646635313,4183,8.4,"{""params"": {""alpha"": 0.1, ""gamma"": 0.03976353643835253}, ""tuning"": ""5-fold CV"", ""tuning_mae_D"": 0.8979648703068164, ""n_candidates"": 88, ""grid_edge"": [], ""n_inputs"": 8, ""n_qubits"": 8, ""fit_seconds"": 8.36, ""offdiag_mean"": 0.5222002127489024, ""offdiag_sd"": 0.21355197194074782, ""alignment"": 0.2404345772251968, ""effective_df"": 34.15603008050737, ""kernel_participation_ratio"": 3.075839133745017}",0.8979648703068164,pls8,8
1,100,pqk,dev,0.7864619371103733,1.1445507800329384,1.0375487555400484,0.4340320924350374,0.049872406439387146,5000,8.5,"{""params"": {""alpha"": 0.01, ""gamma"": 0.022360679774997894, ""gamma_p"": 1.25}, ""tuning"": ""5-fold CV"", ""tuning_mae_D"": 0.8824522564406583, ""n_candidates"": 336, ""grid_edge"": [""embedding""], ""n_inputs"": 8, ""n_qubits"": 8, ""fit_seconds"": 8.47, ""offdiag_mean"": 0.7805245211888723, ""offdiag_sd"": 0.13377657760161973, ""alignment"": 0.28652686589529774, ""effective_df"": 32.94983562089893, ""kernel_participation_ratio"": 1.585179073075642}",0.8824522564406583,pls8,8
1,100,pqk,dev_unseen,1.0783607551452017,1.4624550533635423,1.3921169569076568,0.19949466752917722,0.5400284320244403,4183,8.5,"{""params"": {""alpha"": 0.01, ""gamma"": 0.022360679774997894, ""gamma_p"": 1.25}, ""tuning"": ""5-fold CV"", ""tuning_mae_D"": 0.8824522564406583, ""n_candidates"": 336, ""grid_edge"": [""embedding""], ""n_inputs"": 8, ""n_qubits"": 8, ""fit_seconds"": 8.47, ""offdiag_mean"": 0.7805245211888723, ""offdiag_sd"": 0.13377657760161973, ""alignment"": 0.28652686589529774, ""effective_df"": 32.94983562089893, ""kernel_participation_ratio"": 1.585179073075642}",0.8824522564406583,pls8,8
1,300,rbf_krr,dev,0.5845020742034298,0.9515724293116632,0.8259106949480591,0.6087941187479067,0.02914619863475054,5000,17.7,"{""params"": {""regressor__model__alpha"": 0.1, ""regressor__model__gamma"": 0.0125}, ""tuning"": ""5-fold CV"", ""tuning_mae_D"": 0.6256565245521583}",0.6256565245521583,pls8,8
1,300,rbf_krr,dev_unseen,0.8514064436175479,1.2106054522745657,1.1192207135404406,0.45146489663465106,0.26752098196212676,4183,17.7,"{""params"": {""regressor__model__alpha"": 0.1, ""regressor__model__gamma"": 0.0125}, ""tuning"": ""5-fold CV"", ""tuning_mae_D"": 0.6256565245521583}",0.6256565245521583,pls8,8
1,300,qkrr,dev,0.596257508409542,0.9517082390954343,0.8241550788259674,0.6086824438488205,0.018093269683642284,5000,10.5,"{""params"": {""alpha"": 0.1, ""gamma"": 0.03976353643835253}, ""tuning"": ""5-fold CV"", ""tuning_mae_D"": 0.6276430135514989, ""n_candidates"": 88, ""grid_edge"": [], ""n_inputs"": 8, ""n_qubits"": 8, ""fit_seconds"": 10.53, ""offdiag_mean"": 0.5451672517072481, ""offdiag_sd"": 0.21095252617244625, ""alignment"": 0.2235105566844197, ""effective_df"": 58.52725937723243, ""kernel_participation_ratio"": 2.907800004097665}",0.6276430135514989,pls8,8
1,300,qkrr,dev_unseen,0.8765185484708128,1.2354665480918512,1.146407235245889,0.4287040360804213,0.29979230800726797,4183,10.5,"{""params"": {""alpha"": 0.1, ""gamma"": 0.03976353643835253}, ""tuning"": ""5-fold CV"", ""tuning_mae_D"": 0.6276430135514989, ""n_candidates"": 88, ""grid_edge"": [], ""n_inputs"": 8, ""n_qubits"": 8, ""fit_seconds"": 10.53, ""offdiag_mean"": 0.5451672517072481, ""offdiag_sd"": 0.21095252617244625, ""alignment"": 0.2235105566844197, ""effective_df"": 58.52725937723243, ""kernel_participation_ratio"": 2.907800004097665}",0.6276430135514989,pls8,8
1,300,pqk,dev,0.5938277100375748,0.9540657510502728,0.82896737639224,0.6067413480323706,0.02264457869746837,5000,10.2,"{""params"": {""alpha"": 0.01, ""gamma"": 0.022360679774997894, ""gamma_p"": 1.25}, ""tuning"": ""5-fold CV"", ""tuning_mae_D"": 0.6209665895427202, ""n_candidates"": 336, ""grid_edge"": [""embedding""], ""n_inputs"": 8, ""n_qubits"": 8, ""fit_seconds"": 10.23, ""offdiag_mean"": 0.8076209789280728, ""offdiag_sd"": 0.11512862790154944, ""alignment"": 0.2528295642735225, ""effective_df"": 50.45887797817465, ""kernel_participation_ratio"": 1.5001022490424185}",0.6209665895427202,pls8,8
1,300,pqk,dev_unseen,0.8626135264585579,1.2167724857469413,1.1295605042424883,0.44586199651826386,0.275878702090729,4183,10.2,"{""params"": {""alpha"": 0.01, ""gamma"": 0.022360679774997894, ""gamma_p"": 1.25}, ""tuning"": ""5-fold CV"", ""tuning_mae_D"": 0.6209665895427202, ""n_candidates"": 336, ""grid_edge"": [""embedding""], ""n_inputs"": 8, ""n_qubits"": 8, ""fit_seconds"": 10.23, ""offdiag_mean"": 0.8076209789280728, ""offdiag_sd"": 0.11512862790154944, ""alignment"": 0.2528295642735225, ""effective_df"": 50.45887797817465, ""kernel_participation_ratio"": 1.5001022490424185}",0.6209665895427202,pls8,8
1,1000,rbf_krr,dev,0.5030194492514203,0.7776119831629009,0.7065666871556994,0.7387552548512932,0.001211794467492556,5000,25.9,"{""params"": {""regressor__model__alpha"": 0.1, ""regressor__model__gamma"": 0.03952847075210474}, ""tuning"": ""5-fold CV"", ""tuning_mae_D"": 0.5210719255497507}",0.5210719255497507,pls8,8
1,1000,rbf_krr,dev_unseen,0.7457834721193453,1.0617788056502828,0.9853897882135417,0.5780438914671044,0.11408594715353168,4183,25.9,"{""params"": {""regressor__model__alpha"": 0.1, ""regressor__model__gamma"": 0.03952847075210474}, ""tuning"": ""5-fold CV"", ""tuning_mae_D"": 0.5210719255497507}",0.5210719255497507,pls8,8
1,1000,qkrr,dev,0.505755050679956,0.7799669812413791,0.7101274949026967,0.7371704992158288,0.011752658946833873,5000,18.9,"{""params"": {""alpha"": 0.01, ""gamma"": 0.022360679774997894}, ""tuning"": ""5-fold CV"", ""tuning_mae_D"": 0.5313189377121731, ""n_candidates"": 88, ""grid_edge"": [""embedding""], ""n_inputs"": 8, ""n_qubits"": 8, ""fit_seconds"": 18.89, ""offdiag_mean"": 0.8086239421371434, ""offdiag_sd"": 0.14719932446077366, ""alignment"": 0.22226809403025682, ""effective_df"": 74.6126177712124, ""kernel_participation_ratio"": 1.4795859004739036}",0.5313189377121731,pls8,8
1,1000,qkrr,dev_unseen,0.7481600382965035,1.05908985636227,0.9858297152341219,0.5801783885276347,0.07897700392910896,4183,18.9,"{""params"": {""alpha"": 0.01, ""gamma"": 0.022360679774997894}, ""tuning"": ""5-fold CV"", ""tuning_mae_D"": 0.5313189377121731, ""n_candidates"": 88, ""grid_edge"": [""embedding""], ""n_inputs"": 8, ""n_qubits"": 8, ""fit_seconds"": 18.89, ""offdiag_mean"": 0.8086239421371434, ""offdiag_sd"": 0.14719932446077366, ""alignment"": 0.22226809403025682, ""effective_df"": 74.6126177712124, ""kernel_participation_ratio"": 1.4795859004739036}",0.5313189377121731,pls8,8
1,1000,pqk,dev,0.5105357432883716,0.7885516922748059,0.7206690575825264,0.7313529904146667,0.010552521973588382,5000,28.7,"{""params"": {""alpha"": 0.01, ""gamma"": 0.022360679774997894, ""gamma_p"": 1.25}, ""tuning"": ""5-fold CV"", ""tuning_mae_D"": 0.5360145952507247, ""n_candidates"": 336, ""grid_edge"": [""embedding""], ""n_inputs"": 8, ""n_qubits"": 8, ""fit_seconds"": 28.75, ""offdiag_mean"": 0.791550727378885, ""offdiag_sd"": 0.14618007109150738, ""alignment"": 0.2281925348560411, ""effective_df"": 79.83429078149088, ""kernel_participation_ratio"": 1.5425594162988667}",0.5360145952507247,pls8,8
1,1000,pqk,dev_unseen,0.7542594458572761,1.0682290732564392,0.9923767076019793,0.5729015830910806,0.08497007550993575,4183,28.7,"{""params"": {""alpha"": 0.01, ""gamma"": 0.022360679774997894, ""gamma_p"": 1.25}, ""tuning"": ""5-fold CV"", ""tuning_mae_D"": 0.5360145952507247, ""n_candidates"": 336, ""grid_edge"": [""embedding""], ""n_inputs"": 8, ""n_qubits"": 8, ""fit_seconds"": 28.75, ""offdiag_mean"": 0.791550727378885, ""offdiag_sd"": 0.14618007109150738, ""alignment"": 0.2281925348560411, ""effective_df"": 79.83429078149088, ""kernel_participation_ratio"": 1.5425594162988667}",0.5360145952507247,pls8,8
2,100,rbf_krr,dev,0.7251010196065389,1.1166546552045915,0.9716971235222162,0.4612845437751778,-0.22382946059311717,5000,16.5,"{""params"": {""regressor__model__alpha"": 1.0, ""regressor__model__gamma"": 0.125}, ""tuning"": ""5-fold CV"", ""tuning_mae_D"": 0.6351418305554337}",0.6351418305554337,pls8,8
2,100,rbf_krr,dev_unseen,1.0275427086185025,1.4216621256109876,1.2983876034295605,0.24352956118827296,-0.32285083694655836,4183,16.5,"{""params"": {""regressor__model__alpha"": 1.0, ""regressor__model__gamma"": 0.125}, ""tuning"": ""5-fold CV"", ""tuning_mae_D"": 0.6351418305554337}",0.6351418305554337,pls8,8
2,100,qkrr,dev,0.7094438671841065,1.086565783845051,0.9433764347338246,0.48992536878530724,-0.17072792685819005,5000,8.8,"{""params"": {""alpha"": 1.0, ""gamma"": 0.03976353643835253}, ""tuning"": ""5-fold CV"", ""tuning_mae_D"": 0.6321793131447089, ""n_candidates"": 88, ""grid_edge"": [], ""n_inputs"": 8, ""n_qubits"": 8, ""fit_seconds"": 8.82, ""offdiag_mean"": 0.5343783305180292, ""offdiag_sd"": 0.22249446300547976, ""alignment"": 0.27885566508040555, ""effective_df"": 14.053725498185413, ""kernel_participation_ratio"": 2.9264294495081766}",0.6321793131447089,pls8,8
2,100,qkrr,dev_unseen,0.9753894154229661,1.3534788225902017,1.2322589256985137,0.3143505940022834,-0.20740930948396108,4183,8.8,"{""params"": {""alpha"": 1.0, ""gamma"": 0.03976353643835253}, ""tuning"": ""5-fold CV"", ""tuning_mae_D"": 0.6321793131447089, ""n_candidates"": 88, ""grid_edge"": [], ""n_inputs"": 8, ""n_qubits"": 8, ""fit_seconds"": 8.82, ""offdiag_mean"": 0.5343783305180292, ""offdiag_sd"": 0.22249446300547976, ""alignment"": 0.27885566508040555, ""effective_df"": 14.053725498185413, ""kernel_participation_ratio"": 2.9264294495081766}",0.6321793131447089,pls8,8
2,100,pqk,dev,0.7129184330122114,1.0858000579083045,0.9432186481148946,0.49064403627240394,-0.18953500948595917,5000,8.8,"{""params"": {""alpha"": 1.0, ""gamma"": 0.022360679774997894, ""gamma_p"": 3.952847075210474}, ""tuning"": ""5-fold CV"", ""tuning_mae_D"": 0.6380250248591924, ""n_candidates"": 336, ""grid_edge"": [""embedding""], ""n_inputs"": 8, ""n_qubits"": 8, ""fit_seconds"": 8.81, ""offdiag_mean"": 0.5001874119885478, ""offdiag_sd"": 0.22705797675193456, ""alignment"": 0.31641245027610243, ""effective_df"": 14.066951992703476, ""kernel_participation_ratio"": 3.2391250630672106}",0.6380250248591924,pls8,8
2,100,pqk,dev_unseen,0.965970528015058,1.3460419407580952,1.225673658262455,0.32186468979508487,-0.22914588165653596,4183,8.8,"{""params"": {""alpha"": 1.0, ""gamma"": 0.022360679774997894, ""gamma_p"": 3.952847075210474}, ""tuning"": ""5-fold CV"", ""tuning_mae_D"": 0.6380250248591924, ""n_candidates"": 336, ""grid_edge"": [""embedding""], ""n_inputs"": 8, ""n_qubits"": 8, ""fit_seconds"": 8.81, ""offdiag_mean"": 0.5001874119885478, ""offdiag_sd"": 0.22705797675193456, ""alignment"": 0.31641245027610243, ""effective_df"": 14.066951992703476, ""kernel_participation_ratio"": 3.2391250630672106}",0.6380250248591924,pls8,8
2,300,rbf_krr,dev,0.6068992564500569,0.9734641111732578,0.833607917562336,0.5905870605590452,-0.1217561729938544,5000,18.6,"{""params"": {""regressor__model__alpha"": 1.0, ""regressor__model__gamma"": 0.125}, ""tuning"": ""5-fold CV"", ""tuning_mae_D"": 0.6096206290776941}",0.6096206290776941,pls8,8
2,300,rbf_krr,dev_unseen,0.8929151882623689,1.2641599577729605,1.140269670796893,0.4018594658980237,-0.328194669539295,4183,18.6,"{""params"": {""regressor__model__alpha"": 1.0, ""regressor__model__gamma"": 0.125}, ""tuning"": ""5-fold CV"", ""tuning_mae_D"": 0.6096206290776941}",0.6096206290776941,pls8,8
2,300,qkrr,dev,0.5701240704669571,0.8946114638667813,0.7849296985128579,0.6542273864539079,-0.06907291663524812,5000,12.2,"{""params"": {""alpha"": 0.1, ""gamma"": 0.03976353643835253}, ""tuning"": ""5-fold CV"", ""tuning_mae_D"": 0.6219309588427312, ""n_candidates"": 88, ""grid_edge"": [], ""n_inputs"": 8, ""n_qubits"": 8, ""fit_seconds"": 12.21, ""offdiag_mean"": 0.5354199973057974, ""offdiag_sd"": 0.21087200041301754, ""alignment"": 0.3196122479679162, ""effective_df"": 59.82660507713792, ""kernel_participation_ratio"": 2.999660119074721}",0.6219309588427312,pls8,8
2,300,qkrr,dev_unseen,0.8279666889689644,1.1789818778206085,1.0656301917685709,0.47974838929715813,-0.1689261224035986,4183,12.2,"{""params"": {""alpha"": 0.1, ""gamma"": 0.03976353643835253}, ""tuning"": ""5-fold CV"", ""tuning_mae_D"": 0.6219309588427312, ""n_candidates"": 88, ""grid_edge"": [], ""n_inputs"": 8, ""n_qubits"": 8, ""fit_seconds"": 12.21, ""offdiag_mean"": 0.5354199973057974, ""offdiag_sd"": 0.21087200041301754, ""alignment"": 0.3196122479679162, ""effective_df"": 59.82660507713792, ""kernel_participation_ratio"": 2.999660119074721}",0.6219309588427312,pls8,8
2,300,pqk,dev,0.5687882484405192,0.8909259014371641,0.7810849767771834,0.6570705012106527,-0.06811182191308217,5000,11.8,"{""params"": {""alpha"": 0.1, ""gamma"": 0.022360679774997894, ""gamma_p"": 3.952847075210474}, ""tuning"": ""5-fold CV"", ""tuning_mae_D"": 0.6178581036993113, ""n_candidates"": 336, ""grid_edge"": [""embedding""], ""n_inputs"": 8, ""n_qubits"": 8, ""fit_seconds"": 11.76, ""offdiag_mean"": 0.5135275100133584, ""offdiag_sd"": 0.2195967203558357, ""alignment"": 0.3535984131040811, ""effective_df"": 58.82690013419273, ""kernel_participation_ratio"": 3.182414952058258}",0.6178581036993113,pls8,8
2,300,pqk,dev_unseen,0.8368835589280149,1.1852110606017712,1.070207431654154,0.4742363390925195,-0.11782854189680741,4183,11.8,"{""params"": {""alpha"": 0.1, ""gamma"": 0.022360679774997894, ""gamma_p"": 3.952847075210474}, ""tuning"": ""5-fold CV"", ""tuning_mae_D"": 0.6178581036993113, ""n_candidates"": 336, ""grid_edge"": [""embedding""], ""n_inputs"": 8, ""n_qubits"": 8, ""fit_seconds"": 11.76, ""offdiag_mean"": 0.5135275100133584, ""offdiag_sd"": 0.2195967203558357, ""alignment"": 0.3535984131040811, ""effective_df"": 58.82690013419273, ""kernel_participation_ratio"": 3.182414952058258}",0.6178581036993113,pls8,8
2,1000,rbf_krr,dev,0.5098371607631916,0.8001067326140094,0.7226986371327152,0.7234220685610868,-0.030844730375602317,5000,19.6,"{""params"": {""regressor__model__alpha"": 0.1, ""regressor__model__gamma"": 0.03952847075210474}, ""tuning"": ""5-fold CV"", ""tuning_mae_D"": 0.48364142069791083}",0.48364142069791083,pls8,8
2,1000,rbf_krr,dev_unseen,0.7626093512897898,1.093775449669559,1.003138365284331,0.5522294601358193,-0.13667169229010734,4183,19.6,"{""params"": {""regressor__model__alpha"": 0.1, ""regressor__model__gamma"": 0.03952847075210474}, ""tuning"": ""5-fold CV"", ""tuning_mae_D"": 0.48364142069791083}",0.48364142069791083,pls8,8
2,1000,qkrr,dev,0.5128917245954426,0.8024638593512537,0.7223705736011932,0.7217900624616709,-0.033909513035207915,5000,15.4,"{""params"": {""alpha"": 0.1, ""gamma"": 0.03976353643835253}, ""tuning"": ""5-fold CV"", ""tuning_mae_D"": 0.48622929938488896, ""n_candidates"": 88, ""grid_edge"": [], ""n_inputs"": 8, ""n_qubits"": 8, ""fit_seconds"": 15.38, ""offdiag_mean"": 0.5474137082087664, ""offdiag_sd"": 0.20213529696382834, ""alignment"": 0.30978364031855743, ""effective_df"": 100.4948464957274, ""kernel_participation_ratio"": 2.9310047997430937}",0.48622929938488896,pls8,8
2,1000,qkrr,dev_unseen,0.766509440301327,1.09131457416716,1.0036363559150863,0.5542420633015916,-0.11850439038608251,4183,15.4,"{""params"": {""alpha"": 0.1, ""gamma"": 0.03976353643835253}, ""tuning"": ""5-fold CV"", ""tuning_mae_D"": 0.48622929938488896, ""n_candidates"": 88, ""grid_edge"": [], ""n_inputs"": 8, ""n_qubits"": 8, ""fit_seconds"": 15.38, ""offdiag_mean"": 0.5474137082087664, ""offdiag_sd"": 0.20213529696382834, ""alignment"": 0.30978364031855743, ""effective_df"": 100.4948464957274, ""kernel_participation_ratio"": 2.9310047997430937}",0.48622929938488896,pls8,8
2,1000,pqk,dev,0.5138399111904488,0.807610524862119,0.7281590274455013,0.7182099756416971,-0.032203553914618314,5000,20.5,"{""params"": {""alpha"": 0.1, ""gamma"": 0.022360679774997894, ""gamma_p"": 3.952847075210474}, ""tuning"": ""5-fold CV"", ""tuning_mae_D"": 0.4829341493379297, ""n_candidates"": 336, ""grid_edge"": [""embedding""], ""n_inputs"": 8, ""n_qubits"": 8, ""fit_seconds"": 20.5, ""offdiag_mean"": 0.5198373553139898, ""offdiag_sd"": 0.21703093509176066, ""alignment"": 0.3431845178016056, ""effective_df"": 100.39713046221473, ""kernel_participation_ratio"": 3.1444961763581425}",0.4829341493379297,pls8,8
2,1000,pqk,dev_unseen,0.7727338893687221,1.0957648562882465,1.0077899834577255,0.5505991295468269,-0.10856960151703075,4183,20.5,"{""params"": {""alpha"": 0.1, ""gamma"": 0.022360679774997894, ""gamma_p"": 3.952847075210474}, ""tuning"": ""5-fold CV"", ""tuning_mae_D"": 0.4829341493379297, ""n_candidates"": 336, ""grid_edge"": [""embedding""], ""n_inputs"": 8, ""n_qubits"": 8, ""fit_seconds"": 20.5, ""offdiag_mean"": 0.5198373553139898, ""offdiag_sd"": 0.21703093509176066, ""alignment"": 0.3431845178016056, ""effective_df"": 100.39713046221473, ""kernel_participation_ratio"": 3.1444961763581425}",0.4829341493379297,pls8,8
0,100,rbf_krr,dev,0.7082989060143056,1.091917936713988,0.9356629439597459,0.484887991231737,-0.15939311324208966,5000,14.0,"{""params"": {""regressor__model__alpha"": 0.1, ""regressor__model__gamma"": 0.002635231383473649}, ""tuning"": ""5-fold CV"", ""tuning_mae_D"": 0.7078856087313454}",0.7078856087313454,pls12,12
0,100,rbf_krr,dev_unseen,0.9088572356216942,1.278467200377202,1.1636070547661301,0.388243834140367,-0.2184943782636096,4183,14.0,"{""params"": {""regressor__model__alpha"": 0.1, ""regressor__model__gamma"": 0.002635231383473649}, ""tuning"": ""5-fold CV"", ""tuning_mae_D"": 0.7078856087313454}",0.7078856087313454,pls12,12
0,100,qkrr,dev,0.6996804674471576,1.0891610687463076,0.9319362401909984,0.4874858111306615,-0.16136002087732937,5000,10.9,"{""params"": {""alpha"": 1.0, ""gamma"": 0.0324667915475099}, ""tuning"": ""5-fold CV"", ""tuning_mae_D"": 0.6879304144948486, ""n_candidates"": 88, ""grid_edge"": [], ""n_inputs"": 12, ""n_qubits"": 12, ""fit_seconds"": 10.87, ""offdiag_mean"": 0.4884208028898244, ""offdiag_sd"": 0.1817035980097846, ""alignment"": 0.3209921375196171, ""effective_df"": 18.40229230666643, ""kernel_participation_ratio"": 3.5860884055044324}",0.6879304144948486,pls12,12
0,100,qkrr,dev_unseen,0.9416626140206554,1.3219306220351754,1.2036529708344395,0.3459416412574303,-0.3009979357562565,4183,10.9,"{""params"": {""alpha"": 1.0, ""gamma"": 0.0324667915475099}, ""tuning"": ""5-fold CV"", ""tuning_mae_D"": 0.6879304144948486, ""n_candidates"": 88, ""grid_edge"": [], ""n_inputs"": 12, ""n_qubits"": 12, ""fit_seconds"": 10.87, ""offdiag_mean"": 0.4884208028898244, ""offdiag_sd"": 0.1817035980097846, ""alignment"": 0.3209921375196171, ""effective_df"": 18.40229230666643, ""kernel_participation_ratio"": 3.5860884055044324}",0.6879304144948486,pls12,12
0,100,pqk,dev,0.7268907368411612,1.1191608220609508,0.9667743442943607,0.45886369525677084,-0.17512315004977883,5000,16.2,"{""params"": {""alpha"": 1.0, ""gamma"": 0.01825741858350554, ""gamma_p"": 8.333333333333334}, ""tuning"": ""5-fold CV"", ""tuning_mae_D"": 0.6971548602249993, ""n_candidates"": 336, ""grid_edge"": [""embedding"", ""kernel""], ""n_inputs"": 12, ""n_qubits"": 12, ""fit_seconds"": 16.15, ""offdiag_mean"": 0.2358302207472529, ""offdiag_sd"": 0.18127934808797486, ""alignment"": 0.2941859344580337, ""effective_df"": 28.344974127885376, ""kernel_participation_ratio"": 10.246603562103642}",0.6971548602249993,pls12,12
0,100,pqk,dev_unseen,0.9898868875986295,1.3716227428610996,1.2559588886450934,0.2958445753176132,-0.38938860071961595,4183,16.2,"{""params"": {""alpha"": 1.0, ""gamma"": 0.01825741858350554, ""gamma_p"": 8.333333333333334}, ""tuning"": ""5-fold CV"", ""tuning_mae_D"": 0.6971548602249993, ""n_candidates"": 336, ""grid_edge"": [""embedding"", ""kernel""], ""n_inputs"": 12, ""n_qubits"": 12, ""fit_seconds"": 16.15, ""offdiag_mean"": 0.2358302207472529, ""offdiag_sd"": 0.18127934808797486, ""alignment"": 0.2941859344580337, ""effective_df"": 28.344974127885376, ""kernel_participation_ratio"": 10.246603562103642}",0.6971548602249993,pls12,12
0,300,rbf_krr,dev,0.5814157318619256,0.8899749202463318,0.7918668101012662,0.6578022016839821,-0.05775431323912387,5000,11.5,"{""params"": {""regressor__model__alpha"": 0.1, ""regressor__model__gamma"": 0.008333333333333333}, ""tuning"": ""5-fold CV"", ""tuning_mae_D"": 0.49453844982996437}",0.49453844982996437,pls12,12
0,300,rbf_krr,dev_unseen,0.8153345598992594,1.1424797244433715,1.0650477817593762,0.5114644444640661,-0.1639371058611998,4183,11.5,"{""params"": {""regressor__model__alpha"": 0.1, ""regressor__model__gamma"": 0.008333333333333333}, ""tuning"": ""5-fold CV"", ""tuning_mae_D"": 0.49453844982996437}",0.49453844982996437,pls12,12
0,300,qkrr,dev,0.5866486020788166,0.8956225664039871,0.7946901158802597,0.6534453505669294,-0.0665074220608245,5000,17.2,"{""params"": {""alpha"": 0.1, ""gamma"": 0.01825741858350554}, ""tuning"": ""5-fold CV"", ""tuning_mae_D"": 0.50075755976754, ""n_candidates"": 88, ""grid_edge"": [""embedding""], ""n_inputs"": 12, ""n_qubits"": 12, ""fit_seconds"": 17.22, ""offdiag_mean"": 0.7884328021077622, ""offdiag_sd"": 0.12485235210736058, ""alignment"": 0.3294800617106335, ""effective_df"": 39.730188389483885, ""kernel_participation_ratio"": 1.5663579429860706}",0.50075755976754,pls12,12
0,300,qkrr,dev_unseen,0.8207253710373492,1.1464477558760502,1.06960959303928,0.5080650128319473,-0.14768172224980905,4183,17.2,"{""params"": {""alpha"": 0.1, ""gamma"": 0.01825741858350554}, ""tuning"": ""5-fold CV"", ""tuning_mae_D"": 0.50075755976754, ""n_candidates"": 88, ""grid_edge"": [""embedding""], ""n_inputs"": 12, ""n_qubits"": 12, ""fit_seconds"": 17.22, ""offdiag_mean"": 0.7884328021077622, ""offdiag_sd"": 0.12485235210736058, ""alignment"": 0.3294800617106335, ""effective_df"": 39.730188389483885, ""kernel_participation_ratio"": 1.5663579429860706}",0.50075755976754,pls12,12
0,300,pqk,dev,0.5965261685971023,0.915309330912549,0.8105238812360279,0.6380426050843495,-0.07220454663909767,5000,30.0,"{""params"": {""alpha"": 0.1, ""gamma"": 0.01825741858350554, ""gamma_p"": 2.6352313834736494}, ""tuning"": ""5-fold CV"", ""tuning_mae_D"": 0.4876577020955128, ""n_candidates"": 336, ""grid_edge"": [""embedding""], ""n_inputs"": 12, ""n_qubits"": 12, ""fit_seconds"": 29.98, ""offdiag_mean"": 0.6116213126230333, ""offdiag_sd"": 0.17766137613943464, ""alignment"": 0.3556381141623185, ""effective_df"": 64.42167115209166, ""kernel_participation_ratio"": 2.4532329130712056}",0.4876577020955128,pls12,12
0,300,pqk,dev_unseen,0.848045263980688,1.1869320425607306,1.1074271889264569,0.4727083636410583,-0.23374470298732972,4183,30.0,"{""params"": {""alpha"": 0.1, ""gamma"": 0.01825741858350554, ""gamma_p"": 2.6352313834736494}, ""tuning"": ""5-fold CV"", ""tuning_mae_D"": 0.4876577020955128, ""n_candidates"": 336, ""grid_edge"": [""embedding""], ""n_inputs"": 12, ""n_qubits"": 12, ""fit_seconds"": 29.98, ""offdiag_mean"": 0.6116213126230333, ""offdiag_sd"": 0.17766137613943464, ""alignment"": 0.3556381141623185, ""effective_df"": 64.42167115209166, ""kernel_participation_ratio"": 2.4532329130712056}",0.4876577020955128,pls12,12
0,1000,rbf_krr,dev,0.5008075401686536,0.7868576879457972,0.7167501194049655,0.7325059912376045,-0.014140468093857902,5000,19.5,"{""params"": {""regressor__model__alpha"": 0.1, ""regressor__model__gamma"": 0.008333333333333333}, ""tuning"": ""5-fold CV"", ""tuning_mae_D"": 0.4926514836254466}",0.4926514836254466,pls12,12
0,1000,rbf_krr,dev_unseen,0.755578562009382,1.072599663880146,1.0050599225944723,0.5693995420623544,-0.13873189686541265,4183,19.5,"{""params"": {""regressor__model__alpha"": 0.1, ""regressor__model__gamma"": 0.008333333333333333}, ""tuning"": ""5-fold CV"", ""tuning_mae_D"": 0.4926514836254466}",0.4926514836254466,pls12,12
0,1000,qkrr,dev,0.49936483305455015,0.78919607493277,0.7188817184337453,0.7309137491911822,-0.010974306050913691,5000,60.4,"{""params"": {""alpha"": 0.1, ""gamma"": 0.01825741858350554}, ""tuning"": ""5-fold CV"", ""tuning_mae_D"": 0.4943859931883251, ""n_candidates"": 88, ""grid_edge"": [""embedding""], ""n_inputs"": 12, ""n_qubits"": 12, ""fit_seconds"": 60.39, ""offdiag_mean"": 0.790038802923137, ""offdiag_sd"": 0.12161598426867153, ""alignment"": 0.2958202583770321, ""effective_df"": 67.04763243740629, ""kernel_participation_ratio"": 1.564179523108242}",0.4943859931883251,pls12,12
0,1000,qkrr,dev_unseen,0.7531478869703474,1.0739094030520964,0.9983521854353539,0.5683472974318602,-0.1570181372148109,4183,60.4,"{""params"": {""alpha"": 0.1, ""gamma"": 0.01825741858350554}, ""tuning"": ""5-fold CV"", ""tuning_mae_D"": 0.4943859931883251, ""n_candidates"": 88, ""grid_edge"": [""embedding""], ""n_inputs"": 12, ""n_qubits"": 12, ""fit_seconds"": 60.39, ""offdiag_mean"": 0.790038802923137, ""offdiag_sd"": 0.12161598426867153, ""alignment"": 0.2958202583770321, ""effective_df"": 67.04763243740629, ""kernel_participation_ratio"": 1.564179523108242}",0.4943859931883251,pls12,12
0,1000,pqk,dev,0.49995320231169244,0.7881018265879892,0.718385132815447,0.7316594271365375,-0.019527070505914238,5000,60.9,"{""params"": {""alpha"": 0.1, ""gamma"": 0.01825741858350554, ""gamma_p"": 2.6352313834736494}, ""tuning"": ""5-fold CV"", ""tuning_mae_D"": 0.49379977516553647, ""n_candidates"": 336, ""grid_edge"": [""embedding""], ""n_inputs"": 12, ""n_qubits"": 12, ""fit_seconds"": 60.91, ""offdiag_mean"": 0.6138491028225112, ""offdiag_sd"": 0.17225778627083418, ""alignment"": 0.32136566527562793, ""effective_df"": 112.91536843759927, ""kernel_participation_ratio"": 2.4565378122248243}",0.49379977516553647,pls12,12
0,1000,pqk,dev_unseen,0.7589543696621605,1.0769964753597248,1.0019217368970377,0.5658620628810178,-0.1954260654154837,4183,60.9,"{""params"": {""alpha"": 0.1, ""gamma"": 0.01825741858350554, ""gamma_p"": 2.6352313834736494}, ""tuning"": ""5-fold CV"", ""tuning_mae_D"": 0.49379977516553647, ""n_candidates"": 336, ""grid_edge"": [""embedding""], ""n_inputs"": 12, ""n_qubits"": 12, ""fit_seconds"": 60.91, ""offdiag_mean"": 0.6138491028225112, ""offdiag_sd"": 0.17225778627083418, ""alignment"": 0.32136566527562793, ""effective_df"": 112.91536843759927, ""kernel_participation_ratio"": 2.4565378122248243}",0.49379977516553647,pls12,12
1,100,rbf_krr,dev,0.787414354989086,1.1311123956548705,1.0127676702315016,0.44724434038622785,0.10166634930769271,5000,9.6,"{""params"": {""regressor__model__alpha"": 1.0, ""regressor__model__gamma"": 0.026352313834736494}, ""tuning"": ""5-fold CV"", ""tuning_mae_D"": 0.9634010477624954}",0.9634010477624954,pls12,12
1,100,rbf_krr,dev_unseen,0.9900468104350634,1.3543001458844195,1.2591978477610732,0.31351820463236735,0.31066570010292793,4183,9.6,"{""params"": {""regressor__model__alpha"": 1.0, ""regressor__model__gamma"": 0.026352313834736494}, ""tuning"": ""5-fold CV"", ""tuning_mae_D"": 0.9634010477624954}",0.9634010477624954,pls12,12
1,100,qkrr,dev,0.8257934501882673,1.1941752780407318,1.0852102157698735,0.38389061163581184,0.1338280101262132,5000,16.4,"{""params"": {""alpha"": 0.1, ""gamma"": 0.0324667915475099}, ""tuning"": ""5-fold CV"", ""tuning_mae_D"": 0.9947629064596479, ""n_candidates"": 88, ""grid_edge"": [], ""n_inputs"": 12, ""n_qubits"": 12, ""fit_seconds"": 16.41, ""offdiag_mean"": 0.4973167879624965, ""offdiag_sd"": 0.1919168698791478, ""alignment"": 0.2057786563155148, ""effective_df"": 44.87788988124626, ""kernel_participation_ratio"": 3.4327160490320776}",0.9947629064596479,pls12,12
1,100,qkrr,dev_unseen,1.0924038332556876,1.4947140237019836,1.4197779304731084,0.16378993108642315,0.4870769839597553,4183,16.4,"{""params"": {""alpha"": 0.1, ""gamma"": 0.0324667915475099}, ""tuning"": ""5-fold CV"", ""tuning_mae_D"": 0.9947629064596479, ""n_candidates"": 88, ""grid_edge"": [], ""n_inputs"": 12, ""n_qubits"": 12, ""fit_seconds"": 16.41, ""offdiag_mean"": 0.4973167879624965, ""offdiag_sd"": 0.1919168698791478, ""alignment"": 0.2057786563155148, ""effective_df"": 44.87788988124626, ""kernel_participation_ratio"": 3.4327160490320776}",0.9947629064596479,pls12,12
1,100,pqk,dev,0.7828228268531688,1.1437142058635963,1.030886624754911,0.4348591437196626,0.07485877318546122,5000,11.4,"{""params"": {""alpha"": 0.1, ""gamma"": 0.05773502691896259, ""gamma_p"": 0.26352313834736496}, ""tuning"": ""5-fold CV"", ""tuning_mae_D"": 0.978715836723289, ""n_candidates"": 336, ""grid_edge"": [], ""n_inputs"": 12, ""n_qubits"": 12, ""fit_seconds"": 11.36, ""offdiag_mean"": 0.7120874746335283, ""offdiag_sd"": 0.12814054659104135, ""alignment"": 0.26264673430359115, ""effective_df"": 30.531800265097015, ""kernel_participation_ratio"": 1.8930298594250674}",0.978715836723289,pls12,12
1,100,pqk,dev_unseen,1.0353399253510127,1.432347064104898,1.3494048947725688,0.23211585817246783,0.45995252282677207,4183,11.4,"{""params"": {""alpha"": 0.1, ""gamma"": 0.05773502691896259, ""gamma_p"": 0.26352313834736496}, ""tuning"": ""5-fold CV"", ""tuning_mae_D"": 0.978715836723289, ""n_candidates"": 336, ""grid_edge"": [], ""n_inputs"": 12, ""n_qubits"": 12, ""fit_seconds"": 11.36, ""offdiag_mean"": 0.7120874746335283, ""offdiag_sd"": 0.12814054659104135, ""alignment"": 0.26264673430359115, ""effective_df"": 30.531800265097015, ""kernel_participation_ratio"": 1.8930298594250674}",0.978715836723289,pls12,12
1,300,rbf_krr,dev,0.6081567980427782,0.9577965406949166,0.8418410112933957,0.6036597283120909,0.000997571596465741,5000,10.6,"{""params"": {""regressor__model__alpha"": 0.1, ""regressor__model__gamma"": 0.008333333333333333}, ""tuning"": ""5-fold CV"", ""tuning_mae_D"": 0.6653106461562063}",0.6653106461562063,pls12,12
1,300,rbf_krr,dev_unseen,0.8874274843187191,1.2406484840315533,1.1578953419720364,0.42390159516060166,0.22094093717860291,4183,10.6,"{""params"": {""regressor__model__alpha"": 0.1, ""regressor__model__gamma"": 0.008333333333333333}, ""tuning"": ""5-fold CV"", ""tuning_mae_D"": 0.6653106461562063}",0.6653106461562063,pls12,12
1,300,qkrr,dev,0.6201010549041635,0.9704078614532331,0.8500078948813348,0.5931537786351677,-0.027559449139043648,5000,24.4,"{""params"": {""alpha"": 0.1, ""gamma"": 0.0324667915475099}, ""tuning"": ""5-fold CV"", ""tuning_mae_D"": 0.6717282561529959, ""n_candidates"": 88, ""grid_edge"": [], ""n_inputs"": 12, ""n_qubits"": 12, ""fit_seconds"": 24.4, ""offdiag_mean"": 0.5327550232652009, ""offdiag_sd"": 0.1835037465717662, ""alignment"": 0.19768668182078047, ""effective_df"": 80.77512260826619, ""kernel_participation_ratio"": 3.1271838034563677}",0.6717282561529959,pls12,12
1,300,qkrr,dev_unseen,0.9091837812061032,1.2555067258444086,1.1707237366662495,0.4100200381050553,0.23903142162318639,4183,24.4,"{""params"": {""alpha"": 0.1, ""gamma"": 0.0324667915475099}, ""tuning"": ""5-fold CV"", ""tuning_mae_D"": 0.6717282561529959, ""n_candidates"": 88, ""grid_edge"": [], ""n_inputs"": 12, ""n_qubits"": 12, ""fit_seconds"": 24.4, ""offdiag_mean"": 0.5327550232652009, ""offdiag_sd"": 0.1835037465717662, ""alignment"": 0.19768668182078047, ""effective_df"": 80.77512260826619, ""kernel_participation_ratio"": 3.1271838034563677}",0.6717282561529959,pls12,12
1,300,pqk,dev,0.6007267186628272,0.9651182563263034,0.841371274825248,0.5975770538643373,-0.01367967476683005,5000,25.0,"{""params"": {""alpha"": 0.01, ""gamma"": 0.01825741858350554, ""gamma_p"": 0.08333333333333333}, ""tuning"": ""5-fold CV"", ""tuning_mae_D"": 0.6742902975880344, ""n_candidates"": 336, ""grid_edge"": [""embedding""], ""n_inputs"": 12, ""n_qubits"": 12, ""fit_seconds"": 25.01, ""offdiag_mean"": 0.9845803939977139, ""offdiag_sd"": 0.010311729386465436, ""alignment"": 0.2137408776476046, ""effective_df"": 16.04200775716421, ""kernel_participation_ratio"": 1.0313461847951686}",0.6742902975880344,pls12,12
1,300,pqk,dev_unseen,0.860711304010525,1.224749704918471,1.1334839802050791,0.43857226766892643,0.2796638866574364,4183,25.0,"{""params"": {""alpha"": 0.01, ""gamma"": 0.01825741858350554, ""gamma_p"": 0.08333333333333333}, ""tuning"": ""5-fold CV"", ""tuning_mae_D"": 0.6742902975880344, ""n_candidates"": 336, ""grid_edge"": [""embedding""], ""n_inputs"": 12, ""n_qubits"": 12, ""fit_seconds"": 25.01, ""offdiag_mean"": 0.9845803939977139, ""offdiag_sd"": 0.010311729386465436, ""alignment"": 0.2137408776476046, ""effective_df"": 16.04200775716421, ""kernel_participation_ratio"": 1.0313461847951686}",0.6742902975880344,pls12,12
1,1000,rbf_krr,dev,0.48572246669603736,0.7592192799032409,0.6860129150891946,0.7509674412712509,-0.020099255840032883,5000,13.2,"{""params"": {""regressor__model__alpha"": 0.1, ""regressor__model__gamma"": 0.026352313834736494}, ""tuning"": ""5-fold CV"", ""tuning_mae_D"": 0.5173971075195972}",0.5173971075195972,pls12,12
1,1000,rbf_krr,dev_unseen,0.7436756382367945,1.043449513036621,0.9704182130703893,0.5924864481964109,0.10625509821334395,4183,13.2,"{""params"": {""regressor__model__alpha"": 0.1, ""regressor__model__gamma"": 0.026352313834736494}, ""tuning"": ""5-fold CV"", ""tuning_mae_D"": 0.5173971075195972}",0.5173971075195972,pls12,12
1,1000,qkrr,dev,0.4954372905574699,0.7725115201673234,0.7042193049724509,0.7421710952981109,-0.012660882448915299,5000,82.8,"{""params"": {""alpha"": 0.01, ""gamma"": 0.01825741858350554}, ""tuning"": ""5-fold CV"", ""tuning_mae_D"": 0.5213519293075023, ""n_candidates"": 88, ""grid_edge"": [""embedding""], ""n_inputs"": 12, ""n_qubits"": 12, ""fit_seconds"": 82.76, ""offdiag_mean"": 0.7946443489213149, ""offdiag_sd"": 0.1380975627568877, ""alignment"": 0.18534759597918468, ""effective_df"": 132.13205018749596, ""kernel_participation_ratio"": 1.536381402055437}",0.5213519293075023,pls12,12
1,1000,qkrr,dev_unseen,0.7600154215108648,1.062585440328075,0.9969160495876893,0.5774025267770637,0.141244594594475,4183,82.8,"{""params"": {""alpha"": 0.01, ""gamma"": 0.01825741858350554}, ""tuning"": ""5-fold CV"", ""tuning_mae_D"": 0.5213519293075023, ""n_candidates"": 88, ""grid_edge"": [""embedding""], ""n_inputs"": 12, ""n_qubits"": 12, ""fit_seconds"": 82.76, ""offdiag_mean"": 0.7946443489213149, ""offdiag_sd"": 0.1380975627568877, ""alignment"": 0.18534759597918468, ""effective_df"": 132.13205018749596, ""kernel_participation_ratio"": 1.536381402055437}",0.5213519293075023,pls12,12
1,1000,pqk,dev,0.49753052699329436,0.7688351381184145,0.708774087264846,0.7446192713000774,-0.011151538288784714,5000,52.1,"{""params"": {""alpha"": 0.01, ""gamma"": 0.01825741858350554, ""gamma_p"": 0.8333333333333334}, ""tuning"": ""5-fold CV"", ""tuning_mae_D"": 0.5227097180953665, ""n_candidates"": 336, ""grid_edge"": [""embedding""], ""n_inputs"": 12, ""n_qubits"": 12, ""fit_seconds"": 52.12, ""offdiag_mean"": 0.8478386599495839, ""offdiag_sd"": 0.10097164774468505, ""alignment"": 0.20795073157862884, ""effective_df"": 97.77866835802524, ""kernel_participation_ratio"": 1.3711841566088512}",0.5227097180953665,pls12,12
1,1000,pqk,dev_unseen,0.7569722320572155,1.0577179339215999,0.9894989817230849,0.5812653400105507,0.15558281464238533,4183,52.1,"{""params"": {""alpha"": 0.01, ""gamma"": 0.01825741858350554, ""gamma_p"": 0.8333333333333334}, ""tuning"": ""5-fold CV"", ""tuning_mae_D"": 0.5227097180953665, ""n_candidates"": 336, ""grid_edge"": [""embedding""], ""n_inputs"": 12, ""n_qubits"": 12, ""fit_seconds"": 52.12, ""offdiag_mean"": 0.8478386599495839, ""offdiag_sd"": 0.10097164774468505, ""alignment"": 0.20795073157862884, ""effective_df"": 97.77866835802524, ""kernel_participation_ratio"": 1.3711841566088512}",0.5227097180953665,pls12,12
2,100,rbf_krr,dev,0.7368866545428356,1.1258260771519752,0.9836900039145463,0.4523989374286649,-0.22314956147377152,5000,8.0,"{""params"": {""regressor__model__alpha"": 1.0, ""regressor__model__gamma"": 0.026352313834736494}, ""tuning"": ""5-fold CV"", ""tuning_mae_D"": 0.6692591361426007}",0.6692591361426007,pls12,12
2,100,rbf_krr,dev_unseen,0.980087709427602,1.3722985937588794,1.2486901307381668,0.2951504758263641,-0.25382783181521834,4183,8.0,"{""params"": {""regressor__model__alpha"": 1.0, ""regressor__model__gamma"": 0.026352313834736494}, ""tuning"": ""5-fold CV"", ""tuning_mae_D"": 0.6692591361426007}",0.6692591361426007,pls12,12
2,100,qkrr,dev,0.7402496770065683,1.129011900498748,0.9902867658398126,0.44929538771850785,-0.2148217887799321,5000,26.6,"{""params"": {""alpha"": 1.0, ""gamma"": 0.0324667915475099}, ""tuning"": ""5-fold CV"", ""tuning_mae_D"": 0.68928234527945, ""n_candidates"": 88, ""grid_edge"": [], ""n_inputs"": 12, ""n_qubits"": 12, ""fit_seconds"": 26.57, ""offdiag_mean"": 0.490178895187157, ""offdiag_sd"": 0.1886166131823664, ""alignment"": 0.2107359636088763, ""effective_df"": 18.017409974436994, ""kernel_participation_ratio"": 3.532407325558806}",0.68928234527945,pls12,12
2,100,qkrr,dev_unseen,1.001173441184442,1.3940634941960814,1.2735350538383816,0.27261509595451106,-0.24902631379980478,4183,26.6,"{""params"": {""alpha"": 1.0, ""gamma"": 0.0324667915475099}, ""tuning"": ""5-fold CV"", ""tuning_mae_D"": 0.68928234527945, ""n_candidates"": 88, ""grid_edge"": [], ""n_inputs"": 12, ""n_qubits"": 12, ""fit_seconds"": 26.57, ""offdiag_mean"": 0.490178895187157, ""offdiag_sd"": 0.1886166131823664, ""alignment"": 0.2107359636088763, ""effective_df"": 18.017409974436994, ""kernel_participation_ratio"": 3.532407325558806}",0.68928234527945,pls12,12
2,100,pqk,dev,0.7544099756970188,1.1494215713596372,1.0094601739040603,0.4292047358793484,-0.2560427358281305,5000,19.4,"{""params"": {""alpha"": 1.0, ""gamma"": 0.05773502691896259, ""gamma_p"": 0.8333333333333334}, ""tuning"": ""5-fold CV"", ""tuning_mae_D"": 0.6744044177865368, ""n_candidates"": 336, ""grid_edge"": [], ""n_inputs"": 12, ""n_qubits"": 12, ""fit_seconds"": 19.37, ""offdiag_mean"": 0.35943139365512217, ""offdiag_sd"": 0.17025371176440943, ""alignment"": 0.27268428330996664, ""effective_df"": 22.698246713884654, ""kernel_participation_ratio"": 6.002563794040744}",0.6744044177865368,pls12,12
2,100,pqk,dev_unseen,1.0234912373770073,1.428794511598493,1.3074837518307458,0.23592019558283217,-0.3803895366262356,4183,19.4,"{""params"": {""alpha"": 1.0, ""gamma"": 0.05773502691896259, ""gamma_p"": 0.8333333333333334}, ""tuning"": ""5-fold CV"", ""tuning_mae_D"": 0.6744044177865368, ""n_candidates"": 336, ""grid_edge"": [], ""n_inputs"": 12, ""n_qubits"": 12, ""fit_seconds"": 19.37, ""offdiag_mean"": 0.35943139365512217, ""offdiag_sd"": 0.17025371176440943, ""alignment"": 0.27268428330996664, ""effective_df"": 22.698246713884654, ""kernel_participation_ratio"": 6.002563794040744}",0.6744044177865368,pls12,12
2,300,rbf_krr,dev,0.5840171283857577,0.9189626458179943,0.7908425786700441,0.6351474454543109,-0.0960388680749042,5000,10.5,"{""params"": {""regressor__model__alpha"": 1.0, ""regressor__model__gamma"": 0.026352313834736494}, ""tuning"": ""5-fold CV"", ""tuning_mae_D"": 0.6308158944679119}",0.6308158944679119,pls12,12
2,300,rbf_krr,dev_unseen,0.8519105249239408,1.2223619634307552,1.10823518175009,0.44075922478775986,-0.3048340612697679,4183,10.5,"{""params"": {""regressor__model__alpha"": 1.0, ""regressor__model__gamma"": 0.026352313834736494}, ""tuning"": ""5-fold CV"", ""tuning_mae_D"": 0.6308158944679119}",0.6308158944679119,pls12,12
2,300,qkrr,dev,0.5887410417319805,0.9283823776044818,0.7964319412042451,0.6276293432316815,-0.09049735832470672,5000,51.9,"{""params"": {""alpha"": 1.0, ""gamma"": 0.0324667915475099}, ""tuning"": ""5-fold CV"", ""tuning_mae_D"": 0.6484538817928974, ""n_candidates"": 88, ""grid_edge"": [], ""n_inputs"": 12, ""n_qubits"": 12, ""fit_seconds"": 51.92, ""offdiag_mean"": 0.5065362296543159, ""offdiag_sd"": 0.19915175093319964, ""alignment"": 0.2559777624629049, ""effective_df"": 34.20397104442086, ""kernel_participation_ratio"": 3.349116185366845}",0.6484538817928974,pls12,12
2,300,qkrr,dev_unseen,0.8564233027492648,1.2282556506915252,1.1172368770641978,0.4353534019088302,-0.2341039577115363,4183,51.9,"{""params"": {""alpha"": 1.0, ""gamma"": 0.0324667915475099}, ""tuning"": ""5-fold CV"", ""tuning_mae_D"": 0.6484538817928974, ""n_candidates"": 88, ""grid_edge"": [], ""n_inputs"": 12, ""n_qubits"": 12, ""fit_seconds"": 51.92, ""offdiag_mean"": 0.5065362296543159, ""offdiag_sd"": 0.19915175093319964, ""alignment"": 0.2559777624629049, ""effective_df"": 34.20397104442086, ""kernel_participation_ratio"": 3.349116185366845}",0.6484538817928974,pls12,12
2,300,pqk,dev,0.5963808081238177,0.9470381470545388,0.8215536532169212,0.6125134608095961,-0.061077685238309434,5000,29.6,"{""params"": {""alpha"": 0.1, ""gamma"": 0.01825741858350554, ""gamma_p"": 8.333333333333334}, ""tuning"": ""5-fold CV"", ""tuning_mae_D"": 0.6502111293478892, ""n_candidates"": 336, ""grid_edge"": [""embedding"", ""kernel""], ""n_inputs"": 12, ""n_qubits"": 12, ""fit_seconds"": 29.64, ""offdiag_mean"": 0.27085817219921077, ""offdiag_sd"": 0.19929568070628556, ""alignment"": 0.2510716130626633, ""effective_df"": 137.44309476777798, ""kernel_participation_ratio"": 8.617769414850642}",0.6502111293478892,pls12,12
2,300,pqk,dev_unseen,0.9043492757485483,1.2927298919320414,1.1805245962924102,0.3745180857706889,-0.22394671174887032,4183,29.6,"{""params"": {""alpha"": 0.1, ""gamma"": 0.01825741858350554, ""gamma_p"": 8.333333333333334}, ""tuning"": ""5-fold CV"", ""tuning_mae_D"": 0.6502111293478892, ""n_candidates"": 336, ""grid_edge"": [""embedding"", ""kernel""], ""n_inputs"": 12, ""n_qubits"": 12, ""fit_seconds"": 29.64, ""offdiag_mean"": 0.27085817219921077, ""offdiag_sd"": 0.19929568070628556, ""alignment"": 0.2510716130626633, ""effective_df"": 137.44309476777798, ""kernel_participation_ratio"": 8.617769414850642}",0.6502111293478892,pls12,12
2,1000,rbf_krr,dev,0.4940874565674686,0.7750612584384217,0.7041611164526628,0.7404663152297861,-0.028031415947538108,5000,14.2,"{""params"": {""regressor__model__alpha"": 0.01, ""regressor__model__gamma"": 0.002635231383473649}, ""tuning"": ""5-fold CV"", ""tuning_mae_D"": 0.4787558766675234}",0.4787558766675234,pls12,12
2,1000,rbf_krr,dev_unseen,0.7467811198934499,1.0664703532202178,0.9944681688385217,0.5743067652239013,-0.13775358748528688,4183,14.2,"{""params"": {""regressor__model__alpha"": 0.01, ""regressor__model__gamma"": 0.002635231383473649}, ""tuning"": ""5-fold CV"", ""tuning_mae_D"": 0.4787558766675234}",0.4787558766675234,pls12,12
2,1000,qkrr,dev,0.49633877784119307,0.7735713999940748,0.70047299698849,0.7414631314470568,-0.0343795356522756,5000,69.9,"{""params"": {""alpha"": 0.1, ""gamma"": 0.01825741858350554}, ""tuning"": ""5-fold CV"", ""tuning_mae_D"": 0.4810779583821974, ""n_candidates"": 88, ""grid_edge"": [""embedding""], ""n_inputs"": 12, ""n_qubits"": 12, ""fit_seconds"": 69.92, ""offdiag_mean"": 0.7926356919802178, ""offdiag_sd"": 0.1254030857908676, ""alignment"": 0.30112859408358206, ""effective_df"": 67.35705483919155, ""kernel_participation_ratio"": 1.551943686675127}",0.4810779583821974,pls12,12
2,1000,qkrr,dev_unseen,0.7454865032119015,1.0675912119055693,0.9930154536605001,0.5734114891465458,-0.14453931249037308,4183,69.9,"{""params"": {""alpha"": 0.1, ""gamma"": 0.01825741858350554}, ""tuning"": ""5-fold CV"", ""tuning_mae_D"": 0.4810779583821974, ""n_candidates"": 88, ""grid_edge"": [""embedding""], ""n_inputs"": 12, ""n_qubits"": 12, ""fit_seconds"": 69.92, ""offdiag_mean"": 0.7926356919802178, ""offdiag_sd"": 0.1254030857908676, ""alignment"": 0.30112859408358206, ""effective_df"": 67.35705483919155, ""kernel_participation_ratio"": 1.551943686675127}",0.4810779583821974,pls12,12
2,1000,pqk,dev,0.4991626807241617,0.7813344964717174,0.709070552092132,0.7362480539271694,-0.03065258529942026,5000,63.5,"{""params"": {""alpha"": 0.001, ""gamma"": 0.01825741858350554, ""gamma_p"": 0.08333333333333333}, ""tuning"": ""5-fold CV"", ""tuning_mae_D"": 0.4799603983970153, ""n_candidates"": 336, ""grid_edge"": [""embedding""], ""n_inputs"": 12, ""n_qubits"": 12, ""fit_seconds"": 63.54, ""offdiag_mean"": 0.9828224184022651, ""offdiag_sd"": 0.013480097167938661, ""alignment"": 0.37509500821505115, ""effective_df"": 51.01140130434865, ""kernel_participation_ratio"": 1.0350300780489925}",0.4799603983970153,pls12,12
2,1000,pqk,dev_unseen,0.7471027961641209,1.0633838474500492,0.9881120364652713,0.576767224279163,-0.13611135766208124,4183,63.5,"{""params"": {""alpha"": 0.001, ""gamma"": 0.01825741858350554, ""gamma_p"": 0.08333333333333333}, ""tuning"": ""5-fold CV"", ""tuning_mae_D"": 0.4799603983970153, ""n_candidates"": 336, ""grid_edge"": [""embedding""], ""n_inputs"": 12, ""n_qubits"": 12, ""fit_seconds"": 63.54, ""offdiag_mean"": 0.9828224184022651, ""offdiag_sd"": 0.013480097167938661, ""alignment"": 0.37509500821505115, ""effective_df"": 51.01140130434865, ""kernel_participation_ratio"": 1.0350300780489925}",0.4799603983970153,pls12,12
0,100,rbf_krr,dev,0.7719720810587469,1.1632974697609502,1.0182885713005247,0.4153401895989969,-0.09490703318908178,5000,8.4,"{""params"": {""regressor__model__alpha"": 0.0001, ""regressor__model__gamma"": 0.00625}, ""tuning"": ""5-fold CV"", ""tuning_mae_D"": 0.7412336383805719}",0.7412336383805719,pls16,16
0,100,rbf_krr,dev_unseen,1.0372782225823203,1.4230433052446638,1.316943510248184,0.24205898800548276,-0.06422550123286547,4183,8.4,"{""params"": {""regressor__model__alpha"": 0.0001, ""regressor__model__gamma"": 0.00625}, ""tuning"": ""5-fold CV"", ""tuning_mae_D"": 0.7412336383805719}",0.7412336383805719,pls16,16
0,100,qkrr,dev,0.6993624750589079,1.0914043496871753,0.934808743500376,0.4853724463708369,-0.20459383242640228,5000,143.2,"{""params"": {""alpha"": 1.0, ""gamma"": 0.028117066259517456}, ""tuning"": ""5-fold CV"", ""tuning_mae_D"": 0.7399596419158346, ""n_candidates"": 88, ""grid_edge"": [], ""n_inputs"": 16, ""n_qubits"": 16, ""fit_seconds"": 143.23, ""offdiag_mean"": 0.46743431120480194, ""offdiag_sd"": 0.16071427347439673, ""alignment"": 0.2763759230987872, ""effective_df"": 21.148830835154754, ""kernel_participation_ratio"": 3.97013389187513}",0.7399596419158346,pls16,16
0,100,qkrr,dev_unseen,0.9500862469121907,1.3344187650942256,1.2108615672300964,0.33352562603801283,-0.34986167995484735,4183,143.2,"{""params"": {""alpha"": 1.0, ""gamma"": 0.028117066259517456}, ""tuning"": ""5-fold CV"", ""tuning_mae_D"": 0.7399596419158346, ""n_candidates"": 88, ""grid_edge"": [], ""n_inputs"": 16, ""n_qubits"": 16, ""fit_seconds"": 143.23, ""offdiag_mean"": 0.46743431120480194, ""offdiag_sd"": 0.16071427347439673, ""alignment"": 0.2763759230987872, ""effective_df"": 21.148830835154754, ""kernel_participation_ratio"": 3.97013389187513}",0.7399596419158346,pls16,16
0,100,pqk,dev,0.719172666882654,1.1076084453632549,0.9562961270705453,0.4699776400479503,-0.168429371113067,5000,228.9,"{""params"": {""alpha"": 0.1, ""gamma"": 0.015811388300841896, ""gamma_p"": 6.25}, ""tuning"": ""5-fold CV"", ""tuning_mae_D"": 0.7253707230790113, ""n_candidates"": 336, ""grid_edge"": [""embedding"", ""kernel""], ""n_inputs"": 16, ""n_qubits"": 16, ""fit_seconds"": 228.94, ""offdiag_mean"": 0.3039728750142554, ""offdiag_sd"": 0.17304290986845292, ""alignment"": 0.28292188305107574, ""effective_df"": 65.68520728754186, ""kernel_participation_ratio"": 7.626606016990363}",0.7253707230790113,pls16,16
0,100,pqk,dev_unseen,1.006074953299058,1.3831750385008235,1.2693154520832208,0.2839333293367,-0.2729706424436244,4183,228.9,"{""params"": {""alpha"": 0.1, ""gamma"": 0.015811388300841896, ""gamma_p"": 6.25}, ""tuning"": ""5-fold CV"", ""tuning_mae_D"": 0.7253707230790113, ""n_candidates"": 336, ""grid_edge"": [""embedding"", ""kernel""], ""n_inputs"": 16, ""n_qubits"": 16, ""fit_seconds"": 228.94, ""offdiag_mean"": 0.3039728750142554, ""offdiag_sd"": 0.17304290986845292, ""alignment"": 0.28292188305107574, ""effective_df"": 65.68520728754186, ""kernel_participation_ratio"": 7.626606016990363}",0.7253707230790113,pls16,16
0,300,rbf_krr,dev,0.5882766973109362,0.8904683914015773,0.7943291145025605,0.6574226144509641,-0.05596395660792145,5000,8.7,"{""params"": {""regressor__model__alpha"": 0.1, ""regressor__model__gamma"": 0.00625}, ""tuning"": ""5-fold CV"", ""tuning_mae_D"": 0.47790982290315154}",0.47790982290315154,pls16,16
0,300,rbf_krr,dev_unseen,0.8402275563596733,1.1766244494659546,1.1001529043859595,0.48182684316359325,-0.20379823304564293,4183,8.7,"{""params"": {""regressor__model__alpha"": 0.1, ""regressor__model__gamma"": 0.00625}, ""tuning"": ""5-fold CV"", ""tuning_mae_D"": 0.47790982290315154}",0.47790982290315154,pls16,16
0,300,qkrr,dev,0.5914772738957373,0.8980070298022541,0.797033281226796,0.6515975925455451,-0.060212684841636915,5000,267.3,"{""params"": {""alpha"": 0.1, ""gamma"": 0.015811388300841896}, ""tuning"": ""5-fold CV"", ""tuning_mae_D"": 0.47837462667212094, ""n_candidates"": 88, ""grid_edge"": [""embedding""], ""n_inputs"": 16, ""n_qubits"": 16, ""fit_seconds"": 267.32, ""offdiag_mean"": 0.782075479624289, ""offdiag_sd"": 0.11677173983846974, ""alignment"": 0.2929793758949346, ""effective_df"": 49.645507982482336, ""kernel_participation_ratio"": 1.5961009949356213}",0.47837462667212094,pls16,16
0,300,qkrr,dev_unseen,0.8346009751715608,1.1674436748843893,1.0909810169002494,0.4898815312570166,-0.16675673365586327,4183,267.3,"{""params"": {""alpha"": 0.1, ""gamma"": 0.015811388300841896}, ""tuning"": ""5-fold CV"", ""tuning_mae_D"": 0.47837462667212094, ""n_candidates"": 88, ""grid_edge"": [""embedding""], ""n_inputs"": 16, ""n_qubits"": 16, ""fit_seconds"": 267.32, ""offdiag_mean"": 0.782075479624289, ""offdiag_sd"": 0.11677173983846974, ""alignment"": 0.2929793758949346, ""effective_df"": 49.645507982482336, ""kernel_participation_ratio"": 1.5961009949356213}",0.47837462667212094,pls16,16
0,300,pqk,dev,0.5955002902696767,0.9046055200957789,0.803543815701537,0.6464587105277955,-0.06498907575549187,5000,344.9,"{""params"": {""alpha"": 0.1, ""gamma"": 0.015811388300841896, ""gamma_p"": 1.976423537605237}, ""tuning"": ""5-fold CV"", ""tuning_mae_D"": 0.4638467950359609, ""n_candidates"": 336, ""grid_edge"": [""embedding""], ""n_inputs"": 16, ""n_qubits"": 16, ""fit_seconds"": 344.91, ""offdiag_mean"": 0.6757799835902124, ""offdiag_sd"": 0.1485900974709769, ""alignment"": 0.3305732230086215, ""effective_df"": 65.61829503668531, ""kernel_participation_ratio"": 2.0811867715280545}",0.4638467950359609,pls16,16
0,300,pqk,dev_unseen,0.8439902571993887,1.1806895868667375,1.101893134133293,0.47824016964989235,-0.23401983804288076,4183,344.9,"{""params"": {""alpha"": 0.1, ""gamma"": 0.015811388300841896, ""gamma_p"": 1.976423537605237}, ""tuning"": ""5-fold CV"", ""tuning_mae_D"": 0.4638467950359609, ""n_candidates"": 336, ""grid_edge"": [""embedding""], ""n_inputs"": 16, ""n_qubits"": 16, ""fit_seconds"": 344.91, ""offdiag_mean"": 0.6757799835902124, ""offdiag_sd"": 0.1485900974709769, ""alignment"": 0.3305732230086215, ""effective_df"": 65.61829503668531, ""kernel_participation_ratio"": 2.0811867715280545}",0.4638467950359609,pls16,16
0,100,rbf_krr,dev,0.6806270850800956,1.0565021512574397,0.8983587850774372,0.5177608714266088,-0.16861243740075144,5000,14.8,"{""params"": {""regressor__model__alpha"": 0.1, ""regressor__model__gamma"": 0.003162277660168379}, ""tuning"": ""5-fold CV"", ""tuning_mae_D"": 0.7068518613104026}",0.7068518613104026,pls10,10
0,100,rbf_krr,dev_unseen,0.8765730424639407,1.2519391623162155,1.129446027490589,0.41336816923783803,-0.2817494359127437,4183,14.8,"{""params"": {""regressor__model__alpha"": 0.1, ""regressor__model__gamma"": 0.003162277660168379}, ""tuning"": ""5-fold CV"", ""tuning_mae_D"": 0.7068518613104026}",0.7068518613104026,pls10,10
0,100,qkrr,dev,0.6908219684715283,1.0668562406402307,0.9135424812331013,0.5082623307450356,-0.16089027223581592,5000,11.7,"{""params"": {""alpha"": 1.0, ""gamma"": 0.03556558820077846}, ""tuning"": ""5-fold CV"", ""tuning_mae_D"": 0.6987324534118641, ""n_candidates"": 88, ""grid_edge"": [], ""n_inputs"": 10, ""n_qubits"": 10, ""fit_seconds"": 11.68, ""offdiag_mean"": 0.5047251432999211, ""offdiag_sd"": 0.1980062231424005, ""alignment"": 0.3413207880958816, ""effective_df"": 16.474756081405122, ""kernel_participation_ratio"": 3.3221002566527815}",0.6987324534118641,pls10,10
0,100,qkrr,dev_unseen,0.9289096929546897,1.3110246974292776,1.1886035952823815,0.3566890843600711,-0.36525547168827915,4183,11.7,"{""params"": {""alpha"": 1.0, ""gamma"": 0.03556558820077846}, ""tuning"": ""5-fold CV"", ""tuning_mae_D"": 0.6987324534118641, ""n_candidates"": 88, ""grid_edge"": [], ""n_inputs"": 10, ""n_qubits"": 10, ""fit_seconds"": 11.68, ""offdiag_mean"": 0.5047251432999211, ""offdiag_sd"": 0.1980062231424005, ""alignment"": 0.3413207880958816, ""effective_df"": 16.474756081405122, ""kernel_participation_ratio"": 3.3221002566527815}",0.6987324534118641,pls10,10
0,100,pqk,dev,0.6810535427122478,1.0564736081302366,0.903380659094464,0.5177869280263725,-0.16530799843013547,5000,8.8,"{""params"": {""alpha"": 1.0, ""gamma"": 0.02, ""gamma_p"": 3.162277660168379}, ""tuning"": ""5-fold CV"", ""tuning_mae_D"": 0.7112219027850282, ""n_candidates"": 336, ""grid_edge"": [""embedding""], ""n_inputs"": 10, ""n_qubits"": 10, ""fit_seconds"": 8.76, ""offdiag_mean"": 0.5466659992998448, ""offdiag_sd"": 0.1902480875339018, ""alignment"": 0.3884431887783647, ""effective_df"": 14.15735523712981, ""kernel_participation_ratio"": 2.9266493655446952}",0.7112219027850282,pls10,10
0,100,pqk,dev_unseen,0.9522804825424473,1.3201320663239524,1.2000503760669947,0.3477201917003796,-0.41436150240975655,4183,8.8,"{""params"": {""alpha"": 1.0, ""gamma"": 0.02, ""gamma_p"": 3.162277660168379}, ""tuning"": ""5-fold CV"", ""tuning_mae_D"": 0.7112219027850282, ""n_candidates"": 336, ""grid_edge"": [""embedding""], ""n_inputs"": 10, ""n_qubits"": 10, ""fit_seconds"": 8.76, ""offdiag_mean"": 0.5466659992998448, ""offdiag_sd"": 0.1902480875339018, ""alignment"": 0.3884431887783647, ""effective_df"": 14.15735523712981, ""kernel_participation_ratio"": 2.9266493655446952}",0.7112219027850282,pls10,10
0,300,rbf_krr,dev,0.5722946282831538,0.8702937027091305,0.7778946695557566,0.6727698159994803,-0.03789797136172185,5000,14.1,"{""params"": {""regressor__model__alpha"": 0.1, ""regressor__model__gamma"": 0.01}, ""tuning"": ""5-fold CV"", ""tuning_mae_D"": 0.4929680485231399}",0.4929680485231399,pls10,10
0,300,rbf_krr,dev_unseen,0.8054848575713986,1.1325915798218584,1.0573821295997459,0.5198843844616949,-0.13254407833807336,4183,14.1,"{""params"": {""regressor__model__alpha"": 0.1, ""regressor__model__gamma"": 0.01}, ""tuning"": ""5-fold CV"", ""tuning_mae_D"": 0.4929680485231399}",0.4929680485231399,pls10,10
0,300,qkrr,dev,0.5728994331579205,0.8755229632463527,0.7767792347778681,0.6688256009150699,-0.04243883539773302,5000,11.7,"{""params"": {""alpha"": 0.1, ""gamma"": 0.02}, ""tuning"": ""5-fold CV"", ""tuning_mae_D"": 0.5059880915504305, ""n_candidates"": 88, ""grid_edge"": [""embedding""], ""n_inputs"": 10, ""n_qubits"": 10, ""fit_seconds"": 11.75, ""offdiag_mean"": 0.7945052885277963, ""offdiag_sd"": 0.1284369407524467, ""alignment"": 0.35838148434080014, ""effective_df"": 33.586034470607686, ""kernel_participation_ratio"": 1.5410483210466643}",0.5059880915504305,pls10,10
0,300,qkrr,dev_unseen,0.8125921409657124,1.139435131324343,1.0645771783825497,0.5140647709018351,-0.1096516075796268,4183,11.7,"{""params"": {""alpha"": 0.1, ""gamma"": 0.02}, ""tuning"": ""5-fold CV"", ""tuning_mae_D"": 0.5059880915504305, ""n_candidates"": 88, ""grid_edge"": [""embedding""], ""n_inputs"": 10, ""n_qubits"": 10, ""fit_seconds"": 11.75, ""offdiag_mean"": 0.7945052885277963, ""offdiag_sd"": 0.1284369407524467, ""alignment"": 0.35838148434080014, ""effective_df"": 33.586034470607686, ""kernel_participation_ratio"": 1.5410483210466643}",0.5059880915504305,pls10,10
0,300,pqk,dev,0.578954745550123,0.8775653524681165,0.7845816350542696,0.6672786947170843,-0.03807254406529203,5000,11.9,"{""params"": {""alpha"": 0.1, ""gamma"": 0.02, ""gamma_p"": 1.0}, ""tuning"": ""5-fold CV"", ""tuning_mae_D"": 0.5025781540169996, ""n_candidates"": 336, ""grid_edge"": [""embedding""], ""n_inputs"": 10, ""n_qubits"": 10, ""fit_seconds"": 11.9, ""offdiag_mean"": 0.8224668265262715, ""offdiag_sd"": 0.10598211612837329, ""alignment"": 0.4069980370953688, ""effective_df"": 28.117592050074645, ""kernel_participation_ratio"": 1.4519584481690402}",0.5025781540169996,pls10,10
0,300,pqk,dev_unseen,0.8166405427044933,1.1444826616697212,1.0668598060937855,0.5097499916591822,-0.20383450176249487,4183,11.9,"{""params"": {""alpha"": 0.1, ""gamma"": 0.02, ""gamma_p"": 1.0}, ""tuning"": ""5-fold CV"", ""tuning_mae_D"": 0.5025781540169996, ""n_candidates"": 336, ""grid_edge"": [""embedding""], ""n_inputs"": 10, ""n_qubits"": 10, ""fit_seconds"": 11.9, ""offdiag_mean"": 0.8224668265262715, ""offdiag_sd"": 0.10598211612837329, ""alignment"": 0.4069980370953688, ""effective_df"": 28.117592050074645, ""kernel_participation_ratio"": 1.4519584481690402}",0.5025781540169996,pls10,10
0,1000,rbf_krr,dev,0.5031972141639652,0.781301756097319,0.7137204538763862,0.7362701575372821,-0.011643032386981085,5000,22.6,"{""params"": {""regressor__model__alpha"": 0.1, ""regressor__model__gamma"": 0.01}, ""tuning"": ""5-fold CV"", ""tuning_mae_D"": 0.49401332989431673}",0.49401332989431673,pls10,10
0,1000,rbf_krr,dev_unseen,0.7416709203459898,1.0482497091763903,0.9847754961415,0.5887284428592467,-0.12445753663051165,4183,22.6,"{""params"": {""regressor__model__alpha"": 0.1, ""regressor__model__gamma"": 0.01}, ""tuning"": ""5-fold CV"", ""tuning_mae_D"": 0.49401332989431673}",0.49401332989431673,pls10,10
0,1000,qkrr,dev,0.5028652953122701,0.7843160187605223,0.7167747308662878,0.7342312923437695,-0.00918957847595297,5000,22.6,"{""params"": {""alpha"": 0.1, ""gamma"": 0.02}, ""tuning"": ""5-fold CV"", ""tuning_mae_D"": 0.4910173737199428, ""n_candidates"": 88, ""grid_edge"": [""embedding""], ""n_inputs"": 10, ""n_qubits"": 10, ""fit_seconds"": 22.62, ""offdiag_mean"": 0.797148408591378, ""offdiag_sd"": 0.12803618773283834, ""alignment"": 0.33138701729836345, ""effective_df"": 55.90023577278806, ""kernel_participation_ratio"": 1.5333025372299491}",0.4910173737199428,pls10,10
0,1000,qkrr,dev_unseen,0.7410039313974802,1.0489233861183667,0.980229228691381,0.5881996505444018,-0.13248870408339,4183,22.6,"{""params"": {""alpha"": 0.1, ""gamma"": 0.02}, ""tuning"": ""5-fold CV"", ""tuning_mae_D"": 0.4910173737199428, ""n_candidates"": 88, ""grid_edge"": [""embedding""], ""n_inputs"": 10, ""n_qubits"": 10, ""fit_seconds"": 22.62, ""offdiag_mean"": 0.797148408591378, ""offdiag_sd"": 0.12803618773283834, ""alignment"": 0.33138701729836345, ""effective_df"": 55.90023577278806, ""kernel_participation_ratio"": 1.5333025372299491}",0.4910173737199428,pls10,10
0,1000,pqk,dev,0.5061865266575255,0.78854085446669,0.7190672151200728,0.7313603749013434,-0.02146151765168808,5000,24.8,"{""params"": {""alpha"": 0.1, ""gamma"": 0.02, ""gamma_p"": 3.162277660168379}, ""tuning"": ""5-fold CV"", ""tuning_mae_D"": 0.4946653313916083, ""n_candidates"": 336, ""grid_edge"": [""embedding""], ""n_inputs"": 10, ""n_qubits"": 10, ""fit_seconds"": 24.81, ""offdiag_mean"": 0.5748404506546866, ""offdiag_sd"": 0.1947505038709343, ""alignment"": 0.34529013822569693, ""effective_df"": 109.850589646948, ""kernel_participation_ratio"": 2.7100202468986034}",0.4946653313916083,pls10,10
0,1000,pqk,dev_unseen,0.7544802636337217,1.063389688608199,0.9931195229387965,0.5767625746385407,-0.1684070410329457,4183,24.8,"{""params"": {""alpha"": 0.1, ""gamma"": 0.02, ""gamma_p"": 3.162277660168379}, ""tuning"": ""5-fold CV"", ""tuning_mae_D"": 0.4946653313916083, ""n_candidates"": 336, ""grid_edge"": [""embedding""], ""n_inputs"": 10, ""n_qubits"": 10, ""fit_seconds"": 24.81, ""offdiag_mean"": 0.5748404506546866, ""offdiag_sd"": 0.1947505038709343, ""alignment"": 0.34529013822569693, ""effective_df"": 109.850589646948, ""kernel_participation_ratio"": 2.7100202468986034}",0.4946653313916083,pls10,10
1,100,rbf_krr,dev,0.8152849259462182,1.1689538113348361,1.065954092284491,0.40964074361004243,0.09594427698970269,5000,9.4,"{""params"": {""regressor__model__alpha"": 0.1, ""regressor__model__gamma"": 0.03162277660168379}, ""tuning"": ""5-fold CV"", ""tuning_mae_D"": 0.8862437806218878}",0.8862437806218878,pls10,10
1,100,rbf_krr,dev_unseen,1.0650930078112195,1.4626612640135146,1.3896631396487962,0.19926890419728438,0.45568363231606507,4183,9.4,"{""params"": {""regressor__model__alpha"": 0.1, ""regressor__model__gamma"": 0.03162277660168379}, ""tuning"": ""5-fold CV"", ""tuning_mae_D"": 0.8862437806218878}",0.8862437806218878,pls10,10
1,100,qkrr,dev,0.8101113982311609,1.1633231922847538,1.0590603230554243,0.4153143336291365,0.06363354052913034,5000,9.0,"{""params"": {""alpha"": 0.1, ""gamma"": 0.03556558820077846}, ""tuning"": ""5-fold CV"", ""tuning_mae_D"": 0.9087924438889499, ""n_candidates"": 88, ""grid_edge"": [], ""n_inputs"": 10, ""n_qubits"": 10, ""fit_seconds"": 8.95, ""offdiag_mean"": 0.5018864029779608, ""offdiag_sd"": 0.19589946532906724, ""alignment"": 0.21503786054362825, ""effective_df"": 41.140076121989395, ""kernel_participation_ratio"": 3.362883026954838}",0.9087924438889499,pls10,10
1,100,qkrr,dev_unseen,1.076922770364219,1.4689250090113595,1.3986787177388813,0.19239606911812768,0.46185723214946284,4183,9.0,"{""params"": {""alpha"": 0.1, ""gamma"": 0.03556558820077846}, ""tuning"": ""5-fold CV"", ""tuning_mae_D"": 0.9087924438889499, ""n_candidates"": 88, ""grid_edge"": [], ""n_inputs"": 10, ""n_qubits"": 10, ""fit_seconds"": 8.95, ""offdiag_mean"": 0.5018864029779608, ""offdiag_sd"": 0.19589946532906724, ""alignment"": 0.21503786054362825, ""effective_df"": 41.140076121989395, ""kernel_participation_ratio"": 3.362883026954838}",0.9087924438889499,pls10,10
1,100,pqk,dev,0.7869478818126078,1.144229044438251,1.0370448937471917,0.43435023721510024,0.04697769697890926,5000,9.1,"{""params"": {""alpha"": 0.1, ""gamma"": 0.02, ""gamma_p"": 3.162277660168379}, ""tuning"": ""5-fold CV"", ""tuning_mae_D"": 0.9190388731917369, ""n_candidates"": 336, ""grid_edge"": [""embedding""], ""n_inputs"": 10, ""n_qubits"": 10, ""fit_seconds"": 9.07, ""offdiag_mean"": 0.5511600926306421, ""offdiag_sd"": 0.18981936383585948, ""alignment"": 0.2418397899937122, ""effective_df"": 35.091690179971906, ""kernel_participation_ratio"": 2.886746440156997}",0.9190388731917369,pls10,10
1,100,pqk,dev_unseen,1.046421106678047,1.4315651438230825,1.3571779414691378,0.2329540074079679,0.44573617647957875,4183,9.1,"{""params"": {""alpha"": 0.1, ""gamma"": 0.02, ""gamma_p"": 3.162277660168379}, ""tuning"": ""5-fold CV"", ""tuning_mae_D"": 0.9190388731917369, ""n_candidates"": 336, ""grid_edge"": [""embedding""], ""n_inputs"": 10, ""n_qubits"": 10, ""fit_seconds"": 9.07, ""offdiag_mean"": 0.5511600926306421, ""offdiag_sd"": 0.18981936383585948, ""alignment"": 0.2418397899937122, ""effective_df"": 35.091690179971906, ""kernel_participation_ratio"": 2.886746440156997}",0.9190388731917369,pls10,10
1,300,rbf_krr,dev,0.5959348799454974,0.9415078084131046,0.8195867050442335,0.617025791888436,0.0009620395042932927,5000,10.0,"{""params"": {""regressor__model__alpha"": 0.1, ""regressor__model__gamma"": 0.01}, ""tuning"": ""5-fold CV"", ""tuning_mae_D"": 0.6611131305338965}",0.6611131305338965,pls10,10
1,300,rbf_krr,dev_unseen,0.8713604437108585,1.2071912578966972,1.1197058541934088,0.4545545317998593,0.22851633909535846,4183,10.0,"{""params"": {""regressor__model__alpha"": 0.1, ""regressor__model__gamma"": 0.01}, ""tuning"": ""5-fold CV"", ""tuning_mae_D"": 0.6611131305338965}",0.6611131305338965,pls10,10
1,300,qkrr,dev,0.5979503502250069,0.9455568386479262,0.8214673015107254,0.6137246858678409,-0.007606679740371538,5000,11.4,"{""params"": {""alpha"": 0.1, ""gamma"": 0.02}, ""tuning"": ""5-fold CV"", ""tuning_mae_D"": 0.6703860165137164, ""n_candidates"": 88, ""grid_edge"": [""embedding""], ""n_inputs"": 10, ""n_qubits"": 10, ""fit_seconds"": 11.44, ""offdiag_mean"": 0.8092009287342995, ""offdiag_sd"": 0.1275109922763465, ""alignment"": 0.22846552062372613, ""effective_df"": 30.44995534952132, ""kernel_participation_ratio"": 1.4877373718108036}",0.6703860165137164,pls10,10
1,300,qkrr,dev_unseen,0.873515727850591,1.2104241047053501,1.1215536691613441,0.4516292244208323,0.28305162112505966,4183,11.4,"{""params"": {""alpha"": 0.1, ""gamma"": 0.02}, ""tuning"": ""5-fold CV"", ""tuning_mae_D"": 0.6703860165137164, ""n_candidates"": 88, ""grid_edge"": [""embedding""], ""n_inputs"": 10, ""n_qubits"": 10, ""fit_seconds"": 11.44, ""offdiag_mean"": 0.8092009287342995, ""offdiag_sd"": 0.1275109922763465, ""alignment"": 0.22846552062372613, ""effective_df"": 30.44995534952132, ""kernel_participation_ratio"": 1.4877373718108036}",0.6703860165137164,pls10,10
1,300,pqk,dev,0.5956104357736092,0.9561364978091378,0.8304313679581238,0.605032403304093,-0.006177702312545756,5000,11.3,"{""params"": {""alpha"": 0.01, ""gamma"": 0.02, ""gamma_p"": 0.1}, ""tuning"": ""5-fold CV"", ""tuning_mae_D"": 0.6619970471379042, ""n_candidates"": 336, ""grid_edge"": [""embedding""], ""n_inputs"": 10, ""n_qubits"": 10, ""fit_seconds"": 11.26, ""offdiag_mean"": 0.9821993954345729, ""offdiag_sd"": 0.012021822547133739, ""alignment"": 0.2399071514053529, ""effective_df"": 15.67159135165441, ""kernel_participation_ratio"": 1.0362937970732322}",0.6619970471379042,pls10,10
1,300,pqk,dev_unseen,0.855446930991689,1.2078411278625953,1.1156420689042268,0.45396711197480166,0.29563677904849034,4183,11.3,"{""params"": {""alpha"": 0.01, ""gamma"": 0.02, ""gamma_p"": 0.1}, ""tuning"": ""5-fold CV"", ""tuning_mae_D"": 0.6619970471379042, ""n_candidates"": 336, ""grid_edge"": [""embedding""], ""n_inputs"": 10, ""n_qubits"": 10, ""fit_seconds"": 11.26, ""offdiag_mean"": 0.9821993954345729, ""offdiag_sd"": 0.012021822547133739, ""alignment"": 0.2399071514053529, ""effective_df"": 15.67159135165441, ""kernel_participation_ratio"": 1.0362937970732322}",0.6619970471379042,pls10,10
1,1000,rbf_krr,dev,0.49080921941639283,0.7639980196740559,0.7025139694314199,0.7478226131139272,-0.0059506844691748694,5000,15.2,"{""params"": {""regressor__model__alpha"": 0.01, ""regressor__model__gamma"": 0.01}, ""tuning"": ""5-fold CV"", ""tuning_mae_D"": 0.5222513562705576}",0.5222513562705576,pls10,10
1,1000,rbf_krr,dev_unseen,0.7385122008669929,1.0300082989542216,0.9673901584563229,0.6029176146565947,0.13732555955014325,4183,15.2,"{""params"": {""regressor__model__alpha"": 0.01, ""regressor__model__gamma"": 0.01}, ""tuning"": ""5-fold CV"", ""tuning_mae_D"": 0.5222513562705576}",0.5222513562705576,pls10,10
1,1000,qkrr,dev,0.49436617521270426,0.7732967242752069,0.7031998694005375,0.741646698710837,0.0011027701019906161,5000,21.7,"{""params"": {""alpha"": 0.01, ""gamma"": 0.02}, ""tuning"": ""5-fold CV"", ""tuning_mae_D"": 0.5235386850551466, ""n_candidates"": 88, ""grid_edge"": [""embedding""], ""n_inputs"": 10, ""n_qubits"": 10, ""fit_seconds"": 21.68, ""offdiag_mean"": 0.8013338418258972, ""offdiag_sd"": 0.14406493311927224, ""alignment"": 0.19553980365932636, ""effective_df"": 102.80963960867625, ""kernel_participation_ratio"": 1.507777704576085}",0.5235386850551466,pls10,10
1,1000,qkrr,dev_unseen,0.7345722207366535,1.0342967978641393,0.9653512432793954,0.5996041803604076,0.12503139165689453,4183,21.7,"{""params"": {""alpha"": 0.01, ""gamma"": 0.02}, ""tuning"": ""5-fold CV"", ""tuning_mae_D"": 0.5235386850551466, ""n_candidates"": 88, ""grid_edge"": [""embedding""], ""n_inputs"": 10, ""n_qubits"": 10, ""fit_seconds"": 21.68, ""offdiag_mean"": 0.8013338418258972, ""offdiag_sd"": 0.14406493311927224, ""alignment"": 0.19553980365932636, ""effective_df"": 102.80963960867625, ""kernel_participation_ratio"": 1.507777704576085}",0.5235386850551466,pls10,10
1,1000,pqk,dev,0.4997669557788017,0.7714391521690245,0.7085689688257876,0.7428864129473374,-0.0021010345653410725,5000,24.3,"{""params"": {""alpha"": 1e-05, ""gamma"": 0.02, ""gamma_p"": 0.01}, ""tuning"": ""5-fold CV"", ""tuning_mae_D"": 0.5290406329872451, ""n_candidates"": 336, ""grid_edge"": [""embedding"", ""kernel""], ""n_inputs"": 10, ""n_qubits"": 10, ""fit_seconds"": 24.32, ""offdiag_mean"": 0.9979205014000064, ""offdiag_sd"": 0.0018306875319114887, ""alignment"": 0.2112048049998828, ""effective_df"": 49.63885399916564, ""kernel_participation_ratio"": 1.004164440791784}",0.5290406329872451,pls10,10
1,1000,pqk,dev_unseen,0.7441237304887757,1.035740073547442,0.9724901519692227,0.5984859621771106,0.1559633914887833,4183,24.3,"{""params"": {""alpha"": 1e-05, ""gamma"": 0.02, ""gamma_p"": 0.01}, ""tuning"": ""5-fold CV"", ""tuning_mae_D"": 0.5290406329872451, ""n_candidates"": 336, ""grid_edge"": [""embedding"", ""kernel""], ""n_inputs"": 10, ""n_qubits"": 10, ""fit_seconds"": 24.32, ""offdiag_mean"": 0.9979205014000064, ""offdiag_sd"": 0.0018306875319114887, ""alignment"": 0.2112048049998828, ""effective_df"": 49.63885399916564, ""kernel_participation_ratio"": 1.004164440791784}",0.5290406329872451,pls10,10
2,100,rbf_krr,dev,0.7185061692505035,1.1063909426678218,0.9624437409865388,0.4711422194442454,-0.22004191172981705,5000,9.4,"{""params"": {""regressor__model__alpha"": 1.0, ""regressor__model__gamma"": 0.03162277660168379}, ""tuning"": ""5-fold CV"", ""tuning_mae_D"": 0.6724415319695336}",0.6724415319695336,pls10,10
2,100,rbf_krr,dev_unseen,0.9861503363459831,1.3869445790166088,1.2632092000579995,0.2800250453543929,-0.31846356463041525,4183,9.4,"{""params"": {""regressor__model__alpha"": 1.0, ""regressor__model__gamma"": 0.03162277660168379}, ""tuning"": ""5-fold CV"", ""tuning_mae_D"": 0.6724415319695336}",0.6724415319695336,pls10,10
2,100,qkrr,dev,0.7346714439570589,1.122899338964187,0.9837647607548535,0.45524236373600535,-0.1988179563673893,5000,9.0,"{""params"": {""alpha"": 1.0, ""gamma"": 0.03556558820077846}, ""tuning"": ""5-fold CV"", ""tuning_mae_D"": 0.6651395104236216, ""n_candidates"": 88, ""grid_edge"": [], ""n_inputs"": 10, ""n_qubits"": 10, ""fit_seconds"": 8.97, ""offdiag_mean"": 0.5076092672918068, ""offdiag_sd"": 0.20334485975881023, ""alignment"": 0.2471896968775941, ""effective_df"": 16.31954844768331, ""kernel_participation_ratio"": 3.267694743515207}",0.6651395104236216,pls10,10
2,100,qkrr,dev_unseen,1.002960848435779,1.399084658397399,1.2794553062540621,0.26736584216968995,-0.24761608278437572,4183,9.0,"{""params"": {""alpha"": 1.0, ""gamma"": 0.03556558820077846}, ""tuning"": ""5-fold CV"", ""tuning_mae_D"": 0.6651395104236216, ""n_candidates"": 88, ""grid_edge"": [], ""n_inputs"": 10, ""n_qubits"": 10, ""fit_seconds"": 8.97, ""offdiag_mean"": 0.5076092672918068, ""offdiag_sd"": 0.20334485975881023, ""alignment"": 0.2471896968775941, ""effective_df"": 16.31954844768331, ""kernel_participation_ratio"": 3.267694743515207}",0.6651395104236216,pls10,10
2,100,pqk,dev,0.7236556481311723,1.1106738403767256,0.9700043813251199,0.46703982174531944,-0.19974351731510037,5000,8.8,"{""params"": {""alpha"": 1.0, ""gamma"": 0.02, ""gamma_p"": 3.162277660168379}, ""tuning"": ""5-fold CV"", ""tuning_mae_D"": 0.6929538173099293, ""n_candidates"": 336, ""grid_edge"": [""embedding""], ""n_inputs"": 10, ""n_qubits"": 10, ""fit_seconds"": 8.8, ""offdiag_mean"": 0.5474965983700036, ""offdiag_sd"": 0.19140785960453255, ""alignment"": 0.287355543023253, ""effective_df"": 13.908615130324783, ""kernel_participation_ratio"": 2.9152343233237596}",0.6929538173099293,pls10,10
2,100,pqk,dev_unseen,0.9768614887540106,1.3768206061914892,1.2556550594525386,0.2904975674856636,-0.25916599340571445,4183,8.8,"{""params"": {""alpha"": 1.0, ""gamma"": 0.02, ""gamma_p"": 3.162277660168379}, ""tuning"": ""5-fold CV"", ""tuning_mae_D"": 0.6929538173099293, ""n_candidates"": 336, ""grid_edge"": [""embedding""], ""n_inputs"": 10, ""n_qubits"": 10, ""fit_seconds"": 8.8, ""offdiag_mean"": 0.5474965983700036, ""offdiag_sd"": 0.19140785960453255, ""alignment"": 0.287355543023253, ""effective_df"": 13.908615130324783, ""kernel_participation_ratio"": 2.9152343233237596}",0.6929538173099293,pls10,10
2,300,rbf_krr,dev,0.5769995140025193,0.9159047438032946,0.7911840372185496,0.6375715420502379,-0.08447612367039475,5000,10.8,"{""params"": {""regressor__model__alpha"": 1.0, ""regressor__model__gamma"": 0.03162277660168379}, ""tuning"": ""5-fold CV"", ""tuning_mae_D"": 0.6173578086732202}",0.6173578086732202,pls10,10
2,300,rbf_krr,dev_unseen,0.8329383523930451,1.1935478218165747,1.0848059982055052,0.46681389457941613,-0.2506372265838885,4183,10.8,"{""params"": {""regressor__model__alpha"": 1.0, ""regressor__model__gamma"": 0.03162277660168379}, ""tuning"": ""5-fold CV"", ""tuning_mae_D"": 0.6173578086732202}",0.6173578086732202,pls10,10
2,300,qkrr,dev,0.5720759380215013,0.8901840389600576,0.791719346751417,0.6576413693524852,-0.04478526920030804,5000,12.0,"{""params"": {""alpha"": 0.1, ""gamma"": 0.02}, ""tuning"": ""5-fold CV"", ""tuning_mae_D"": 0.6302969363995917, ""n_candidates"": 88, ""grid_edge"": [""embedding""], ""n_inputs"": 10, ""n_qubits"": 10, ""fit_seconds"": 11.95, ""offdiag_mean"": 0.7917161467496164, ""offdiag_sd"": 0.12390212894840973, ""alignment"": 0.3042909936372766, ""effective_df"": 33.34355769395665, ""kernel_participation_ratio"": 1.5543421954404901}",0.6302969363995917,pls10,10
2,300,qkrr,dev_unseen,0.815343198978951,1.171664934688403,1.0714351572562488,0.4861858743657965,-0.1612815537631069,4183,12.0,"{""params"": {""alpha"": 0.1, ""gamma"": 0.02}, ""tuning"": ""5-fold CV"", ""tuning_mae_D"": 0.6302969363995917, ""n_candidates"": 88, ""grid_edge"": [""embedding""], ""n_inputs"": 10, ""n_qubits"": 10, ""fit_seconds"": 11.95, ""offdiag_mean"": 0.7917161467496164, ""offdiag_sd"": 0.12390212894840973, ""alignment"": 0.3042909936372766, ""effective_df"": 33.34355769395665, ""kernel_participation_ratio"": 1.5543421954404901}",0.6302969363995917,pls10,10
2,300,pqk,dev,0.5619611876720768,0.887919754314966,0.7809185444380815,0.6593808107603543,-0.056581708105789004,5000,11.9,"{""params"": {""alpha"": 0.1, ""gamma"": 0.02, ""gamma_p"": 3.162277660168379}, ""tuning"": ""5-fold CV"", ""tuning_mae_D"": 0.6312669604307544, ""n_candidates"": 336, ""grid_edge"": [""embedding""], ""n_inputs"": 10, ""n_qubits"": 10, ""fit_seconds"": 11.89, ""offdiag_mean"": 0.5645492511582896, ""offdiag_sd"": 0.19856696016913744, ""alignment"": 0.32180517353825727, ""effective_df"": 61.6702183826336, ""kernel_participation_ratio"": 2.775586511295575}",0.6312669604307544,pls10,10
2,300,pqk,dev_unseen,0.8375426839113141,1.2029172721369712,1.0947647936486349,0.45840992649024526,-0.17019359345412013,4183,11.9,"{""params"": {""alpha"": 0.1, ""gamma"": 0.02, ""gamma_p"": 3.162277660168379}, ""tuning"": ""5-fold CV"", ""tuning_mae_D"": 0.6312669604307544, ""n_candidates"": 336, ""grid_edge"": [""embedding""], ""n_inputs"": 10, ""n_qubits"": 10, ""fit_seconds"": 11.89, ""offdiag_mean"": 0.5645492511582896, ""offdiag_sd"": 0.19856696016913744, ""alignment"": 0.32180517353825727, ""effective_df"": 61.6702183826336, ""kernel_participation_ratio"": 2.775586511295575}",0.6312669604307544,pls10,10
2,1000,rbf_krr,dev,0.49593397069530165,0.7786149387645542,0.7039909207428137,0.7380809189112396,-0.026706526143408058,5000,15.4,"{""params"": {""regressor__model__alpha"": 0.1, ""regressor__model__gamma"": 0.01}, ""tuning"": ""5-fold CV"", ""tuning_mae_D"": 0.47889689204029484}",0.47889689204029484,pls10,10
2,1000,rbf_krr,dev_unseen,0.7256105870657188,1.0414098398161669,0.9595297522869999,0.5940780577249551,-0.08526300008370608,4183,15.4,"{""params"": {""regressor__model__alpha"": 0.1, ""regressor__model__gamma"": 0.01}, ""tuning"": ""5-fold CV"", ""tuning_mae_D"": 0.47889689204029484}",0.47889689204029484,pls10,10
2,1000,qkrr,dev,0.49904884982775094,0.7803688832376262,0.70594856325826,0.7368995674493009,-0.028593737871333968,5000,21.9,"{""params"": {""alpha"": 0.1, ""gamma"": 0.02}, ""tuning"": ""5-fold CV"", ""tuning_mae_D"": 0.4783562600269845, ""n_candidates"": 88, ""grid_edge"": [""embedding""], ""n_inputs"": 10, ""n_qubits"": 10, ""fit_seconds"": 21.93, ""offdiag_mean"": 0.7975743813614018, ""offdiag_sd"": 0.1267559407754407, ""alignment"": 0.3253024006994992, ""effective_df"": 55.41398079063136, ""kernel_participation_ratio"": 1.5324736443923326}",0.4783562600269845,pls10,10
2,1000,qkrr,dev_unseen,0.7269292305165307,1.0412575472664272,0.9600147815598606,0.594196770579625,-0.04836414889438972,4183,21.9,"{""params"": {""alpha"": 0.1, ""gamma"": 0.02}, ""tuning"": ""5-fold CV"", ""tuning_mae_D"": 0.4783562600269845, ""n_candidates"": 88, ""grid_edge"": [""embedding""], ""n_inputs"": 10, ""n_qubits"": 10, ""fit_seconds"": 21.93, ""offdiag_mean"": 0.7975743813614018, ""offdiag_sd"": 0.1267559407754407, ""alignment"": 0.3253024006994992, ""effective_df"": 55.41398079063136, ""kernel_participation_ratio"": 1.5324736443923326}",0.4783562600269845,pls10,10
2,1000,pqk,dev,0.4991125528350448,0.781778625978478,0.707937150715284,0.7359481226816851,-0.027851610619935328,5000,24.1,"{""params"": {""alpha"": 0.01, ""gamma"": 0.02, ""gamma_p"": 0.31622776601683794}, ""tuning"": ""5-fold CV"", ""tuning_mae_D"": 0.4779173794459308, ""n_candidates"": 336, ""grid_edge"": [""embedding""], ""n_inputs"": 10, ""n_qubits"": 10, ""fit_seconds"": 24.14, ""offdiag_mean"": 0.9375209341348255, ""offdiag_sd"": 0.04691349731354215, ""alignment"": 0.39619404967513944, ""effective_df"": 45.74786993350504, ""kernel_participation_ratio"": 1.1347321599938376}",0.4779173794459308,pls10,10
2,1000,pqk,dev_unseen,0.7332981426264032,1.0462961844653187,0.9651759959517402,0.5902599109913447,-0.03213359929358044,4183,24.1,"{""params"": {""alpha"": 0.01, ""gamma"": 0.02, ""gamma_p"": 0.31622776601683794}, ""tuning"": ""5-fold CV"", ""tuning_mae_D"": 0.4779173794459308, ""n_candidates"": 336, ""grid_edge"": [""embedding""], ""n_inputs"": 10, ""n_qubits"": 10, ""fit_seconds"": 24.14, ""offdiag_mean"": 0.9375209341348255, ""offdiag_sd"": 0.04691349731354215, ""alignment"": 0.39619404967513944, ""effective_df"": 45.74786993350504, ""kernel_participation_ratio"": 1.1347321599938376}",0.4779173794459308,pls10,10
